zip_or_postal_code,ZCTA,CITY,STATE,COUNTY,LAT,LNG,POP,AVG_HOUSEHOLD_SIZE,POP_DENSITY,AREA_TYPE,MEDIAN_INCOME,age_group,population_growth_rate,ESTAB,EMP,RESTAURANT_COUNT,cluster_id,market_segment,restaurant category,price positioning,restaurant_source_file
38118,38118,Memphis,TN,Shelby,35.03655,-89.93021,39373.0,2.97,495.6,RURAL,41830,young,1.0263515767326097,1590.0,31577.0,54.0,8,Social Dining Market,Wings-focused restaurant,value-oriented trade area,MEM_compstore_restaurants.csv
38637,38637,Horn Lake,MS,DeSoto,34.95105,-90.05004,26652.0,2.66,649.4,RURAL,57111,millennial,-1.2852327863994963,351.0,8323.0,44.0,0,Social Dining Market,Seafood-focused restaurant,mid-market trade area,MEM_compstore_restaurants.csv
38109,38109,Memphis,TN,Shelby,35.0341,-90.13533,45204.0,2.7,274.5,RURAL,35018,millennial,2.5987879888331555,1590.0,31577.0,23.0,3,Family Value Market,Wings-focused restaurant,value-oriented trade area,MEM_compstore_restaurants.csv
38119,38119,Memphis,TN,Shelby,35.07986,-89.84593,22990.0,2.31,1027.6,SUBURBAN,92500,adult,-2.1327316844749054,1590.0,31577.0,63.0,4,Premium Dining Market,Asian cuisine restaurant,higher-income trade area,MEM_compstore_restaurants.csv
38017,38017,Collierville,TN,Shelby,35.06722,-89.65347,55570.0,2.83,267.7,RURAL,131354,adult,3.716008137516565,1590.0,31577.0,74.0,9,Premium Dining Market,Chicken-focused restaurant,higher-income trade area,MEM_compstore_restaurants.csv
38106,38106,Memphis,TN,Shelby,35.10067,-90.0375,23140.0,2.44,778.4,RURAL,29098,adult,-7.001044932079415,1590.0,31577.0,22.0,3,Family Value Market,General restaurant,value-oriented trade area,MEM_compstore_restaurants.csv
38671,38671,Southaven,MS,DeSoto,34.96376,-89.99567,37288.0,2.61,648.3,RURAL,58854,millennial,1.8102389078498295,351.0,8323.0,83.0,0,Social Dining Market,Mexican cuisine restaurant,mid-market trade area,MEM_compstore_restaurants.csv
38018,38018,Cordova,TN,Shelby,35.13781,-89.76647,38338.0,2.71,797.3,RURAL,82355,millennial,2.837982832618026,1590.0,31577.0,82.0,9,Premium Dining Market,Wings-focused restaurant,higher-income trade area,MEM_compstore_restaurants.csv
38017,38017,Collierville,TN,Shelby,35.06722,-89.65347,55570.0,2.83,267.7,RURAL,131354,adult,3.716008137516565,1590.0,31577.0,74.0,9,Premium Dining Market,Asian cuisine restaurant,higher-income trade area,MEM_compstore_restaurants.csv
38116,38116,Memphis,TN,Shelby,35.03213,-90.01001,40212.0,2.61,787.7,RURAL,42354,millennial,-0.5785491766800178,1590.0,31577.0,70.0,8,Social Dining Market,Beverage-led restaurant,value-oriented trade area,MEM_compstore_restaurants.csv
38134,38134,Memphis,TN,Shelby,35.17674,-89.85992,42789.0,2.67,913.5,RURAL,57630,millennial,-2.9683885890516577,1590.0,31577.0,90.0,0,Social Dining Market,General restaurant,mid-market trade area,MEM_compstore_restaurants.csv
38120,38120,Memphis,TN,Shelby,35.12344,-89.85237,13554.0,2.17,534.1,RURAL,112700,adult,-9.204180064308682,1590.0,31577.0,13.0,13,Social Dining Market,Beverage-led restaurant,higher-income trade area,MEM_compstore_restaurants.csv
38134,38134,Memphis,TN,Shelby,35.17674,-89.85992,42789.0,2.67,913.5,RURAL,57630,millennial,-2.9683885890516577,1590.0,31577.0,90.0,0,Social Dining Market,Health-oriented restaurant,mid-market trade area,MEM_compstore_restaurants.csv
38134,38134,Memphis,TN,Shelby,35.17674,-89.85992,42789.0,2.67,913.5,RURAL,57630,millennial,-2.9683885890516577,1590.0,31577.0,90.0,0,Social Dining Market,Fast-service restaurant,mid-market trade area,MEM_compstore_restaurants.csv
38018,38018,Cordova,TN,Shelby,35.13781,-89.76647,38338.0,2.71,797.3,RURAL,82355,millennial,2.837982832618026,1590.0,31577.0,82.0,9,Premium Dining Market,Health-oriented restaurant,higher-income trade area,MEM_compstore_restaurants.csv
38016,38016,Cordova,TN,Shelby,35.17956,-89.76046,46394.0,2.49,940.8,RURAL,72749,millennial,0.23549746138057684,1590.0,31577.0,83.0,4,Premium Dining Market,General restaurant,higher-income trade area,MEM_compstore_restaurants.csv
38018,38018,Cordova,TN,Shelby,35.13781,-89.76647,38338.0,2.71,797.3,RURAL,82355,millennial,2.837982832618026,1590.0,31577.0,82.0,9,Premium Dining Market,Fast-service restaurant,higher-income trade area,MEM_compstore_restaurants.csv
38118,38118,Memphis,TN,Shelby,35.03655,-89.93021,39373.0,2.97,495.6,RURAL,41830,young,1.0263515767326097,1590.0,31577.0,54.0,8,Social Dining Market,Wings-focused restaurant,value-oriented trade area,MEM_compstore_restaurants.csv
38672,38672,Southaven,MS,DeSoto,34.93727,-89.94943,15602.0,2.94,487.4,RURAL,103692,millennial,15.467732386027237,351.0,8323.0,37.0,4,Premium Dining Market,General restaurant,higher-income trade area,MEM_compstore_restaurants.csv
38668,38668,Senatobia,MS,Tate,34.60109,-89.92505,14076.0,2.51,35.6,RURAL,67077,millennial,-0.4526166902404526,44.0,560.0,16.0,5,Social Dining Market,Beverage-led restaurant,mid-market trade area,MEM_compstore_restaurants.csv
38122,38122,Memphis,TN,Shelby,35.1571,-89.92247,24014.0,2.67,1473.8,SUBURBAN,45065,millennial,-5.901253918495298,1590.0,31577.0,56.0,0,Social Dining Market,Mexican cuisine restaurant,value-oriented trade area,MEM_compstore_restaurants.csv
38654,38654,Olive Branch,MS,DeSoto,34.93635,-89.82409,56449.0,2.73,243.5,RURAL,96145,millennial,10.70602078838988,351.0,8323.0,98.0,9,Premium Dining Market,Beverage-led restaurant,higher-income trade area,MEM_compstore_restaurants.csv
38672,38672,Southaven,MS,DeSoto,34.93727,-89.94943,15602.0,2.94,487.4,RURAL,103692,millennial,15.467732386027237,351.0,8323.0,37.0,4,Premium Dining Market,Beverage-led restaurant,higher-income trade area,MEM_compstore_restaurants.csv
38654,38654,Olive Branch,MS,DeSoto,34.93635,-89.82409,56449.0,2.73,243.5,RURAL,96145,millennial,10.70602078838988,351.0,8323.0,98.0,9,Premium Dining Market,General restaurant,higher-income trade area,MEM_compstore_restaurants.csv
38115,38115,Memphis,TN,Shelby,35.05499,-89.86362,36574.0,2.25,1731.5,SUBURBAN,39176,young,-11.693266050172635,1590.0,31577.0,65.0,8,Social Dining Market,Mexican cuisine restaurant,value-oriented trade area,MEM_compstore_restaurants.csv
38138,38138,Germantown,TN,Shelby,35.08477,-89.7993,25465.0,2.52,819.5,RURAL,122627,adult,2.5326139474955713,1590.0,31577.0,82.0,4,Premium Dining Market,Asian cuisine restaurant,higher-income trade area,MEM_compstore_restaurants.csv
38117,38117,Memphis,TN,Shelby,35.11504,-89.90551,26430.0,2.29,1059.9,SUBURBAN,91680,adult,0.6627056672760512,1590.0,31577.0,84.0,4,Premium Dining Market,Beverage-led restaurant,higher-income trade area,MEM_compstore_restaurants.csv
38103,38103,Memphis,TN,Shelby,35.15308,-90.05518,13981.0,1.53,2115.1,SUBURBAN,89851,millennial,-0.40604074654509187,1590.0,31577.0,91.0,4,Premium Dining Market,Health-oriented restaurant,higher-income trade area,MEM_compstore_restaurants.csv
38104,38104,Memphis,TN,Shelby,35.13253,-90.00435,23408.0,1.76,1764.8,SUBURBAN,53351,millennial,-0.7883360176316013,1590.0,31577.0,112.0,0,Social Dining Market,Beverage-led restaurant,mid-market trade area,MEM_compstore_restaurants.csv
38117,38117,Memphis,TN,Shelby,35.11504,-89.90551,26430.0,2.29,1059.9,SUBURBAN,91680,adult,0.6627056672760512,1590.0,31577.0,84.0,4,Premium Dining Market,Seafood-focused restaurant,higher-income trade area,MEM_compstore_restaurants.csv
38671,38671,Southaven,MS,DeSoto,34.96376,-89.99567,37288.0,2.61,648.3,RURAL,58854,millennial,1.8102389078498295,351.0,8323.0,83.0,0,Social Dining Market,Wings-focused restaurant,mid-market trade area,MEM_compstore_restaurants.csv
38104,38104,Memphis,TN,Shelby,35.13253,-90.00435,23408.0,1.76,1764.8,SUBURBAN,53351,millennial,-0.7883360176316013,1590.0,31577.0,112.0,0,Social Dining Market,Asian cuisine restaurant,mid-market trade area,MEM_compstore_restaurants.csv
38104,38104,Memphis,TN,Shelby,35.13253,-90.00435,23408.0,1.76,1764.8,SUBURBAN,53351,millennial,-0.7883360176316013,1590.0,31577.0,112.0,0,Social Dining Market,Beverage-led restaurant,mid-market trade area,MEM_compstore_restaurants.csv
38111,38111,Memphis,TN,Shelby,35.11014,-89.94429,42322.0,2.35,1656.5,SUBURBAN,50151,millennial,-3.833306823604263,1590.0,31577.0,79.0,0,Social Dining Market,Asian cuisine restaurant,mid-market trade area,MEM_compstore_restaurants.csv
38002,38002,Arlington,TN,Shelby,35.28854,-89.70926,42797.0,2.86,145.7,RURAL,109364,adult,5.297214841058951,1590.0,31577.0,59.0,9,Premium Dining Market,Mexican cuisine restaurant,higher-income trade area,MEM_compstore_restaurants.csv
38016,38016,Cordova,TN,Shelby,35.17956,-89.76046,46394.0,2.49,940.8,RURAL,72749,millennial,0.23549746138057684,1590.0,31577.0,83.0,4,Premium Dining Market,Wings-focused restaurant,higher-income trade area,MEM_compstore_restaurants.csv
72301,72301,West Memphis,AR,Crittenden,35.13363,-90.17883,24404.0,2.47,313.2,RURAL,41022,millennial,-1.4895248859645582,66.0,1111.0,37.0,3,Family Value Market,Fast-service restaurant,value-oriented trade area,MEM_compstore_restaurants.csv
38016,38016,Cordova,TN,Shelby,35.17956,-89.76046,46394.0,2.49,940.8,RURAL,72749,millennial,0.23549746138057684,1590.0,31577.0,83.0,4,Premium Dining Market,General restaurant,higher-income trade area,MEM_compstore_restaurants.csv
38104,38104,Memphis,TN,Shelby,35.13253,-90.00435,23408.0,1.76,1764.8,SUBURBAN,53351,millennial,-0.7883360176316013,1590.0,31577.0,112.0,0,Social Dining Market,General restaurant,mid-market trade area,MEM_compstore_restaurants.csv
38122,38122,Memphis,TN,Shelby,35.1571,-89.92247,24014.0,2.67,1473.8,SUBURBAN,45065,millennial,-5.901253918495298,1590.0,31577.0,56.0,0,Social Dining Market,Health-oriented restaurant,value-oriented trade area,MEM_compstore_restaurants.csv
38134,38134,Memphis,TN,Shelby,35.17674,-89.85992,42789.0,2.67,913.5,RURAL,57630,millennial,-2.9683885890516577,1590.0,31577.0,90.0,0,Social Dining Market,Fast-service restaurant,mid-market trade area,MEM_compstore_restaurants.csv
38141,38141,Memphis,TN,Shelby,35.01599,-89.85472,23123.0,2.91,1184.3,SUBURBAN,67584,millennial,4.110760918505178,1590.0,31577.0,20.0,5,Social Dining Market,Wings-focused restaurant,mid-market trade area,MEM_compstore_restaurants.csv
38115,38115,Memphis,TN,Shelby,35.05499,-89.86362,36574.0,2.25,1731.5,SUBURBAN,39176,young,-11.693266050172635,1590.0,31577.0,65.0,8,Social Dining Market,Wings-focused restaurant,value-oriented trade area,MEM_compstore_restaurants.csv
72335,72335,Forrest City,AR,St. Francis,34.99042,-90.75645,16320.0,2.49,39.8,RURAL,40237,millennial,-16.406290016903142,26.0,369.0,13.0,3,Family Value Market,Health-oriented restaurant,value-oriented trade area,MEM_compstore_restaurants.csv
38112,38112,Memphis,TN,Shelby,35.14791,-89.97661,16334.0,2.25,1350.5,SUBURBAN,49560,millennial,-3.1427893738140416,1590.0,31577.0,28.0,0,Social Dining Market,General restaurant,mid-market trade area,MEM_compstore_restaurants.csv
38637,38637,Horn Lake,MS,DeSoto,34.95105,-90.05004,26652.0,2.66,649.4,RURAL,57111,millennial,-1.2852327863994963,351.0,8323.0,44.0,0,Social Dining Market,Fast-service restaurant,mid-market trade area,MEM_compstore_restaurants.csv
38139,38139,Germantown,TN,Shelby,35.08615,-89.75581,16627.0,2.85,730.4,RURAL,174396,adult,3.7890137328339577,1590.0,31577.0,17.0,13,Social Dining Market,Beverage-led restaurant,higher-income trade area,MEM_compstore_restaurants.csv
38127,38127,Memphis,TN,Shelby,35.23795,-90.01753,40565.0,2.89,404.3,RURAL,34781,millennial,-9.74122777740694,1590.0,31577.0,29.0,3,Family Value Market,Fast-service restaurant,value-oriented trade area,MEM_compstore_restaurants.csv
38117,38117,Memphis,TN,Shelby,35.11504,-89.90551,26430.0,2.29,1059.9,SUBURBAN,91680,adult,0.6627056672760512,1590.0,31577.0,84.0,4,Premium Dining Market,Chicken-focused restaurant,higher-income trade area,MEM_compstore_restaurants.csv
38119,38119,Memphis,TN,Shelby,35.07986,-89.84593,22990.0,2.31,1027.6,SUBURBAN,92500,adult,-2.1327316844749054,1590.0,31577.0,63.0,4,Premium Dining Market,Mexican cuisine restaurant,higher-income trade area,MEM_compstore_restaurants.csv
38019,38019,Covington,TN,Tipton,35.56114,-89.6304,15466.0,2.55,43.3,RURAL,57124,millennial,-2.262386248736097,70.0,1131.0,23.0,1,Premium Dining Market,Beverage-led restaurant,mid-market trade area,MEM_compstore_restaurants.csv
72301,72301,West Memphis,AR,Crittenden,35.13363,-90.17883,24404.0,2.47,313.2,RURAL,41022,millennial,-1.4895248859645582,66.0,1111.0,37.0,3,Family Value Market,Fast-service restaurant,value-oriented trade area,MEM_compstore_restaurants.csv
38125,38125,Memphis,TN,Shelby,35.02537,-89.78936,43305.0,2.8,875.1,RURAL,80116,millennial,16.983629585607,1590.0,31577.0,50.0,9,Premium Dining Market,Fast-service restaurant,higher-income trade area,MEM_compstore_restaurants.csv
38125,38125,Memphis,TN,Shelby,35.02537,-89.78936,43305.0,2.8,875.1,RURAL,80116,millennial,16.983629585607,1590.0,31577.0,50.0,9,Premium Dining Market,Asian cuisine restaurant,higher-income trade area,MEM_compstore_restaurants.csv
38103,38103,Memphis,TN,Shelby,35.15308,-90.05518,13981.0,1.53,2115.1,SUBURBAN,89851,millennial,-0.40604074654509187,1590.0,31577.0,91.0,4,Premium Dining Market,Wings-focused restaurant,higher-income trade area,MEM_compstore_restaurants.csv
38118,38118,Memphis,TN,Shelby,35.03655,-89.93021,39373.0,2.97,495.6,RURAL,41830,young,1.0263515767326097,1590.0,31577.0,54.0,8,Social Dining Market,Mexican cuisine restaurant,value-oriented trade area,MEM_compstore_restaurants.csv
38103,38103,Memphis,TN,Shelby,35.15308,-90.05518,13981.0,1.53,2115.1,SUBURBAN,89851,millennial,-0.40604074654509187,1590.0,31577.0,91.0,4,Premium Dining Market,Seafood-focused restaurant,higher-income trade area,MEM_compstore_restaurants.csv
38119,38119,Memphis,TN,Shelby,35.07986,-89.84593,22990.0,2.31,1027.6,SUBURBAN,92500,adult,-2.1327316844749054,1590.0,31577.0,63.0,4,Premium Dining Market,Beverage-led restaurant,higher-income trade area,MEM_compstore_restaurants.csv
38017,38017,Collierville,TN,Shelby,35.06722,-89.65347,55570.0,2.83,267.7,RURAL,131354,adult,3.716008137516565,1590.0,31577.0,74.0,9,Premium Dining Market,Fast-service restaurant,higher-income trade area,MEM_compstore_restaurants.csv
38134,38134,Memphis,TN,Shelby,35.17674,-89.85992,42789.0,2.67,913.5,RURAL,57630,millennial,-2.9683885890516577,1590.0,31577.0,90.0,0,Social Dining Market,General restaurant,mid-market trade area,MEM_compstore_restaurants.csv
38139,38139,Germantown,TN,Shelby,35.08615,-89.75581,16627.0,2.85,730.4,RURAL,174396,adult,3.7890137328339577,1590.0,31577.0,17.0,13,Social Dining Market,General restaurant,higher-income trade area,MEM_compstore_restaurants.csv
38018,38018,Cordova,TN,Shelby,35.13781,-89.76647,38338.0,2.71,797.3,RURAL,82355,millennial,2.837982832618026,1590.0,31577.0,82.0,9,Premium Dining Market,General restaurant,higher-income trade area,MEM_compstore_restaurants.csv
38141,38141,Memphis,TN,Shelby,35.01599,-89.85472,23123.0,2.91,1184.3,SUBURBAN,67584,millennial,4.110760918505178,1590.0,31577.0,20.0,5,Social Dining Market,Seafood-focused restaurant,mid-market trade area,MEM_compstore_restaurants.csv
72301,72301,West Memphis,AR,Crittenden,35.13363,-90.17883,24404.0,2.47,313.2,RURAL,41022,millennial,-1.4895248859645582,66.0,1111.0,37.0,3,Family Value Market,General restaurant,value-oriented trade area,MEM_compstore_restaurants.csv
38115,38115,Memphis,TN,Shelby,35.05499,-89.86362,36574.0,2.25,1731.5,SUBURBAN,39176,young,-11.693266050172635,1590.0,31577.0,65.0,8,Social Dining Market,Wings-focused restaurant,value-oriented trade area,MEM_compstore_restaurants.csv
38671,38671,Southaven,MS,DeSoto,34.96376,-89.99567,37288.0,2.61,648.3,RURAL,58854,millennial,1.8102389078498295,351.0,8323.0,83.0,0,Social Dining Market,Beverage-led restaurant,mid-market trade area,MEM_compstore_restaurants.csv
38128,38128,Memphis,TN,Shelby,35.22623,-89.92612,44400.0,2.78,688.7,RURAL,40497,millennial,-1.9975720119192142,1590.0,31577.0,43.0,8,Social Dining Market,Wings-focused restaurant,value-oriented trade area,MEM_compstore_restaurants.csv
38119,38119,Memphis,TN,Shelby,35.07986,-89.84593,22990.0,2.31,1027.6,SUBURBAN,92500,adult,-2.1327316844749054,1590.0,31577.0,63.0,4,Premium Dining Market,Beverage-led restaurant,higher-income trade area,MEM_compstore_restaurants.csv
38109,38109,Memphis,TN,Shelby,35.0341,-90.13533,45204.0,2.7,274.5,RURAL,35018,millennial,2.5987879888331555,1590.0,31577.0,23.0,3,Family Value Market,Wings-focused restaurant,value-oriented trade area,MEM_compstore_restaurants.csv
38654,38654,Olive Branch,MS,DeSoto,34.93635,-89.82409,56449.0,2.73,243.5,RURAL,96145,millennial,10.70602078838988,351.0,8323.0,98.0,9,Premium Dining Market,Mexican cuisine restaurant,higher-income trade area,MEM_compstore_restaurants.csv
38105,38105,Memphis,TN,Shelby,35.1512,-90.03541,5215.0,1.56,1264.1,SUBURBAN,26250,adult,-19.719827586206897,1590.0,31577.0,16.0,0,Social Dining Market,Health-oriented restaurant,value-oriented trade area,MEM_compstore_restaurants.csv
38671,38671,Southaven,MS,DeSoto,34.96376,-89.99567,37288.0,2.61,648.3,RURAL,58854,millennial,1.8102389078498295,351.0,8323.0,83.0,0,Social Dining Market,Beverage-led restaurant,mid-market trade area,MEM_compstore_restaurants.csv
38141,38141,Memphis,TN,Shelby,35.01599,-89.85472,23123.0,2.91,1184.3,SUBURBAN,67584,millennial,4.110760918505178,1590.0,31577.0,20.0,5,Social Dining Market,Beverage-led restaurant,mid-market trade area,MEM_compstore_restaurants.csv
38104,38104,Memphis,TN,Shelby,35.13253,-90.00435,23408.0,1.76,1764.8,SUBURBAN,53351,millennial,-0.7883360176316013,1590.0,31577.0,112.0,0,Social Dining Market,Beverage-led restaurant,mid-market trade area,MEM_compstore_restaurants.csv
38138,38138,Germantown,TN,Shelby,35.08477,-89.7993,25465.0,2.52,819.5,RURAL,122627,adult,2.5326139474955713,1590.0,31577.0,82.0,4,Premium Dining Market,Beverage-led restaurant,higher-income trade area,MEM_compstore_restaurants.csv
38116,38116,Memphis,TN,Shelby,35.03213,-90.01001,40212.0,2.61,787.7,RURAL,42354,millennial,-0.5785491766800178,1590.0,31577.0,70.0,8,Social Dining Market,Wings-focused restaurant,value-oriented trade area,MEM_compstore_restaurants.csv
38671,38671,Southaven,MS,DeSoto,34.96376,-89.99567,37288.0,2.61,648.3,RURAL,58854,millennial,1.8102389078498295,351.0,8323.0,83.0,0,Social Dining Market,General restaurant,mid-market trade area,MEM_compstore_restaurants.csv
38017,38017,Collierville,TN,Shelby,35.06722,-89.65347,55570.0,2.83,267.7,RURAL,131354,adult,3.716008137516565,1590.0,31577.0,74.0,9,Premium Dining Market,Asian cuisine restaurant,higher-income trade area,MEM_compstore_restaurants.csv
38018,38018,Cordova,TN,Shelby,35.13781,-89.76647,38338.0,2.71,797.3,RURAL,82355,millennial,2.837982832618026,1590.0,31577.0,82.0,9,Premium Dining Market,Asian cuisine restaurant,higher-income trade area,MEM_compstore_restaurants.csv
38680,38680,Walls,MS,DeSoto,34.96152,-90.14463,6389.0,2.53,109.0,RURAL,65106,adult,2.9155927835051547,351.0,8323.0,1.0,7,Family Value Market,Wings-focused restaurant,mid-market trade area,MEM_compstore_restaurants.csv
38016,38016,Cordova,TN,Shelby,35.17956,-89.76046,46394.0,2.49,940.8,RURAL,72749,millennial,0.23549746138057684,1590.0,31577.0,83.0,4,Premium Dining Market,Asian cuisine restaurant,higher-income trade area,MEM_compstore_restaurants.csv
38114,38114,Memphis,TN,Shelby,35.09648,-89.98596,22112.0,2.2,1031.6,SUBURBAN,29492,adult,-16.545893719806763,1590.0,31577.0,19.0,3,Family Value Market,Wings-focused restaurant,value-oriented trade area,MEM_compstore_restaurants.csv
38668,38668,Senatobia,MS,Tate,34.60109,-89.92505,14076.0,2.51,35.6,RURAL,67077,millennial,-0.4526166902404526,44.0,560.0,16.0,5,Social Dining Market,Wings-focused restaurant,mid-market trade area,MEM_compstore_restaurants.csv
38118,38118,Memphis,TN,Shelby,35.03655,-89.93021,39373.0,2.97,495.6,RURAL,41830,young,1.0263515767326097,1590.0,31577.0,54.0,8,Social Dining Market,Wings-focused restaurant,value-oriented trade area,MEM_compstore_restaurants.csv
38060,38060,Oakland,TN,Fayette,35.21214,-89.50468,11713.0,2.56,108.0,RURAL,80478,adult,21.37823834196891,33.0,417.0,22.0,1,Premium Dining Market,Seafood-focused restaurant,higher-income trade area,MEM_compstore_restaurants.csv
38112,38112,Memphis,TN,Shelby,35.14791,-89.97661,16334.0,2.25,1350.5,SUBURBAN,49560,millennial,-3.1427893738140416,1590.0,31577.0,28.0,0,Social Dining Market,Beverage-led restaurant,mid-market trade area,MEM_compstore_restaurants.csv
38126,38126,Memphis,TN,Shelby,35.12695,-90.04378,6034.0,2.21,1235.7,SUBURBAN,19844,young,2.8464291801602184,1590.0,31577.0,7.0,3,Family Value Market,Fast-service restaurant,value-oriented trade area,MEM_compstore_restaurants.csv
38016,38016,Cordova,TN,Shelby,35.17956,-89.76046,46394.0,2.49,940.8,RURAL,72749,millennial,0.23549746138057684,1590.0,31577.0,83.0,4,Premium Dining Market,Beverage-led restaurant,higher-income trade area,MEM_compstore_restaurants.csv
38132,38132,Memphis,TN,Shelby,35.07069,-90.00033,57.0,-666666666.0,14.9,RURAL,-666666666,senior,,1590.0,31577.0,1.0,14,Family Value Market,Health-oriented restaurant,value-oriented trade area,MEM_compstore_restaurants.csv
38017,38017,Collierville,TN,Shelby,35.06722,-89.65347,55570.0,2.83,267.7,RURAL,131354,adult,3.716008137516565,1590.0,31577.0,74.0,9,Premium Dining Market,Health-oriented restaurant,higher-income trade area,MEM_compstore_restaurants.csv
38138,38138,Germantown,TN,Shelby,35.08477,-89.7993,25465.0,2.52,819.5,RURAL,122627,adult,2.5326139474955713,1590.0,31577.0,82.0,4,Premium Dining Market,Health-oriented restaurant,higher-income trade area,MEM_compstore_restaurants.csv
38138,38138,Germantown,TN,Shelby,35.08477,-89.7993,25465.0,2.52,819.5,RURAL,122627,adult,2.5326139474955713,1590.0,31577.0,82.0,4,Premium Dining Market,General restaurant,higher-income trade area,MEM_compstore_restaurants.csv
38654,38654,Olive Branch,MS,DeSoto,34.93635,-89.82409,56449.0,2.73,243.5,RURAL,96145,millennial,10.70602078838988,351.0,8323.0,98.0,9,Premium Dining Market,Mexican cuisine restaurant,higher-income trade area,MEM_compstore_restaurants.csv
38117,38117,Memphis,TN,Shelby,35.11504,-89.90551,26430.0,2.29,1059.9,SUBURBAN,91680,adult,0.6627056672760512,1590.0,31577.0,84.0,4,Premium Dining Market,Health-oriented restaurant,higher-income trade area,MEM_compstore_restaurants.csv
38116,38116,Memphis,TN,Shelby,35.03213,-90.01001,40212.0,2.61,787.7,RURAL,42354,millennial,-0.5785491766800178,1590.0,31577.0,70.0,8,Social Dining Market,General restaurant,value-oriented trade area,MEM_compstore_restaurants.csv
38111,38111,Memphis,TN,Shelby,35.11014,-89.94429,42322.0,2.35,1656.5,SUBURBAN,50151,millennial,-3.833306823604263,1590.0,31577.0,79.0,0,Social Dining Market,Wings-focused restaurant,mid-market trade area,MEM_compstore_restaurants.csv
38053,38053,Millington,TN,Shelby,35.33583,-89.95,25556.0,2.63,60.2,RURAL,57012,adult,-3.827193015466827,1590.0,31577.0,41.0,0,Social Dining Market,Beverage-led restaurant,mid-market trade area,MEM_compstore_restaurants.csv
38017,38017,Collierville,TN,Shelby,35.06722,-89.65347,55570.0,2.83,267.7,RURAL,131354,adult,3.716008137516565,1590.0,31577.0,74.0,9,Premium Dining Market,General restaurant,higher-income trade area,MEM_compstore_restaurants.csv
38664,38664,Robinsonville,MS,Tunica,34.80434,-90.33217,3292.0,2.8,13.5,RURAL,45133,young,3.9141414141414144,19.0,339.0,8.0,1,Premium Dining Market,Fast-service restaurant,mid-market trade area,MEM_compstore_restaurants.csv
38128,38128,Memphis,TN,Shelby,35.22623,-89.92612,44400.0,2.78,688.7,RURAL,40497,millennial,-1.9975720119192142,1590.0,31577.0,43.0,8,Social Dining Market,Fast-service restaurant,value-oriented trade area,MEM_compstore_restaurants.csv
38109,38109,Memphis,TN,Shelby,35.0341,-90.13533,45204.0,2.7,274.5,RURAL,35018,millennial,2.5987879888331555,1590.0,31577.0,23.0,3,Family Value Market,Fast-service restaurant,value-oriented trade area,MEM_compstore_restaurants.csv
38671,38671,Southaven,MS,DeSoto,34.96376,-89.99567,37288.0,2.61,648.3,RURAL,58854,millennial,1.8102389078498295,351.0,8323.0,83.0,0,Social Dining Market,Fast-service restaurant,mid-market trade area,MEM_compstore_restaurants.csv
38637,38637,Horn Lake,MS,DeSoto,34.95105,-90.05004,26652.0,2.66,649.4,RURAL,57111,millennial,-1.2852327863994963,351.0,8323.0,44.0,0,Social Dining Market,Fast-service restaurant,mid-market trade area,MEM_compstore_restaurants.csv
38112,38112,Memphis,TN,Shelby,35.14791,-89.97661,16334.0,2.25,1350.5,SUBURBAN,49560,millennial,-3.1427893738140416,1590.0,31577.0,28.0,0,Social Dining Market,Wings-focused restaurant,mid-market trade area,MEM_compstore_restaurants.csv
38018,38018,Cordova,TN,Shelby,35.13781,-89.76647,38338.0,2.71,797.3,RURAL,82355,millennial,2.837982832618026,1590.0,31577.0,82.0,9,Premium Dining Market,Asian cuisine restaurant,higher-income trade area,MEM_compstore_restaurants.csv
38111,38111,Memphis,TN,Shelby,35.11014,-89.94429,42322.0,2.35,1656.5,SUBURBAN,50151,millennial,-3.833306823604263,1590.0,31577.0,79.0,0,Social Dining Market,Asian cuisine restaurant,mid-market trade area,MEM_compstore_restaurants.csv
38125,38125,Memphis,TN,Shelby,35.02537,-89.78936,43305.0,2.8,875.1,RURAL,80116,millennial,16.983629585607,1590.0,31577.0,50.0,9,Premium Dining Market,Mexican cuisine restaurant,higher-income trade area,MEM_compstore_restaurants.csv
38023,38023,Drummonds,TN,Tipton,35.47468,-89.95114,5365.0,2.73,29.1,RURAL,71403,adult,-25.548154315847903,70.0,1131.0,1.0,6,Comfort Dining Market,Asian cuisine restaurant,higher-income trade area,MEM_compstore_restaurants.csv
38125,38125,Memphis,TN,Shelby,35.02537,-89.78936,43305.0,2.8,875.1,RURAL,80116,millennial,16.983629585607,1590.0,31577.0,50.0,9,Premium Dining Market,Asian cuisine restaurant,higher-income trade area,MEM_compstore_restaurants.csv
38002,38002,Arlington,TN,Shelby,35.28854,-89.70926,42797.0,2.86,145.7,RURAL,109364,adult,5.297214841058951,1590.0,31577.0,59.0,9,Premium Dining Market,Health-oriented restaurant,higher-income trade area,MEM_compstore_restaurants.csv
38116,38116,Memphis,TN,Shelby,35.03213,-90.01001,40212.0,2.61,787.7,RURAL,42354,millennial,-0.5785491766800178,1590.0,31577.0,70.0,8,Social Dining Market,General restaurant,value-oriented trade area,MEM_compstore_restaurants.csv
38125,38125,Memphis,TN,Shelby,35.02537,-89.78936,43305.0,2.8,875.1,RURAL,80116,millennial,16.983629585607,1590.0,31577.0,50.0,9,Premium Dining Market,Asian cuisine restaurant,higher-income trade area,MEM_compstore_restaurants.csv
38115,38115,Memphis,TN,Shelby,35.05499,-89.86362,36574.0,2.25,1731.5,SUBURBAN,39176,young,-11.693266050172635,1590.0,31577.0,65.0,8,Social Dining Market,Wings-focused restaurant,value-oriented trade area,MEM_compstore_restaurants.csv
38125,38125,Memphis,TN,Shelby,35.02537,-89.78936,43305.0,2.8,875.1,RURAL,80116,millennial,16.983629585607,1590.0,31577.0,50.0,9,Premium Dining Market,Fast-service restaurant,higher-income trade area,MEM_compstore_restaurants.csv
38108,38108,Memphis,TN,Shelby,35.1763,-89.96382,17629.0,2.67,892.7,RURAL,29757,millennial,-0.09067724567866252,1590.0,31577.0,10.0,3,Family Value Market,General restaurant,value-oriented trade area,MEM_compstore_restaurants.csv
38654,38654,Olive Branch,MS,DeSoto,34.93635,-89.82409,56449.0,2.73,243.5,RURAL,96145,millennial,10.70602078838988,351.0,8323.0,98.0,9,Premium Dining Market,General restaurant,higher-income trade area,MEM_compstore_restaurants.csv
38119,38119,Memphis,TN,Shelby,35.07986,-89.84593,22990.0,2.31,1027.6,SUBURBAN,92500,adult,-2.1327316844749054,1590.0,31577.0,63.0,4,Premium Dining Market,Beverage-led restaurant,higher-income trade area,MEM_compstore_restaurants.csv
38119,38119,Memphis,TN,Shelby,35.07986,-89.84593,22990.0,2.31,1027.6,SUBURBAN,92500,adult,-2.1327316844749054,1590.0,31577.0,63.0,4,Premium Dining Market,Beverage-led restaurant,higher-income trade area,MEM_compstore_restaurants.csv
38672,38672,Southaven,MS,DeSoto,34.93727,-89.94943,15602.0,2.94,487.4,RURAL,103692,millennial,15.467732386027237,351.0,8323.0,37.0,4,Premium Dining Market,General restaurant,higher-income trade area,MEM_compstore_restaurants.csv
38125,38125,Memphis,TN,Shelby,35.02537,-89.78936,43305.0,2.8,875.1,RURAL,80116,millennial,16.983629585607,1590.0,31577.0,50.0,9,Premium Dining Market,Health-oriented restaurant,higher-income trade area,MEM_compstore_restaurants.csv
38116,38116,Memphis,TN,Shelby,35.03213,-90.01001,40212.0,2.61,787.7,RURAL,42354,millennial,-0.5785491766800178,1590.0,31577.0,70.0,8,Social Dining Market,Wings-focused restaurant,value-oriented trade area,MEM_compstore_restaurants.csv
38104,38104,Memphis,TN,Shelby,35.13253,-90.00435,23408.0,1.76,1764.8,SUBURBAN,53351,millennial,-0.7883360176316013,1590.0,31577.0,112.0,0,Social Dining Market,Health-oriented restaurant,mid-market trade area,MEM_compstore_restaurants.csv
38122,38122,Memphis,TN,Shelby,35.1571,-89.92247,24014.0,2.67,1473.8,SUBURBAN,45065,millennial,-5.901253918495298,1590.0,31577.0,56.0,0,Social Dining Market,Seafood-focused restaurant,value-oriented trade area,MEM_compstore_restaurants.csv
38104,38104,Memphis,TN,Shelby,35.13253,-90.00435,23408.0,1.76,1764.8,SUBURBAN,53351,millennial,-0.7883360176316013,1590.0,31577.0,112.0,0,Social Dining Market,Beverage-led restaurant,mid-market trade area,MEM_compstore_restaurants.csv
38119,38119,Memphis,TN,Shelby,35.07986,-89.84593,22990.0,2.31,1027.6,SUBURBAN,92500,adult,-2.1327316844749054,1590.0,31577.0,63.0,4,Premium Dining Market,Beverage-led restaurant,higher-income trade area,MEM_compstore_restaurants.csv
38104,38104,Memphis,TN,Shelby,35.13253,-90.00435,23408.0,1.76,1764.8,SUBURBAN,53351,millennial,-0.7883360176316013,1590.0,31577.0,112.0,0,Social Dining Market,Beverage-led restaurant,mid-market trade area,MEM_compstore_restaurants.csv
38104,38104,Memphis,TN,Shelby,35.13253,-90.00435,23408.0,1.76,1764.8,SUBURBAN,53351,millennial,-0.7883360176316013,1590.0,31577.0,112.0,0,Social Dining Market,Seafood-focused restaurant,mid-market trade area,MEM_compstore_restaurants.csv
38104,38104,Memphis,TN,Shelby,35.13253,-90.00435,23408.0,1.76,1764.8,SUBURBAN,53351,millennial,-0.7883360176316013,1590.0,31577.0,112.0,0,Social Dining Market,Seafood-focused restaurant,mid-market trade area,MEM_compstore_restaurants.csv
38654,38654,Olive Branch,MS,DeSoto,34.93635,-89.82409,56449.0,2.73,243.5,RURAL,96145,millennial,10.70602078838988,351.0,8323.0,98.0,9,Premium Dining Market,Mexican cuisine restaurant,higher-income trade area,MEM_compstore_restaurants.csv
38125,38125,Memphis,TN,Shelby,35.02537,-89.78936,43305.0,2.8,875.1,RURAL,80116,millennial,16.983629585607,1590.0,31577.0,50.0,9,Premium Dining Market,Fast-service restaurant,higher-income trade area,MEM_compstore_restaurants.csv
38672,38672,Southaven,MS,DeSoto,34.93727,-89.94943,15602.0,2.94,487.4,RURAL,103692,millennial,15.467732386027237,351.0,8323.0,37.0,4,Premium Dining Market,Beverage-led restaurant,higher-income trade area,MEM_compstore_restaurants.csv
38111,38111,Memphis,TN,Shelby,35.11014,-89.94429,42322.0,2.35,1656.5,SUBURBAN,50151,millennial,-3.833306823604263,1590.0,31577.0,79.0,0,Social Dining Market,Beverage-led restaurant,mid-market trade area,MEM_compstore_restaurants.csv
72364,72364,Marion,AR,Crittenden,35.2126,-90.18573,16314.0,2.68,77.4,RURAL,73762,millennial,2.391263415552627,66.0,1111.0,19.0,5,Social Dining Market,General restaurant,higher-income trade area,MEM_compstore_restaurants.csv
38002,38002,Arlington,TN,Shelby,35.28854,-89.70926,42797.0,2.86,145.7,RURAL,109364,adult,5.297214841058951,1590.0,31577.0,59.0,9,Premium Dining Market,General restaurant,higher-income trade area,MEM_compstore_restaurants.csv
38002,38002,Arlington,TN,Shelby,35.28854,-89.70926,42797.0,2.86,145.7,RURAL,109364,adult,5.297214841058951,1590.0,31577.0,59.0,9,Premium Dining Market,Mexican cuisine restaurant,higher-income trade area,MEM_compstore_restaurants.csv
38018,38018,Cordova,TN,Shelby,35.13781,-89.76647,38338.0,2.71,797.3,RURAL,82355,millennial,2.837982832618026,1590.0,31577.0,82.0,9,Premium Dining Market,Beverage-led restaurant,higher-income trade area,MEM_compstore_restaurants.csv
38138,38138,Germantown,TN,Shelby,35.08477,-89.7993,25465.0,2.52,819.5,RURAL,122627,adult,2.5326139474955713,1590.0,31577.0,82.0,4,Premium Dining Market,Beverage-led restaurant,higher-income trade area,MEM_compstore_restaurants.csv
38138,38138,Germantown,TN,Shelby,35.08477,-89.7993,25465.0,2.52,819.5,RURAL,122627,adult,2.5326139474955713,1590.0,31577.0,82.0,4,Premium Dining Market,Beverage-led restaurant,higher-income trade area,MEM_compstore_restaurants.csv
38116,38116,Memphis,TN,Shelby,35.03213,-90.01001,40212.0,2.61,787.7,RURAL,42354,millennial,-0.5785491766800178,1590.0,31577.0,70.0,8,Social Dining Market,Fast-service restaurant,value-oriented trade area,MEM_compstore_restaurants.csv
38114,38114,Memphis,TN,Shelby,35.09648,-89.98596,22112.0,2.2,1031.6,SUBURBAN,29492,adult,-16.545893719806763,1590.0,31577.0,19.0,3,Family Value Market,Beverage-led restaurant,value-oriented trade area,MEM_compstore_restaurants.csv
38111,38111,Memphis,TN,Shelby,35.11014,-89.94429,42322.0,2.35,1656.5,SUBURBAN,50151,millennial,-3.833306823604263,1590.0,31577.0,79.0,0,Social Dining Market,Mexican cuisine restaurant,mid-market trade area,MEM_compstore_restaurants.csv
38104,38104,Memphis,TN,Shelby,35.13253,-90.00435,23408.0,1.76,1764.8,SUBURBAN,53351,millennial,-0.7883360176316013,1590.0,31577.0,112.0,0,Social Dining Market,Beverage-led restaurant,mid-market trade area,MEM_compstore_restaurants.csv
38053,38053,Millington,TN,Shelby,35.33583,-89.95,25556.0,2.63,60.2,RURAL,57012,adult,-3.827193015466827,1590.0,31577.0,41.0,0,Social Dining Market,Beverage-led restaurant,mid-market trade area,MEM_compstore_restaurants.csv
38053,38053,Millington,TN,Shelby,35.33583,-89.95,25556.0,2.63,60.2,RURAL,57012,adult,-3.827193015466827,1590.0,31577.0,41.0,0,Social Dining Market,Fast-service restaurant,mid-market trade area,MEM_compstore_restaurants.csv
38103,38103,Memphis,TN,Shelby,35.15308,-90.05518,13981.0,1.53,2115.1,SUBURBAN,89851,millennial,-0.40604074654509187,1590.0,31577.0,91.0,4,Premium Dining Market,Health-oriented restaurant,higher-income trade area,MEM_compstore_restaurants.csv
38015,38015,Burlison,TN,Tipton,35.55948,-89.82436,2250.0,2.33,17.8,RURAL,53286,adult,-5.699916177703269,70.0,1131.0,1.0,6,Comfort Dining Market,General restaurant,mid-market trade area,MEM_compstore_restaurants.csv
38107,38107,Memphis,TN,Shelby,35.17054,-90.02397,14509.0,2.21,985.8,RURAL,34325,millennial,-13.130164052209317,1590.0,31577.0,15.0,11,Healthy Lifestyle Market,Fast-service restaurant,value-oriented trade area,MEM_compstore_restaurants.csv
38134,38134,Memphis,TN,Shelby,35.17674,-89.85992,42789.0,2.67,913.5,RURAL,57630,millennial,-2.9683885890516577,1590.0,31577.0,90.0,0,Social Dining Market,Health-oriented restaurant,mid-market trade area,MEM_compstore_restaurants.csv
38116,38116,Memphis,TN,Shelby,35.03213,-90.01001,40212.0,2.61,787.7,RURAL,42354,millennial,-0.5785491766800178,1590.0,31577.0,70.0,8,Social Dining Market,Fast-service restaurant,value-oriented trade area,MEM_compstore_restaurants.csv
38119,38119,Memphis,TN,Shelby,35.07986,-89.84593,22990.0,2.31,1027.6,SUBURBAN,92500,adult,-2.1327316844749054,1590.0,31577.0,63.0,4,Premium Dining Market,Fast-service restaurant,higher-income trade area,MEM_compstore_restaurants.csv
38138,38138,Germantown,TN,Shelby,35.08477,-89.7993,25465.0,2.52,819.5,RURAL,122627,adult,2.5326139474955713,1590.0,31577.0,82.0,4,Premium Dining Market,Beverage-led restaurant,higher-income trade area,MEM_compstore_restaurants.csv
38117,38117,Memphis,TN,Shelby,35.11504,-89.90551,26430.0,2.29,1059.9,SUBURBAN,91680,adult,0.6627056672760512,1590.0,31577.0,84.0,4,Premium Dining Market,Fast-service restaurant,higher-income trade area,MEM_compstore_restaurants.csv
38654,38654,Olive Branch,MS,DeSoto,34.93635,-89.82409,56449.0,2.73,243.5,RURAL,96145,millennial,10.70602078838988,351.0,8323.0,98.0,9,Premium Dining Market,Wings-focused restaurant,higher-income trade area,MEM_compstore_restaurants.csv
38053,38053,Millington,TN,Shelby,35.33583,-89.95,25556.0,2.63,60.2,RURAL,57012,adult,-3.827193015466827,1590.0,31577.0,41.0,0,Social Dining Market,Wings-focused restaurant,mid-market trade area,MEM_compstore_restaurants.csv
72301,72301,West Memphis,AR,Crittenden,35.13363,-90.17883,24404.0,2.47,313.2,RURAL,41022,millennial,-1.4895248859645582,66.0,1111.0,37.0,3,Family Value Market,Fast-service restaurant,value-oriented trade area,MEM_compstore_restaurants.csv
38654,38654,Olive Branch,MS,DeSoto,34.93635,-89.82409,56449.0,2.73,243.5,RURAL,96145,millennial,10.70602078838988,351.0,8323.0,98.0,9,Premium Dining Market,Fast-service restaurant,higher-income trade area,MEM_compstore_restaurants.csv
38671,38671,Southaven,MS,DeSoto,34.96376,-89.99567,37288.0,2.61,648.3,RURAL,58854,millennial,1.8102389078498295,351.0,8323.0,83.0,0,Social Dining Market,Fast-service restaurant,mid-market trade area,MEM_compstore_restaurants.csv
38672,38672,Southaven,MS,DeSoto,34.93727,-89.94943,15602.0,2.94,487.4,RURAL,103692,millennial,15.467732386027237,351.0,8323.0,37.0,4,Premium Dining Market,Fast-service restaurant,higher-income trade area,MEM_compstore_restaurants.csv
38671,38671,Southaven,MS,DeSoto,34.96376,-89.99567,37288.0,2.61,648.3,RURAL,58854,millennial,1.8102389078498295,351.0,8323.0,83.0,0,Social Dining Market,Seafood-focused restaurant,mid-market trade area,MEM_compstore_restaurants.csv
38016,38016,Cordova,TN,Shelby,35.17956,-89.76046,46394.0,2.49,940.8,RURAL,72749,millennial,0.23549746138057684,1590.0,31577.0,83.0,4,Premium Dining Market,Health-oriented restaurant,higher-income trade area,MEM_compstore_restaurants.csv
38611,38611,Byhalia,MS,Marshall,34.85467,-89.67116,17023.0,2.7,33.3,RURAL,55758,millennial,13.102119460500964,32.0,405.0,10.0,11,Healthy Lifestyle Market,General restaurant,mid-market trade area,MEM_compstore_restaurants.csv
38016,38016,Cordova,TN,Shelby,35.17956,-89.76046,46394.0,2.49,940.8,RURAL,72749,millennial,0.23549746138057684,1590.0,31577.0,83.0,4,Premium Dining Market,Asian cuisine restaurant,higher-income trade area,MEM_compstore_restaurants.csv
38018,38018,Cordova,TN,Shelby,35.13781,-89.76647,38338.0,2.71,797.3,RURAL,82355,millennial,2.837982832618026,1590.0,31577.0,82.0,9,Premium Dining Market,Seafood-focused restaurant,higher-income trade area,MEM_compstore_restaurants.csv
38016,38016,Cordova,TN,Shelby,35.17956,-89.76046,46394.0,2.49,940.8,RURAL,72749,millennial,0.23549746138057684,1590.0,31577.0,83.0,4,Premium Dining Market,Wings-focused restaurant,higher-income trade area,MEM_compstore_restaurants.csv
38654,38654,Olive Branch,MS,DeSoto,34.93635,-89.82409,56449.0,2.73,243.5,RURAL,96145,millennial,10.70602078838988,351.0,8323.0,98.0,9,Premium Dining Market,Mexican cuisine restaurant,higher-income trade area,MEM_compstore_restaurants.csv
38106,38106,Memphis,TN,Shelby,35.10067,-90.0375,23140.0,2.44,778.4,RURAL,29098,adult,-7.001044932079415,1590.0,31577.0,22.0,3,Family Value Market,Wings-focused restaurant,value-oriented trade area,MEM_compstore_restaurants.csv
38115,38115,Memphis,TN,Shelby,35.05499,-89.86362,36574.0,2.25,1731.5,SUBURBAN,39176,young,-11.693266050172635,1590.0,31577.0,65.0,8,Social Dining Market,Mexican cuisine restaurant,value-oriented trade area,MEM_compstore_restaurants.csv
38134,38134,Memphis,TN,Shelby,35.17674,-89.85992,42789.0,2.67,913.5,RURAL,57630,millennial,-2.9683885890516577,1590.0,31577.0,90.0,0,Social Dining Market,Mexican cuisine restaurant,mid-market trade area,MEM_compstore_restaurants.csv
38119,38119,Memphis,TN,Shelby,35.07986,-89.84593,22990.0,2.31,1027.6,SUBURBAN,92500,adult,-2.1327316844749054,1590.0,31577.0,63.0,4,Premium Dining Market,General restaurant,higher-income trade area,MEM_compstore_restaurants.csv
38128,38128,Memphis,TN,Shelby,35.22623,-89.92612,44400.0,2.78,688.7,RURAL,40497,millennial,-1.9975720119192142,1590.0,31577.0,43.0,8,Social Dining Market,Fast-service restaurant,value-oriented trade area,MEM_compstore_restaurants.csv
38060,38060,Oakland,TN,Fayette,35.21214,-89.50468,11713.0,2.56,108.0,RURAL,80478,adult,21.37823834196891,33.0,417.0,22.0,1,Premium Dining Market,General restaurant,higher-income trade area,MEM_compstore_restaurants.csv
38018,38018,Cordova,TN,Shelby,35.13781,-89.76647,38338.0,2.71,797.3,RURAL,82355,millennial,2.837982832618026,1590.0,31577.0,82.0,9,Premium Dining Market,General restaurant,higher-income trade area,MEM_compstore_restaurants.csv
38016,38016,Cordova,TN,Shelby,35.17956,-89.76046,46394.0,2.49,940.8,RURAL,72749,millennial,0.23549746138057684,1590.0,31577.0,83.0,4,Premium Dining Market,General restaurant,higher-income trade area,MEM_compstore_restaurants.csv
38018,38018,Cordova,TN,Shelby,35.13781,-89.76647,38338.0,2.71,797.3,RURAL,82355,millennial,2.837982832618026,1590.0,31577.0,82.0,9,Premium Dining Market,General restaurant,higher-income trade area,MEM_compstore_restaurants.csv
38125,38125,Memphis,TN,Shelby,35.02537,-89.78936,43305.0,2.8,875.1,RURAL,80116,millennial,16.983629585607,1590.0,31577.0,50.0,9,Premium Dining Market,Asian cuisine restaurant,higher-income trade area,MEM_compstore_restaurants.csv
38117,38117,Memphis,TN,Shelby,35.11504,-89.90551,26430.0,2.29,1059.9,SUBURBAN,91680,adult,0.6627056672760512,1590.0,31577.0,84.0,4,Premium Dining Market,Fast-service restaurant,higher-income trade area,MEM_compstore_restaurants.csv
38018,38018,Cordova,TN,Shelby,35.13781,-89.76647,38338.0,2.71,797.3,RURAL,82355,millennial,2.837982832618026,1590.0,31577.0,82.0,9,Premium Dining Market,General restaurant,higher-income trade area,MEM_compstore_restaurants.csv
38111,38111,Memphis,TN,Shelby,35.11014,-89.94429,42322.0,2.35,1656.5,SUBURBAN,50151,millennial,-3.833306823604263,1590.0,31577.0,79.0,0,Social Dining Market,Fast-service restaurant,mid-market trade area,MEM_compstore_restaurants.csv
38016,38016,Cordova,TN,Shelby,35.17956,-89.76046,46394.0,2.49,940.8,RURAL,72749,millennial,0.23549746138057684,1590.0,31577.0,83.0,4,Premium Dining Market,Health-oriented restaurant,higher-income trade area,MEM_compstore_restaurants.csv
38637,38637,Horn Lake,MS,DeSoto,34.95105,-90.05004,26652.0,2.66,649.4,RURAL,57111,millennial,-1.2852327863994963,351.0,8323.0,44.0,0,Social Dining Market,Wings-focused restaurant,mid-market trade area,MEM_compstore_restaurants.csv
38106,38106,Memphis,TN,Shelby,35.10067,-90.0375,23140.0,2.44,778.4,RURAL,29098,adult,-7.001044932079415,1590.0,31577.0,22.0,3,Family Value Market,General restaurant,value-oriented trade area,MEM_compstore_restaurants.csv
38125,38125,Memphis,TN,Shelby,35.02537,-89.78936,43305.0,2.8,875.1,RURAL,80116,millennial,16.983629585607,1590.0,31577.0,50.0,9,Premium Dining Market,Beverage-led restaurant,higher-income trade area,MEM_compstore_restaurants.csv
38060,38060,Oakland,TN,Fayette,35.21214,-89.50468,11713.0,2.56,108.0,RURAL,80478,adult,21.37823834196891,33.0,417.0,22.0,1,Premium Dining Market,Health-oriented restaurant,higher-income trade area,MEM_compstore_restaurants.csv
72301,72301,West Memphis,AR,Crittenden,35.13363,-90.17883,24404.0,2.47,313.2,RURAL,41022,millennial,-1.4895248859645582,66.0,1111.0,37.0,3,Family Value Market,Wings-focused restaurant,value-oriented trade area,MEM_compstore_restaurants.csv
38635,38635,Holly Springs,MS,Marshall,34.7677,-89.47896,15608.0,2.58,17.4,RURAL,55723,millennial,0.0,32.0,405.0,10.0,0,Social Dining Market,Chicken-focused restaurant,mid-market trade area,MEM_compstore_restaurants.csv
38018,38018,Cordova,TN,Shelby,35.13781,-89.76647,38338.0,2.71,797.3,RURAL,82355,millennial,2.837982832618026,1590.0,31577.0,82.0,9,Premium Dining Market,Beverage-led restaurant,higher-income trade area,MEM_compstore_restaurants.csv
38672,38672,Southaven,MS,DeSoto,34.93727,-89.94943,15602.0,2.94,487.4,RURAL,103692,millennial,15.467732386027237,351.0,8323.0,37.0,4,Premium Dining Market,Beverage-led restaurant,higher-income trade area,MEM_compstore_restaurants.csv
38002,38002,Arlington,TN,Shelby,35.28854,-89.70926,42797.0,2.86,145.7,RURAL,109364,adult,5.297214841058951,1590.0,31577.0,59.0,9,Premium Dining Market,Beverage-led restaurant,higher-income trade area,MEM_compstore_restaurants.csv
38637,38637,Horn Lake,MS,DeSoto,34.95105,-90.05004,26652.0,2.66,649.4,RURAL,57111,millennial,-1.2852327863994963,351.0,8323.0,44.0,0,Social Dining Market,Beverage-led restaurant,mid-market trade area,MEM_compstore_restaurants.csv
38107,38107,Memphis,TN,Shelby,35.17054,-90.02397,14509.0,2.21,985.8,RURAL,34325,millennial,-13.130164052209317,1590.0,31577.0,15.0,11,Healthy Lifestyle Market,Wings-focused restaurant,value-oriented trade area,MEM_compstore_restaurants.csv
38016,38016,Cordova,TN,Shelby,35.17956,-89.76046,46394.0,2.49,940.8,RURAL,72749,millennial,0.23549746138057684,1590.0,31577.0,83.0,4,Premium Dining Market,Health-oriented restaurant,higher-income trade area,MEM_compstore_restaurants.csv
38125,38125,Memphis,TN,Shelby,35.02537,-89.78936,43305.0,2.8,875.1,RURAL,80116,millennial,16.983629585607,1590.0,31577.0,50.0,9,Premium Dining Market,Asian cuisine restaurant,higher-income trade area,MEM_compstore_restaurants.csv
38654,38654,Olive Branch,MS,DeSoto,34.93635,-89.82409,56449.0,2.73,243.5,RURAL,96145,millennial,10.70602078838988,351.0,8323.0,98.0,9,Premium Dining Market,Wings-focused restaurant,higher-income trade area,MEM_compstore_restaurants.csv
38018,38018,Cordova,TN,Shelby,35.13781,-89.76647,38338.0,2.71,797.3,RURAL,82355,millennial,2.837982832618026,1590.0,31577.0,82.0,9,Premium Dining Market,Fast-service restaurant,higher-income trade area,MEM_compstore_restaurants.csv
38016,38016,Cordova,TN,Shelby,35.17956,-89.76046,46394.0,2.49,940.8,RURAL,72749,millennial,0.23549746138057684,1590.0,31577.0,83.0,4,Premium Dining Market,Wings-focused restaurant,higher-income trade area,MEM_compstore_restaurants.csv
38122,38122,Memphis,TN,Shelby,35.1571,-89.92247,24014.0,2.67,1473.8,SUBURBAN,45065,millennial,-5.901253918495298,1590.0,31577.0,56.0,0,Social Dining Market,Asian cuisine restaurant,value-oriented trade area,MEM_compstore_restaurants.csv
38004,38004,Atoka,TN,Tipton,35.41909,-89.76687,11604.0,2.68,169.4,RURAL,89396,millennial,11.298676385958181,70.0,1131.0,16.0,1,Premium Dining Market,Asian cuisine restaurant,higher-income trade area,MEM_compstore_restaurants.csv
38117,38117,Memphis,TN,Shelby,35.11504,-89.90551,26430.0,2.29,1059.9,SUBURBAN,91680,adult,0.6627056672760512,1590.0,31577.0,84.0,4,Premium Dining Market,Asian cuisine restaurant,higher-income trade area,MEM_compstore_restaurants.csv
38104,38104,Memphis,TN,Shelby,35.13253,-90.00435,23408.0,1.76,1764.8,SUBURBAN,53351,millennial,-0.7883360176316013,1590.0,31577.0,112.0,0,Social Dining Market,Health-oriented restaurant,mid-market trade area,MEM_compstore_restaurants.csv
38107,38107,Memphis,TN,Shelby,35.17054,-90.02397,14509.0,2.21,985.8,RURAL,34325,millennial,-13.130164052209317,1590.0,31577.0,15.0,11,Healthy Lifestyle Market,Health-oriented restaurant,value-oriented trade area,MEM_compstore_restaurants.csv
38053,38053,Millington,TN,Shelby,35.33583,-89.95,25556.0,2.63,60.2,RURAL,57012,adult,-3.827193015466827,1590.0,31577.0,41.0,0,Social Dining Market,Seafood-focused restaurant,mid-market trade area,MEM_compstore_restaurants.csv
38103,38103,Memphis,TN,Shelby,35.15308,-90.05518,13981.0,1.53,2115.1,SUBURBAN,89851,millennial,-0.40604074654509187,1590.0,31577.0,91.0,4,Premium Dining Market,Asian cuisine restaurant,higher-income trade area,MEM_compstore_restaurants.csv
38018,38018,Cordova,TN,Shelby,35.13781,-89.76647,38338.0,2.71,797.3,RURAL,82355,millennial,2.837982832618026,1590.0,31577.0,82.0,9,Premium Dining Market,Health-oriented restaurant,higher-income trade area,MEM_compstore_restaurants.csv
38671,38671,Southaven,MS,DeSoto,34.96376,-89.99567,37288.0,2.61,648.3,RURAL,58854,millennial,1.8102389078498295,351.0,8323.0,83.0,0,Social Dining Market,Health-oriented restaurant,mid-market trade area,MEM_compstore_restaurants.csv
38134,38134,Memphis,TN,Shelby,35.17674,-89.85992,42789.0,2.67,913.5,RURAL,57630,millennial,-2.9683885890516577,1590.0,31577.0,90.0,0,Social Dining Market,Health-oriented restaurant,mid-market trade area,MEM_compstore_restaurants.csv
38671,38671,Southaven,MS,DeSoto,34.96376,-89.99567,37288.0,2.61,648.3,RURAL,58854,millennial,1.8102389078498295,351.0,8323.0,83.0,0,Social Dining Market,Mexican cuisine restaurant,mid-market trade area,MEM_compstore_restaurants.csv
38119,38119,Memphis,TN,Shelby,35.07986,-89.84593,22990.0,2.31,1027.6,SUBURBAN,92500,adult,-2.1327316844749054,1590.0,31577.0,63.0,4,Premium Dining Market,Mexican cuisine restaurant,higher-income trade area,MEM_compstore_restaurants.csv
38016,38016,Cordova,TN,Shelby,35.17956,-89.76046,46394.0,2.49,940.8,RURAL,72749,millennial,0.23549746138057684,1590.0,31577.0,83.0,4,Premium Dining Market,Asian cuisine restaurant,higher-income trade area,MEM_compstore_restaurants.csv
38117,38117,Memphis,TN,Shelby,35.11504,-89.90551,26430.0,2.29,1059.9,SUBURBAN,91680,adult,0.6627056672760512,1590.0,31577.0,84.0,4,Premium Dining Market,Beverage-led restaurant,higher-income trade area,MEM_compstore_restaurants.csv
38654,38654,Olive Branch,MS,DeSoto,34.93635,-89.82409,56449.0,2.73,243.5,RURAL,96145,millennial,10.70602078838988,351.0,8323.0,98.0,9,Premium Dining Market,Fast-service restaurant,higher-income trade area,MEM_compstore_restaurants.csv
38002,38002,Arlington,TN,Shelby,35.28854,-89.70926,42797.0,2.86,145.7,RURAL,109364,adult,5.297214841058951,1590.0,31577.0,59.0,9,Premium Dining Market,Wings-focused restaurant,higher-income trade area,MEM_compstore_restaurants.csv
38671,38671,Southaven,MS,DeSoto,34.96376,-89.99567,37288.0,2.61,648.3,RURAL,58854,millennial,1.8102389078498295,351.0,8323.0,83.0,0,Social Dining Market,General restaurant,mid-market trade area,MEM_compstore_restaurants.csv
38135,38135,Memphis,TN,Shelby,35.23876,-89.8497,30917.0,2.84,908.3,RURAL,88987,adult,4.456382187985675,1590.0,31577.0,7.0,11,Healthy Lifestyle Market,General restaurant,higher-income trade area,MEM_compstore_restaurants.csv
38671,38671,Southaven,MS,DeSoto,34.96376,-89.99567,37288.0,2.61,648.3,RURAL,58854,millennial,1.8102389078498295,351.0,8323.0,83.0,0,Social Dining Market,General restaurant,mid-market trade area,MEM_compstore_restaurants.csv
38671,38671,Southaven,MS,DeSoto,34.96376,-89.99567,37288.0,2.61,648.3,RURAL,58854,millennial,1.8102389078498295,351.0,8323.0,83.0,0,Social Dining Market,Fast-service restaurant,mid-market trade area,MEM_compstore_restaurants.csv
38654,38654,Olive Branch,MS,DeSoto,34.93635,-89.82409,56449.0,2.73,243.5,RURAL,96145,millennial,10.70602078838988,351.0,8323.0,98.0,9,Premium Dining Market,Fast-service restaurant,higher-income trade area,MEM_compstore_restaurants.csv
38128,38128,Memphis,TN,Shelby,35.22623,-89.92612,44400.0,2.78,688.7,RURAL,40497,millennial,-1.9975720119192142,1590.0,31577.0,43.0,8,Social Dining Market,Chicken-focused restaurant,value-oriented trade area,MEM_compstore_restaurants.csv
38128,38128,Memphis,TN,Shelby,35.22623,-89.92612,44400.0,2.78,688.7,RURAL,40497,millennial,-1.9975720119192142,1590.0,31577.0,43.0,8,Social Dining Market,Wings-focused restaurant,value-oriented trade area,MEM_compstore_restaurants.csv
38103,38103,Memphis,TN,Shelby,35.15308,-90.05518,13981.0,1.53,2115.1,SUBURBAN,89851,millennial,-0.40604074654509187,1590.0,31577.0,91.0,4,Premium Dining Market,Health-oriented restaurant,higher-income trade area,MEM_compstore_restaurants.csv
38115,38115,Memphis,TN,Shelby,35.05499,-89.86362,36574.0,2.25,1731.5,SUBURBAN,39176,young,-11.693266050172635,1590.0,31577.0,65.0,8,Social Dining Market,Wings-focused restaurant,value-oriented trade area,MEM_compstore_restaurants.csv
38118,38118,Memphis,TN,Shelby,35.03655,-89.93021,39373.0,2.97,495.6,RURAL,41830,young,1.0263515767326097,1590.0,31577.0,54.0,8,Social Dining Market,Wings-focused restaurant,value-oriented trade area,MEM_compstore_restaurants.csv
38016,38016,Cordova,TN,Shelby,35.17956,-89.76046,46394.0,2.49,940.8,RURAL,72749,millennial,0.23549746138057684,1590.0,31577.0,83.0,4,Premium Dining Market,Wings-focused restaurant,higher-income trade area,MEM_compstore_restaurants.csv
38103,38103,Memphis,TN,Shelby,35.15308,-90.05518,13981.0,1.53,2115.1,SUBURBAN,89851,millennial,-0.40604074654509187,1590.0,31577.0,91.0,4,Premium Dining Market,Beverage-led restaurant,higher-income trade area,MEM_compstore_restaurants.csv
38016,38016,Cordova,TN,Shelby,35.17956,-89.76046,46394.0,2.49,940.8,RURAL,72749,millennial,0.23549746138057684,1590.0,31577.0,83.0,4,Premium Dining Market,Chicken-focused restaurant,higher-income trade area,MEM_compstore_restaurants.csv
38637,38637,Horn Lake,MS,DeSoto,34.95105,-90.05004,26652.0,2.66,649.4,RURAL,57111,millennial,-1.2852327863994963,351.0,8323.0,44.0,0,Social Dining Market,General restaurant,mid-market trade area,MEM_compstore_restaurants.csv
38133,38133,Memphis,TN,Shelby,35.21292,-89.79474,21383.0,2.69,632.7,RURAL,74775,millennial,0.3519804768162193,1590.0,31577.0,85.0,9,Premium Dining Market,General restaurant,higher-income trade area,MEM_compstore_restaurants.csv
38618,38618,Coldwater,MS,Tate,34.70203,-89.93415,11221.0,2.44,19.2,RURAL,47205,adult,-8.504566210045663,44.0,560.0,3.0,11,Healthy Lifestyle Market,General restaurant,mid-market trade area,MEM_compstore_restaurants.csv
38116,38116,Memphis,TN,Shelby,35.03213,-90.01001,40212.0,2.61,787.7,RURAL,42354,millennial,-0.5785491766800178,1590.0,31577.0,70.0,8,Social Dining Market,General restaurant,value-oriented trade area,MEM_compstore_restaurants.csv
38017,38017,Collierville,TN,Shelby,35.06722,-89.65347,55570.0,2.83,267.7,RURAL,131354,adult,3.716008137516565,1590.0,31577.0,74.0,9,Premium Dining Market,Health-oriented restaurant,higher-income trade area,MEM_compstore_restaurants.csv
38134,38134,Memphis,TN,Shelby,35.17674,-89.85992,42789.0,2.67,913.5,RURAL,57630,millennial,-2.9683885890516577,1590.0,31577.0,90.0,0,Social Dining Market,General restaurant,mid-market trade area,MEM_compstore_restaurants.csv
38122,38122,Memphis,TN,Shelby,35.1571,-89.92247,24014.0,2.67,1473.8,SUBURBAN,45065,millennial,-5.901253918495298,1590.0,31577.0,56.0,0,Social Dining Market,General restaurant,value-oriented trade area,MEM_compstore_restaurants.csv
38116,38116,Memphis,TN,Shelby,35.03213,-90.01001,40212.0,2.61,787.7,RURAL,42354,millennial,-0.5785491766800178,1590.0,31577.0,70.0,8,Social Dining Market,Mexican cuisine restaurant,value-oriented trade area,MEM_compstore_restaurants.csv
72301,72301,West Memphis,AR,Crittenden,35.13363,-90.17883,24404.0,2.47,313.2,RURAL,41022,millennial,-1.4895248859645582,66.0,1111.0,37.0,3,Family Value Market,Health-oriented restaurant,value-oriented trade area,MEM_compstore_restaurants.csv
38672,38672,Southaven,MS,DeSoto,34.93727,-89.94943,15602.0,2.94,487.4,RURAL,103692,millennial,15.467732386027237,351.0,8323.0,37.0,4,Premium Dining Market,Health-oriented restaurant,higher-income trade area,MEM_compstore_restaurants.csv
38134,38134,Memphis,TN,Shelby,35.17674,-89.85992,42789.0,2.67,913.5,RURAL,57630,millennial,-2.9683885890516577,1590.0,31577.0,90.0,0,Social Dining Market,Asian cuisine restaurant,mid-market trade area,MEM_compstore_restaurants.csv
38107,38107,Memphis,TN,Shelby,35.17054,-90.02397,14509.0,2.21,985.8,RURAL,34325,millennial,-13.130164052209317,1590.0,31577.0,15.0,11,Healthy Lifestyle Market,Seafood-focused restaurant,value-oriented trade area,MEM_compstore_restaurants.csv
38107,38107,Memphis,TN,Shelby,35.17054,-90.02397,14509.0,2.21,985.8,RURAL,34325,millennial,-13.130164052209317,1590.0,31577.0,15.0,11,Healthy Lifestyle Market,Mexican cuisine restaurant,value-oriented trade area,MEM_compstore_restaurants.csv
38654,38654,Olive Branch,MS,DeSoto,34.93635,-89.82409,56449.0,2.73,243.5,RURAL,96145,millennial,10.70602078838988,351.0,8323.0,98.0,9,Premium Dining Market,Wings-focused restaurant,higher-income trade area,MEM_compstore_restaurants.csv
38118,38118,Memphis,TN,Shelby,35.03655,-89.93021,39373.0,2.97,495.6,RURAL,41830,young,1.0263515767326097,1590.0,31577.0,54.0,8,Social Dining Market,Wings-focused restaurant,value-oriented trade area,MEM_compstore_restaurants.csv
38664,38664,Robinsonville,MS,Tunica,34.80434,-90.33217,3292.0,2.8,13.5,RURAL,45133,young,3.9141414141414144,19.0,339.0,8.0,1,Premium Dining Market,Seafood-focused restaurant,mid-market trade area,MEM_compstore_restaurants.csv
38103,38103,Memphis,TN,Shelby,35.15308,-90.05518,13981.0,1.53,2115.1,SUBURBAN,89851,millennial,-0.40604074654509187,1590.0,31577.0,91.0,4,Premium Dining Market,Fast-service restaurant,higher-income trade area,MEM_compstore_restaurants.csv
38117,38117,Memphis,TN,Shelby,35.11504,-89.90551,26430.0,2.29,1059.9,SUBURBAN,91680,adult,0.6627056672760512,1590.0,31577.0,84.0,4,Premium Dining Market,Fast-service restaurant,higher-income trade area,MEM_compstore_restaurants.csv
38103,38103,Memphis,TN,Shelby,35.15308,-90.05518,13981.0,1.53,2115.1,SUBURBAN,89851,millennial,-0.40604074654509187,1590.0,31577.0,91.0,4,Premium Dining Market,Beverage-led restaurant,higher-income trade area,MEM_compstore_restaurants.csv
38117,38117,Memphis,TN,Shelby,35.11504,-89.90551,26430.0,2.29,1059.9,SUBURBAN,91680,adult,0.6627056672760512,1590.0,31577.0,84.0,4,Premium Dining Market,General restaurant,higher-income trade area,MEM_compstore_restaurants.csv
38117,38117,Memphis,TN,Shelby,35.11504,-89.90551,26430.0,2.29,1059.9,SUBURBAN,91680,adult,0.6627056672760512,1590.0,31577.0,84.0,4,Premium Dining Market,Health-oriented restaurant,higher-income trade area,MEM_compstore_restaurants.csv
38117,38117,Memphis,TN,Shelby,35.11504,-89.90551,26430.0,2.29,1059.9,SUBURBAN,91680,adult,0.6627056672760512,1590.0,31577.0,84.0,4,Premium Dining Market,General restaurant,higher-income trade area,MEM_compstore_restaurants.csv
38103,38103,Memphis,TN,Shelby,35.15308,-90.05518,13981.0,1.53,2115.1,SUBURBAN,89851,millennial,-0.40604074654509187,1590.0,31577.0,91.0,4,Premium Dining Market,Beverage-led restaurant,higher-income trade area,MEM_compstore_restaurants.csv
38018,38018,Cordova,TN,Shelby,35.13781,-89.76647,38338.0,2.71,797.3,RURAL,82355,millennial,2.837982832618026,1590.0,31577.0,82.0,9,Premium Dining Market,Mexican cuisine restaurant,higher-income trade area,MEM_compstore_restaurants.csv
38632,38632,Hernando,MS,DeSoto,34.79973,-90.00629,29491.0,2.69,74.7,RURAL,80956,millennial,9.864769213575233,351.0,8323.0,28.0,5,Social Dining Market,General restaurant,higher-income trade area,MEM_compstore_restaurants.csv
38105,38105,Memphis,TN,Shelby,35.1512,-90.03541,5215.0,1.56,1264.1,SUBURBAN,26250,adult,-19.719827586206897,1590.0,31577.0,16.0,0,Social Dining Market,Mexican cuisine restaurant,value-oriented trade area,MEM_compstore_restaurants.csv
38106,38106,Memphis,TN,Shelby,35.10067,-90.0375,23140.0,2.44,778.4,RURAL,29098,adult,-7.001044932079415,1590.0,31577.0,22.0,3,Family Value Market,Wings-focused restaurant,value-oriented trade area,MEM_compstore_restaurants.csv
38111,38111,Memphis,TN,Shelby,35.11014,-89.94429,42322.0,2.35,1656.5,SUBURBAN,50151,millennial,-3.833306823604263,1590.0,31577.0,79.0,0,Social Dining Market,Wings-focused restaurant,mid-market trade area,MEM_compstore_restaurants.csv
38002,38002,Arlington,TN,Shelby,35.28854,-89.70926,42797.0,2.86,145.7,RURAL,109364,adult,5.297214841058951,1590.0,31577.0,59.0,9,Premium Dining Market,Beverage-led restaurant,higher-income trade area,MEM_compstore_restaurants.csv
38632,38632,Hernando,MS,DeSoto,34.79973,-90.00629,29491.0,2.69,74.7,RURAL,80956,millennial,9.864769213575233,351.0,8323.0,28.0,5,Social Dining Market,Beverage-led restaurant,higher-income trade area,MEM_compstore_restaurants.csv
38002,38002,Arlington,TN,Shelby,35.28854,-89.70926,42797.0,2.86,145.7,RURAL,109364,adult,5.297214841058951,1590.0,31577.0,59.0,9,Premium Dining Market,Fast-service restaurant,higher-income trade area,MEM_compstore_restaurants.csv
38637,38637,Horn Lake,MS,DeSoto,34.95105,-90.05004,26652.0,2.66,649.4,RURAL,57111,millennial,-1.2852327863994963,351.0,8323.0,44.0,0,Social Dining Market,Health-oriented restaurant,mid-market trade area,MEM_compstore_restaurants.csv
38017,38017,Collierville,TN,Shelby,35.06722,-89.65347,55570.0,2.83,267.7,RURAL,131354,adult,3.716008137516565,1590.0,31577.0,74.0,9,Premium Dining Market,Fast-service restaurant,higher-income trade area,MEM_compstore_restaurants.csv
38017,38017,Collierville,TN,Shelby,35.06722,-89.65347,55570.0,2.83,267.7,RURAL,131354,adult,3.716008137516565,1590.0,31577.0,74.0,9,Premium Dining Market,General restaurant,higher-income trade area,MEM_compstore_restaurants.csv
38138,38138,Germantown,TN,Shelby,35.08477,-89.7993,25465.0,2.52,819.5,RURAL,122627,adult,2.5326139474955713,1590.0,31577.0,82.0,4,Premium Dining Market,Health-oriented restaurant,higher-income trade area,MEM_compstore_restaurants.csv
38117,38117,Memphis,TN,Shelby,35.11504,-89.90551,26430.0,2.29,1059.9,SUBURBAN,91680,adult,0.6627056672760512,1590.0,31577.0,84.0,4,Premium Dining Market,Seafood-focused restaurant,higher-income trade area,MEM_compstore_restaurants.csv
38117,38117,Memphis,TN,Shelby,35.11504,-89.90551,26430.0,2.29,1059.9,SUBURBAN,91680,adult,0.6627056672760512,1590.0,31577.0,84.0,4,Premium Dining Market,Health-oriented restaurant,higher-income trade area,MEM_compstore_restaurants.csv
38119,38119,Memphis,TN,Shelby,35.07986,-89.84593,22990.0,2.31,1027.6,SUBURBAN,92500,adult,-2.1327316844749054,1590.0,31577.0,63.0,4,Premium Dining Market,Mexican cuisine restaurant,higher-income trade area,MEM_compstore_restaurants.csv
38122,38122,Memphis,TN,Shelby,35.1571,-89.92247,24014.0,2.67,1473.8,SUBURBAN,45065,millennial,-5.901253918495298,1590.0,31577.0,56.0,0,Social Dining Market,Asian cuisine restaurant,value-oriented trade area,MEM_compstore_restaurants.csv
38104,38104,Memphis,TN,Shelby,35.13253,-90.00435,23408.0,1.76,1764.8,SUBURBAN,53351,millennial,-0.7883360176316013,1590.0,31577.0,112.0,0,Social Dining Market,Beverage-led restaurant,mid-market trade area,MEM_compstore_restaurants.csv
38115,38115,Memphis,TN,Shelby,35.05499,-89.86362,36574.0,2.25,1731.5,SUBURBAN,39176,young,-11.693266050172635,1590.0,31577.0,65.0,8,Social Dining Market,Mexican cuisine restaurant,value-oriented trade area,MEM_compstore_restaurants.csv
38104,38104,Memphis,TN,Shelby,35.13253,-90.00435,23408.0,1.76,1764.8,SUBURBAN,53351,millennial,-0.7883360176316013,1590.0,31577.0,112.0,0,Social Dining Market,Beverage-led restaurant,mid-market trade area,MEM_compstore_restaurants.csv
38117,38117,Memphis,TN,Shelby,35.11504,-89.90551,26430.0,2.29,1059.9,SUBURBAN,91680,adult,0.6627056672760512,1590.0,31577.0,84.0,4,Premium Dining Market,Fast-service restaurant,higher-income trade area,MEM_compstore_restaurants.csv
38019,38019,Covington,TN,Tipton,35.56114,-89.6304,15466.0,2.55,43.3,RURAL,57124,millennial,-2.262386248736097,70.0,1131.0,23.0,1,Premium Dining Market,Wings-focused restaurant,mid-market trade area,MEM_compstore_restaurants.csv
38654,38654,Olive Branch,MS,DeSoto,34.93635,-89.82409,56449.0,2.73,243.5,RURAL,96145,millennial,10.70602078838988,351.0,8323.0,98.0,9,Premium Dining Market,Asian cuisine restaurant,higher-income trade area,MEM_compstore_restaurants.csv
38104,38104,Memphis,TN,Shelby,35.13253,-90.00435,23408.0,1.76,1764.8,SUBURBAN,53351,millennial,-0.7883360176316013,1590.0,31577.0,112.0,0,Social Dining Market,Wings-focused restaurant,mid-market trade area,MEM_compstore_restaurants.csv
38122,38122,Memphis,TN,Shelby,35.1571,-89.92247,24014.0,2.67,1473.8,SUBURBAN,45065,millennial,-5.901253918495298,1590.0,31577.0,56.0,0,Social Dining Market,Health-oriented restaurant,value-oriented trade area,MEM_compstore_restaurants.csv
38016,38016,Cordova,TN,Shelby,35.17956,-89.76046,46394.0,2.49,940.8,RURAL,72749,millennial,0.23549746138057684,1590.0,31577.0,83.0,4,Premium Dining Market,Fast-service restaurant,higher-income trade area,MEM_compstore_restaurants.csv
38104,38104,Memphis,TN,Shelby,35.13253,-90.00435,23408.0,1.76,1764.8,SUBURBAN,53351,millennial,-0.7883360176316013,1590.0,31577.0,112.0,0,Social Dining Market,Fast-service restaurant,mid-market trade area,MEM_compstore_restaurants.csv
38125,38125,Memphis,TN,Shelby,35.02537,-89.78936,43305.0,2.8,875.1,RURAL,80116,millennial,16.983629585607,1590.0,31577.0,50.0,9,Premium Dining Market,Seafood-focused restaurant,higher-income trade area,MEM_compstore_restaurants.csv
38111,38111,Memphis,TN,Shelby,35.11014,-89.94429,42322.0,2.35,1656.5,SUBURBAN,50151,millennial,-3.833306823604263,1590.0,31577.0,79.0,0,Social Dining Market,Beverage-led restaurant,mid-market trade area,MEM_compstore_restaurants.csv
38011,38011,Brighton,TN,Tipton,35.47266,-89.71415,10337.0,2.84,67.3,RURAL,69544,millennial,3.7330657300551935,70.0,1131.0,1.0,10,Social Dining Market,Beverage-led restaurant,higher-income trade area,MEM_compstore_restaurants.csv
38134,38134,Memphis,TN,Shelby,35.17674,-89.85992,42789.0,2.67,913.5,RURAL,57630,millennial,-2.9683885890516577,1590.0,31577.0,90.0,0,Social Dining Market,Fast-service restaurant,mid-market trade area,MEM_compstore_restaurants.csv
38134,38134,Memphis,TN,Shelby,35.17674,-89.85992,42789.0,2.67,913.5,RURAL,57630,millennial,-2.9683885890516577,1590.0,31577.0,90.0,0,Social Dining Market,Wings-focused restaurant,mid-market trade area,MEM_compstore_restaurants.csv
38654,38654,Olive Branch,MS,DeSoto,34.93635,-89.82409,56449.0,2.73,243.5,RURAL,96145,millennial,10.70602078838988,351.0,8323.0,98.0,9,Premium Dining Market,Mexican cuisine restaurant,higher-income trade area,MEM_compstore_restaurants.csv
38671,38671,Southaven,MS,DeSoto,34.96376,-89.99567,37288.0,2.61,648.3,RURAL,58854,millennial,1.8102389078498295,351.0,8323.0,83.0,0,Social Dining Market,General restaurant,mid-market trade area,MEM_compstore_restaurants.csv
38111,38111,Memphis,TN,Shelby,35.11014,-89.94429,42322.0,2.35,1656.5,SUBURBAN,50151,millennial,-3.833306823604263,1590.0,31577.0,79.0,0,Social Dining Market,General restaurant,mid-market trade area,MEM_compstore_restaurants.csv
38138,38138,Germantown,TN,Shelby,35.08477,-89.7993,25465.0,2.52,819.5,RURAL,122627,adult,2.5326139474955713,1590.0,31577.0,82.0,4,Premium Dining Market,Asian cuisine restaurant,higher-income trade area,MEM_compstore_restaurants.csv
38654,38654,Olive Branch,MS,DeSoto,34.93635,-89.82409,56449.0,2.73,243.5,RURAL,96145,millennial,10.70602078838988,351.0,8323.0,98.0,9,Premium Dining Market,General restaurant,higher-income trade area,MEM_compstore_restaurants.csv
38654,38654,Olive Branch,MS,DeSoto,34.93635,-89.82409,56449.0,2.73,243.5,RURAL,96145,millennial,10.70602078838988,351.0,8323.0,98.0,9,Premium Dining Market,Asian cuisine restaurant,higher-income trade area,MEM_compstore_restaurants.csv
38671,38671,Southaven,MS,DeSoto,34.96376,-89.99567,37288.0,2.61,648.3,RURAL,58854,millennial,1.8102389078498295,351.0,8323.0,83.0,0,Social Dining Market,Fast-service restaurant,mid-market trade area,MEM_compstore_restaurants.csv
38134,38134,Memphis,TN,Shelby,35.17674,-89.85992,42789.0,2.67,913.5,RURAL,57630,millennial,-2.9683885890516577,1590.0,31577.0,90.0,0,Social Dining Market,Fast-service restaurant,mid-market trade area,MEM_compstore_restaurants.csv
38053,38053,Millington,TN,Shelby,35.33583,-89.95,25556.0,2.63,60.2,RURAL,57012,adult,-3.827193015466827,1590.0,31577.0,41.0,0,Social Dining Market,Beverage-led restaurant,mid-market trade area,MEM_compstore_restaurants.csv
38128,38128,Memphis,TN,Shelby,35.22623,-89.92612,44400.0,2.78,688.7,RURAL,40497,millennial,-1.9975720119192142,1590.0,31577.0,43.0,8,Social Dining Market,General restaurant,value-oriented trade area,MEM_compstore_restaurants.csv
38133,38133,Memphis,TN,Shelby,35.21292,-89.79474,21383.0,2.69,632.7,RURAL,74775,millennial,0.3519804768162193,1590.0,31577.0,85.0,9,Premium Dining Market,Seafood-focused restaurant,higher-income trade area,MEM_compstore_restaurants.csv
38104,38104,Memphis,TN,Shelby,35.13253,-90.00435,23408.0,1.76,1764.8,SUBURBAN,53351,millennial,-0.7883360176316013,1590.0,31577.0,112.0,0,Social Dining Market,Beverage-led restaurant,mid-market trade area,MEM_compstore_restaurants.csv
38017,38017,Collierville,TN,Shelby,35.06722,-89.65347,55570.0,2.83,267.7,RURAL,131354,adult,3.716008137516565,1590.0,31577.0,74.0,9,Premium Dining Market,Health-oriented restaurant,higher-income trade area,MEM_compstore_restaurants.csv
38018,38018,Cordova,TN,Shelby,35.13781,-89.76647,38338.0,2.71,797.3,RURAL,82355,millennial,2.837982832618026,1590.0,31577.0,82.0,9,Premium Dining Market,Mexican cuisine restaurant,higher-income trade area,MEM_compstore_restaurants.csv
38119,38119,Memphis,TN,Shelby,35.07986,-89.84593,22990.0,2.31,1027.6,SUBURBAN,92500,adult,-2.1327316844749054,1590.0,31577.0,63.0,4,Premium Dining Market,Asian cuisine restaurant,higher-income trade area,MEM_compstore_restaurants.csv
72364,72364,Marion,AR,Crittenden,35.2126,-90.18573,16314.0,2.68,77.4,RURAL,73762,millennial,2.391263415552627,66.0,1111.0,19.0,5,Social Dining Market,General restaurant,higher-income trade area,MEM_compstore_restaurants.csv
38111,38111,Memphis,TN,Shelby,35.11014,-89.94429,42322.0,2.35,1656.5,SUBURBAN,50151,millennial,-3.833306823604263,1590.0,31577.0,79.0,0,Social Dining Market,Mexican cuisine restaurant,mid-market trade area,MEM_compstore_restaurants.csv
38668,38668,Senatobia,MS,Tate,34.60109,-89.92505,14076.0,2.51,35.6,RURAL,67077,millennial,-0.4526166902404526,44.0,560.0,16.0,5,Social Dining Market,Mexican cuisine restaurant,mid-market trade area,MEM_compstore_restaurants.csv
72301,72301,West Memphis,AR,Crittenden,35.13363,-90.17883,24404.0,2.47,313.2,RURAL,41022,millennial,-1.4895248859645582,66.0,1111.0,37.0,3,Family Value Market,Wings-focused restaurant,value-oriented trade area,MEM_compstore_restaurants.csv
38138,38138,Germantown,TN,Shelby,35.08477,-89.7993,25465.0,2.52,819.5,RURAL,122627,adult,2.5326139474955713,1590.0,31577.0,82.0,4,Premium Dining Market,General restaurant,higher-income trade area,MEM_compstore_restaurants.csv
38134,38134,Memphis,TN,Shelby,35.17674,-89.85992,42789.0,2.67,913.5,RURAL,57630,millennial,-2.9683885890516577,1590.0,31577.0,90.0,0,Social Dining Market,Wings-focused restaurant,mid-market trade area,MEM_compstore_restaurants.csv
38134,38134,Memphis,TN,Shelby,35.17674,-89.85992,42789.0,2.67,913.5,RURAL,57630,millennial,-2.9683885890516577,1590.0,31577.0,90.0,0,Social Dining Market,Asian cuisine restaurant,mid-market trade area,MEM_compstore_restaurants.csv
38139,38139,Germantown,TN,Shelby,35.08615,-89.75581,16627.0,2.85,730.4,RURAL,174396,adult,3.7890137328339577,1590.0,31577.0,17.0,13,Social Dining Market,General restaurant,higher-income trade area,MEM_compstore_restaurants.csv
38135,38135,Memphis,TN,Shelby,35.23876,-89.8497,30917.0,2.84,908.3,RURAL,88987,adult,4.456382187985675,1590.0,31577.0,7.0,11,Healthy Lifestyle Market,Seafood-focused restaurant,higher-income trade area,MEM_compstore_restaurants.csv
38134,38134,Memphis,TN,Shelby,35.17674,-89.85992,42789.0,2.67,913.5,RURAL,57630,millennial,-2.9683885890516577,1590.0,31577.0,90.0,0,Social Dining Market,Seafood-focused restaurant,mid-market trade area,MEM_compstore_restaurants.csv
38117,38117,Memphis,TN,Shelby,35.11504,-89.90551,26430.0,2.29,1059.9,SUBURBAN,91680,adult,0.6627056672760512,1590.0,31577.0,84.0,4,Premium Dining Market,Beverage-led restaurant,higher-income trade area,MEM_compstore_restaurants.csv
38111,38111,Memphis,TN,Shelby,35.11014,-89.94429,42322.0,2.35,1656.5,SUBURBAN,50151,millennial,-3.833306823604263,1590.0,31577.0,79.0,0,Social Dining Market,Seafood-focused restaurant,mid-market trade area,MEM_compstore_restaurants.csv
38057,38057,Moscow,TN,Fayette,35.05381,-89.36772,3488.0,2.38,12.9,RURAL,85487,adult,-13.855272906890589,33.0,417.0,1.0,2,Family Value Market,Fast-service restaurant,higher-income trade area,MEM_compstore_restaurants.csv
38018,38018,Cordova,TN,Shelby,35.13781,-89.76647,38338.0,2.71,797.3,RURAL,82355,millennial,2.837982832618026,1590.0,31577.0,82.0,9,Premium Dining Market,Mexican cuisine restaurant,higher-income trade area,MEM_compstore_restaurants.csv
38103,38103,Memphis,TN,Shelby,35.15308,-90.05518,13981.0,1.53,2115.1,SUBURBAN,89851,millennial,-0.40604074654509187,1590.0,31577.0,91.0,4,Premium Dining Market,Seafood-focused restaurant,higher-income trade area,MEM_compstore_restaurants.csv
38018,38018,Cordova,TN,Shelby,35.13781,-89.76647,38338.0,2.71,797.3,RURAL,82355,millennial,2.837982832618026,1590.0,31577.0,82.0,9,Premium Dining Market,Health-oriented restaurant,higher-income trade area,MEM_compstore_restaurants.csv
38019,38019,Covington,TN,Tipton,35.56114,-89.6304,15466.0,2.55,43.3,RURAL,57124,millennial,-2.262386248736097,70.0,1131.0,23.0,1,Premium Dining Market,Health-oriented restaurant,mid-market trade area,MEM_compstore_restaurants.csv
38134,38134,Memphis,TN,Shelby,35.17674,-89.85992,42789.0,2.67,913.5,RURAL,57630,millennial,-2.9683885890516577,1590.0,31577.0,90.0,0,Social Dining Market,Health-oriented restaurant,mid-market trade area,MEM_compstore_restaurants.csv
38135,38135,Memphis,TN,Shelby,35.23876,-89.8497,30917.0,2.84,908.3,RURAL,88987,adult,4.456382187985675,1590.0,31577.0,7.0,11,Healthy Lifestyle Market,Health-oriented restaurant,higher-income trade area,MEM_compstore_restaurants.csv
38139,38139,Germantown,TN,Shelby,35.08615,-89.75581,16627.0,2.85,730.4,RURAL,174396,adult,3.7890137328339577,1590.0,31577.0,17.0,13,Social Dining Market,General restaurant,higher-income trade area,MEM_compstore_restaurants.csv
38134,38134,Memphis,TN,Shelby,35.17674,-89.85992,42789.0,2.67,913.5,RURAL,57630,millennial,-2.9683885890516577,1590.0,31577.0,90.0,0,Social Dining Market,General restaurant,mid-market trade area,MEM_compstore_restaurants.csv
38118,38118,Memphis,TN,Shelby,35.03655,-89.93021,39373.0,2.97,495.6,RURAL,41830,young,1.0263515767326097,1590.0,31577.0,54.0,8,Social Dining Market,Mexican cuisine restaurant,value-oriented trade area,MEM_compstore_restaurants.csv
38017,38017,Collierville,TN,Shelby,35.06722,-89.65347,55570.0,2.83,267.7,RURAL,131354,adult,3.716008137516565,1590.0,31577.0,74.0,9,Premium Dining Market,Mexican cuisine restaurant,higher-income trade area,MEM_compstore_restaurants.csv
38141,38141,Memphis,TN,Shelby,35.01599,-89.85472,23123.0,2.91,1184.3,SUBURBAN,67584,millennial,4.110760918505178,1590.0,31577.0,20.0,5,Social Dining Market,Seafood-focused restaurant,mid-market trade area,MEM_compstore_restaurants.csv
38016,38016,Cordova,TN,Shelby,35.17956,-89.76046,46394.0,2.49,940.8,RURAL,72749,millennial,0.23549746138057684,1590.0,31577.0,83.0,4,Premium Dining Market,Seafood-focused restaurant,higher-income trade area,MEM_compstore_restaurants.csv
38111,38111,Memphis,TN,Shelby,35.11014,-89.94429,42322.0,2.35,1656.5,SUBURBAN,50151,millennial,-3.833306823604263,1590.0,31577.0,79.0,0,Social Dining Market,General restaurant,mid-market trade area,MEM_compstore_restaurants.csv
38125,38125,Memphis,TN,Shelby,35.02537,-89.78936,43305.0,2.8,875.1,RURAL,80116,millennial,16.983629585607,1590.0,31577.0,50.0,9,Premium Dining Market,Fast-service restaurant,higher-income trade area,MEM_compstore_restaurants.csv
38017,38017,Collierville,TN,Shelby,35.06722,-89.65347,55570.0,2.83,267.7,RURAL,131354,adult,3.716008137516565,1590.0,31577.0,74.0,9,Premium Dining Market,Fast-service restaurant,higher-income trade area,MEM_compstore_restaurants.csv
38637,38637,Horn Lake,MS,DeSoto,34.95105,-90.05004,26652.0,2.66,649.4,RURAL,57111,millennial,-1.2852327863994963,351.0,8323.0,44.0,0,Social Dining Market,Asian cuisine restaurant,mid-market trade area,MEM_compstore_restaurants.csv
38108,38108,Memphis,TN,Shelby,35.1763,-89.96382,17629.0,2.67,892.7,RURAL,29757,millennial,-0.09067724567866252,1590.0,31577.0,10.0,3,Family Value Market,Wings-focused restaurant,value-oriented trade area,MEM_compstore_restaurants.csv
38141,38141,Memphis,TN,Shelby,35.01599,-89.85472,23123.0,2.91,1184.3,SUBURBAN,67584,millennial,4.110760918505178,1590.0,31577.0,20.0,5,Social Dining Market,General restaurant,mid-market trade area,MEM_compstore_restaurants.csv
38654,38654,Olive Branch,MS,DeSoto,34.93635,-89.82409,56449.0,2.73,243.5,RURAL,96145,millennial,10.70602078838988,351.0,8323.0,98.0,9,Premium Dining Market,Fast-service restaurant,higher-income trade area,MEM_compstore_restaurants.csv
38019,38019,Covington,TN,Tipton,35.56114,-89.6304,15466.0,2.55,43.3,RURAL,57124,millennial,-2.262386248736097,70.0,1131.0,23.0,1,Premium Dining Market,Fast-service restaurant,mid-market trade area,MEM_compstore_restaurants.csv
38637,38637,Horn Lake,MS,DeSoto,34.95105,-90.05004,26652.0,2.66,649.4,RURAL,57111,millennial,-1.2852327863994963,351.0,8323.0,44.0,0,Social Dining Market,Wings-focused restaurant,mid-market trade area,MEM_compstore_restaurants.csv
38116,38116,Memphis,TN,Shelby,35.03213,-90.01001,40212.0,2.61,787.7,RURAL,42354,millennial,-0.5785491766800178,1590.0,31577.0,70.0,8,Social Dining Market,Wings-focused restaurant,value-oriented trade area,MEM_compstore_restaurants.csv
38109,38109,Memphis,TN,Shelby,35.0341,-90.13533,45204.0,2.7,274.5,RURAL,35018,millennial,2.5987879888331555,1590.0,31577.0,23.0,3,Family Value Market,Seafood-focused restaurant,value-oriented trade area,MEM_compstore_restaurants.csv
38118,38118,Memphis,TN,Shelby,35.03655,-89.93021,39373.0,2.97,495.6,RURAL,41830,young,1.0263515767326097,1590.0,31577.0,54.0,8,Social Dining Market,Wings-focused restaurant,value-oriented trade area,MEM_compstore_restaurants.csv
72331,72331,Earle,AR,Crittenden,35.28537,-90.46733,2309.0,2.69,6.0,RURAL,43594,adult,-22.646566164154102,66.0,1111.0,1.0,2,Family Value Market,Seafood-focused restaurant,value-oriented trade area,MEM_compstore_restaurants.csv
38127,38127,Memphis,TN,Shelby,35.23795,-90.01753,40565.0,2.89,404.3,RURAL,34781,millennial,-9.74122777740694,1590.0,31577.0,29.0,3,Family Value Market,Wings-focused restaurant,value-oriented trade area,MEM_compstore_restaurants.csv
38133,38133,Memphis,TN,Shelby,35.21292,-89.79474,21383.0,2.69,632.7,RURAL,74775,millennial,0.3519804768162193,1590.0,31577.0,85.0,9,Premium Dining Market,Wings-focused restaurant,higher-income trade area,MEM_compstore_restaurants.csv
38111,38111,Memphis,TN,Shelby,35.11014,-89.94429,42322.0,2.35,1656.5,SUBURBAN,50151,millennial,-3.833306823604263,1590.0,31577.0,79.0,0,Social Dining Market,General restaurant,mid-market trade area,MEM_compstore_restaurants.csv
38112,38112,Memphis,TN,Shelby,35.14791,-89.97661,16334.0,2.25,1350.5,SUBURBAN,49560,millennial,-3.1427893738140416,1590.0,31577.0,28.0,0,Social Dining Market,General restaurant,mid-market trade area,MEM_compstore_restaurants.csv
38018,38018,Cordova,TN,Shelby,35.13781,-89.76647,38338.0,2.71,797.3,RURAL,82355,millennial,2.837982832618026,1590.0,31577.0,82.0,9,Premium Dining Market,General restaurant,higher-income trade area,MEM_compstore_restaurants.csv
38107,38107,Memphis,TN,Shelby,35.17054,-90.02397,14509.0,2.21,985.8,RURAL,34325,millennial,-13.130164052209317,1590.0,31577.0,15.0,11,Healthy Lifestyle Market,Seafood-focused restaurant,value-oriented trade area,MEM_compstore_restaurants.csv
38632,38632,Hernando,MS,DeSoto,34.79973,-90.00629,29491.0,2.69,74.7,RURAL,80956,millennial,9.864769213575233,351.0,8323.0,28.0,5,Social Dining Market,Fast-service restaurant,higher-income trade area,MEM_compstore_restaurants.csv
38134,38134,Memphis,TN,Shelby,35.17674,-89.85992,42789.0,2.67,913.5,RURAL,57630,millennial,-2.9683885890516577,1590.0,31577.0,90.0,0,Social Dining Market,General restaurant,mid-market trade area,MEM_compstore_restaurants.csv
38134,38134,Memphis,TN,Shelby,35.17674,-89.85992,42789.0,2.67,913.5,RURAL,57630,millennial,-2.9683885890516577,1590.0,31577.0,90.0,0,Social Dining Market,General restaurant,mid-market trade area,MEM_compstore_restaurants.csv
38637,38637,Horn Lake,MS,DeSoto,34.95105,-90.05004,26652.0,2.66,649.4,RURAL,57111,millennial,-1.2852327863994963,351.0,8323.0,44.0,0,Social Dining Market,General restaurant,mid-market trade area,MEM_compstore_restaurants.csv
72301,72301,West Memphis,AR,Crittenden,35.13363,-90.17883,24404.0,2.47,313.2,RURAL,41022,millennial,-1.4895248859645582,66.0,1111.0,37.0,3,Family Value Market,General restaurant,value-oriented trade area,MEM_compstore_restaurants.csv
38115,38115,Memphis,TN,Shelby,35.05499,-89.86362,36574.0,2.25,1731.5,SUBURBAN,39176,young,-11.693266050172635,1590.0,31577.0,65.0,8,Social Dining Market,General restaurant,value-oriented trade area,MEM_compstore_restaurants.csv
38632,38632,Hernando,MS,DeSoto,34.79973,-90.00629,29491.0,2.69,74.7,RURAL,80956,millennial,9.864769213575233,351.0,8323.0,28.0,5,Social Dining Market,General restaurant,higher-income trade area,MEM_compstore_restaurants.csv
38103,38103,Memphis,TN,Shelby,35.15308,-90.05518,13981.0,1.53,2115.1,SUBURBAN,89851,millennial,-0.40604074654509187,1590.0,31577.0,91.0,4,Premium Dining Market,General restaurant,higher-income trade area,MEM_compstore_restaurants.csv
38103,38103,Memphis,TN,Shelby,35.15308,-90.05518,13981.0,1.53,2115.1,SUBURBAN,89851,millennial,-0.40604074654509187,1590.0,31577.0,91.0,4,Premium Dining Market,General restaurant,higher-income trade area,MEM_compstore_restaurants.csv
38122,38122,Memphis,TN,Shelby,35.1571,-89.92247,24014.0,2.67,1473.8,SUBURBAN,45065,millennial,-5.901253918495298,1590.0,31577.0,56.0,0,Social Dining Market,Health-oriented restaurant,value-oriented trade area,MEM_compstore_restaurants.csv
38041,38041,Henning,TN,Lauderdale,35.64397,-89.70204,4525.0,2.44,15.7,RURAL,50886,millennial,-3.2085561497326207,20.0,345.0,1.0,6,Comfort Dining Market,General restaurant,mid-market trade area,MEM_compstore_restaurants.csv
38104,38104,Memphis,TN,Shelby,35.13253,-90.00435,23408.0,1.76,1764.8,SUBURBAN,53351,millennial,-0.7883360176316013,1590.0,31577.0,112.0,0,Social Dining Market,Health-oriented restaurant,mid-market trade area,MEM_compstore_restaurants.csv
38138,38138,Germantown,TN,Shelby,35.08477,-89.7993,25465.0,2.52,819.5,RURAL,122627,adult,2.5326139474955713,1590.0,31577.0,82.0,4,Premium Dining Market,Health-oriented restaurant,higher-income trade area,MEM_compstore_restaurants.csv
38632,38632,Hernando,MS,DeSoto,34.79973,-90.00629,29491.0,2.69,74.7,RURAL,80956,millennial,9.864769213575233,351.0,8323.0,28.0,5,Social Dining Market,Mexican cuisine restaurant,higher-income trade area,MEM_compstore_restaurants.csv
38111,38111,Memphis,TN,Shelby,35.11014,-89.94429,42322.0,2.35,1656.5,SUBURBAN,50151,millennial,-3.833306823604263,1590.0,31577.0,79.0,0,Social Dining Market,Asian cuisine restaurant,mid-market trade area,MEM_compstore_restaurants.csv
38104,38104,Memphis,TN,Shelby,35.13253,-90.00435,23408.0,1.76,1764.8,SUBURBAN,53351,millennial,-0.7883360176316013,1590.0,31577.0,112.0,0,Social Dining Market,Beverage-led restaurant,mid-market trade area,MEM_compstore_restaurants.csv
38120,38120,Memphis,TN,Shelby,35.12344,-89.85237,13554.0,2.17,534.1,RURAL,112700,adult,-9.204180064308682,1590.0,31577.0,13.0,13,Social Dining Market,General restaurant,higher-income trade area,MEM_compstore_restaurants.csv
38134,38134,Memphis,TN,Shelby,35.17674,-89.85992,42789.0,2.67,913.5,RURAL,57630,millennial,-2.9683885890516577,1590.0,31577.0,90.0,0,Social Dining Market,Seafood-focused restaurant,mid-market trade area,MEM_compstore_restaurants.csv
38103,38103,Memphis,TN,Shelby,35.15308,-90.05518,13981.0,1.53,2115.1,SUBURBAN,89851,millennial,-0.40604074654509187,1590.0,31577.0,91.0,4,Premium Dining Market,Asian cuisine restaurant,higher-income trade area,MEM_compstore_restaurants.csv
38671,38671,Southaven,MS,DeSoto,34.96376,-89.99567,37288.0,2.61,648.3,RURAL,58854,millennial,1.8102389078498295,351.0,8323.0,83.0,0,Social Dining Market,Mexican cuisine restaurant,mid-market trade area,MEM_compstore_restaurants.csv
38103,38103,Memphis,TN,Shelby,35.15308,-90.05518,13981.0,1.53,2115.1,SUBURBAN,89851,millennial,-0.40604074654509187,1590.0,31577.0,91.0,4,Premium Dining Market,Fast-service restaurant,higher-income trade area,MEM_compstore_restaurants.csv
38111,38111,Memphis,TN,Shelby,35.11014,-89.94429,42322.0,2.35,1656.5,SUBURBAN,50151,millennial,-3.833306823604263,1590.0,31577.0,79.0,0,Social Dining Market,Seafood-focused restaurant,mid-market trade area,MEM_compstore_restaurants.csv
38103,38103,Memphis,TN,Shelby,35.15308,-90.05518,13981.0,1.53,2115.1,SUBURBAN,89851,millennial,-0.40604074654509187,1590.0,31577.0,91.0,4,Premium Dining Market,Beverage-led restaurant,higher-income trade area,MEM_compstore_restaurants.csv
38104,38104,Memphis,TN,Shelby,35.13253,-90.00435,23408.0,1.76,1764.8,SUBURBAN,53351,millennial,-0.7883360176316013,1590.0,31577.0,112.0,0,Social Dining Market,Health-oriented restaurant,mid-market trade area,MEM_compstore_restaurants.csv
38632,38632,Hernando,MS,DeSoto,34.79973,-90.00629,29491.0,2.69,74.7,RURAL,80956,millennial,9.864769213575233,351.0,8323.0,28.0,5,Social Dining Market,Beverage-led restaurant,higher-income trade area,MEM_compstore_restaurants.csv
72301,72301,West Memphis,AR,Crittenden,35.13363,-90.17883,24404.0,2.47,313.2,RURAL,41022,millennial,-1.4895248859645582,66.0,1111.0,37.0,3,Family Value Market,General restaurant,value-oriented trade area,MEM_compstore_restaurants.csv
38654,38654,Olive Branch,MS,DeSoto,34.93635,-89.82409,56449.0,2.73,243.5,RURAL,96145,millennial,10.70602078838988,351.0,8323.0,98.0,9,Premium Dining Market,General restaurant,higher-income trade area,MEM_compstore_restaurants.csv
38018,38018,Cordova,TN,Shelby,35.13781,-89.76647,38338.0,2.71,797.3,RURAL,82355,millennial,2.837982832618026,1590.0,31577.0,82.0,9,Premium Dining Market,General restaurant,higher-income trade area,MEM_compstore_restaurants.csv
38138,38138,Germantown,TN,Shelby,35.08477,-89.7993,25465.0,2.52,819.5,RURAL,122627,adult,2.5326139474955713,1590.0,31577.0,82.0,4,Premium Dining Market,Health-oriented restaurant,higher-income trade area,MEM_compstore_restaurants.csv
38053,38053,Millington,TN,Shelby,35.33583,-89.95,25556.0,2.63,60.2,RURAL,57012,adult,-3.827193015466827,1590.0,31577.0,41.0,0,Social Dining Market,Beverage-led restaurant,mid-market trade area,MEM_compstore_restaurants.csv
38002,38002,Arlington,TN,Shelby,35.28854,-89.70926,42797.0,2.86,145.7,RURAL,109364,adult,5.297214841058951,1590.0,31577.0,59.0,9,Premium Dining Market,General restaurant,higher-income trade area,MEM_compstore_restaurants.csv
38139,38139,Germantown,TN,Shelby,35.08615,-89.75581,16627.0,2.85,730.4,RURAL,174396,adult,3.7890137328339577,1590.0,31577.0,17.0,13,Social Dining Market,Beverage-led restaurant,higher-income trade area,MEM_compstore_restaurants.csv
38138,38138,Germantown,TN,Shelby,35.08477,-89.7993,25465.0,2.52,819.5,RURAL,122627,adult,2.5326139474955713,1590.0,31577.0,82.0,4,Premium Dining Market,General restaurant,higher-income trade area,MEM_compstore_restaurants.csv
38138,38138,Germantown,TN,Shelby,35.08477,-89.7993,25465.0,2.52,819.5,RURAL,122627,adult,2.5326139474955713,1590.0,31577.0,82.0,4,Premium Dining Market,General restaurant,higher-income trade area,MEM_compstore_restaurants.csv
38141,38141,Memphis,TN,Shelby,35.01599,-89.85472,23123.0,2.91,1184.3,SUBURBAN,67584,millennial,4.110760918505178,1590.0,31577.0,20.0,5,Social Dining Market,Health-oriented restaurant,mid-market trade area,MEM_compstore_restaurants.csv
38112,38112,Memphis,TN,Shelby,35.14791,-89.97661,16334.0,2.25,1350.5,SUBURBAN,49560,millennial,-3.1427893738140416,1590.0,31577.0,28.0,0,Social Dining Market,General restaurant,mid-market trade area,MEM_compstore_restaurants.csv
38125,38125,Memphis,TN,Shelby,35.02537,-89.78936,43305.0,2.8,875.1,RURAL,80116,millennial,16.983629585607,1590.0,31577.0,50.0,9,Premium Dining Market,Fast-service restaurant,higher-income trade area,MEM_compstore_restaurants.csv
38117,38117,Memphis,TN,Shelby,35.11504,-89.90551,26430.0,2.29,1059.9,SUBURBAN,91680,adult,0.6627056672760512,1590.0,31577.0,84.0,4,Premium Dining Market,Fast-service restaurant,higher-income trade area,MEM_compstore_restaurants.csv
72301,72301,West Memphis,AR,Crittenden,35.13363,-90.17883,24404.0,2.47,313.2,RURAL,41022,millennial,-1.4895248859645582,66.0,1111.0,37.0,3,Family Value Market,Fast-service restaurant,value-oriented trade area,MEM_compstore_restaurants.csv
38133,38133,Memphis,TN,Shelby,35.21292,-89.79474,21383.0,2.69,632.7,RURAL,74775,millennial,0.3519804768162193,1590.0,31577.0,85.0,9,Premium Dining Market,Fast-service restaurant,higher-income trade area,MEM_compstore_restaurants.csv
38134,38134,Memphis,TN,Shelby,35.17674,-89.85992,42789.0,2.67,913.5,RURAL,57630,millennial,-2.9683885890516577,1590.0,31577.0,90.0,0,Social Dining Market,Seafood-focused restaurant,mid-market trade area,MEM_compstore_restaurants.csv
38668,38668,Senatobia,MS,Tate,34.60109,-89.92505,14076.0,2.51,35.6,RURAL,67077,millennial,-0.4526166902404526,44.0,560.0,16.0,5,Social Dining Market,Beverage-led restaurant,mid-market trade area,MEM_compstore_restaurants.csv
38671,38671,Southaven,MS,DeSoto,34.96376,-89.99567,37288.0,2.61,648.3,RURAL,58854,millennial,1.8102389078498295,351.0,8323.0,83.0,0,Social Dining Market,Fast-service restaurant,mid-market trade area,MEM_compstore_restaurants.csv
72301,72301,West Memphis,AR,Crittenden,35.13363,-90.17883,24404.0,2.47,313.2,RURAL,41022,millennial,-1.4895248859645582,66.0,1111.0,37.0,3,Family Value Market,Fast-service restaurant,value-oriented trade area,MEM_compstore_restaurants.csv
38134,38134,Memphis,TN,Shelby,35.17674,-89.85992,42789.0,2.67,913.5,RURAL,57630,millennial,-2.9683885890516577,1590.0,31577.0,90.0,0,Social Dining Market,Fast-service restaurant,mid-market trade area,MEM_compstore_restaurants.csv
38115,38115,Memphis,TN,Shelby,35.05499,-89.86362,36574.0,2.25,1731.5,SUBURBAN,39176,young,-11.693266050172635,1590.0,31577.0,65.0,8,Social Dining Market,Fast-service restaurant,value-oriented trade area,MEM_compstore_restaurants.csv
72364,72364,Marion,AR,Crittenden,35.2126,-90.18573,16314.0,2.68,77.4,RURAL,73762,millennial,2.391263415552627,66.0,1111.0,19.0,5,Social Dining Market,Fast-service restaurant,higher-income trade area,MEM_compstore_restaurants.csv
38060,38060,Oakland,TN,Fayette,35.21214,-89.50468,11713.0,2.56,108.0,RURAL,80478,adult,21.37823834196891,33.0,417.0,22.0,1,Premium Dining Market,Health-oriented restaurant,higher-income trade area,MEM_compstore_restaurants.csv
38104,38104,Memphis,TN,Shelby,35.13253,-90.00435,23408.0,1.76,1764.8,SUBURBAN,53351,millennial,-0.7883360176316013,1590.0,31577.0,112.0,0,Social Dining Market,Health-oriented restaurant,mid-market trade area,MEM_compstore_restaurants.csv
38125,38125,Memphis,TN,Shelby,35.02537,-89.78936,43305.0,2.8,875.1,RURAL,80116,millennial,16.983629585607,1590.0,31577.0,50.0,9,Premium Dining Market,Asian cuisine restaurant,higher-income trade area,MEM_compstore_restaurants.csv
72396,72396,Wynne,AR,Cross,35.22966,-90.83559,12771.0,2.53,20.3,RURAL,51644,adult,-1.3136542771037787,24.0,341.0,13.0,11,Healthy Lifestyle Market,Mexican cuisine restaurant,mid-market trade area,MEM_compstore_restaurants.csv
38106,38106,Memphis,TN,Shelby,35.10067,-90.0375,23140.0,2.44,778.4,RURAL,29098,adult,-7.001044932079415,1590.0,31577.0,22.0,3,Family Value Market,Seafood-focused restaurant,value-oriented trade area,MEM_compstore_restaurants.csv
38104,38104,Memphis,TN,Shelby,35.13253,-90.00435,23408.0,1.76,1764.8,SUBURBAN,53351,millennial,-0.7883360176316013,1590.0,31577.0,112.0,0,Social Dining Market,Beverage-led restaurant,mid-market trade area,MEM_compstore_restaurants.csv
38671,38671,Southaven,MS,DeSoto,34.96376,-89.99567,37288.0,2.61,648.3,RURAL,58854,millennial,1.8102389078498295,351.0,8323.0,83.0,0,Social Dining Market,General restaurant,mid-market trade area,MEM_compstore_restaurants.csv
38138,38138,Germantown,TN,Shelby,35.08477,-89.7993,25465.0,2.52,819.5,RURAL,122627,adult,2.5326139474955713,1590.0,31577.0,82.0,4,Premium Dining Market,General restaurant,higher-income trade area,MEM_compstore_restaurants.csv
38104,38104,Memphis,TN,Shelby,35.13253,-90.00435,23408.0,1.76,1764.8,SUBURBAN,53351,millennial,-0.7883360176316013,1590.0,31577.0,112.0,0,Social Dining Market,Health-oriented restaurant,mid-market trade area,MEM_compstore_restaurants.csv
38117,38117,Memphis,TN,Shelby,35.11504,-89.90551,26430.0,2.29,1059.9,SUBURBAN,91680,adult,0.6627056672760512,1590.0,31577.0,84.0,4,Premium Dining Market,Asian cuisine restaurant,higher-income trade area,MEM_compstore_restaurants.csv
38104,38104,Memphis,TN,Shelby,35.13253,-90.00435,23408.0,1.76,1764.8,SUBURBAN,53351,millennial,-0.7883360176316013,1590.0,31577.0,112.0,0,Social Dining Market,Health-oriented restaurant,mid-market trade area,MEM_compstore_restaurants.csv
38103,38103,Memphis,TN,Shelby,35.15308,-90.05518,13981.0,1.53,2115.1,SUBURBAN,89851,millennial,-0.40604074654509187,1590.0,31577.0,91.0,4,Premium Dining Market,Health-oriented restaurant,higher-income trade area,MEM_compstore_restaurants.csv
38109,38109,Memphis,TN,Shelby,35.0341,-90.13533,45204.0,2.7,274.5,RURAL,35018,millennial,2.5987879888331555,1590.0,31577.0,23.0,3,Family Value Market,Health-oriented restaurant,value-oriented trade area,MEM_compstore_restaurants.csv
38637,38637,Horn Lake,MS,DeSoto,34.95105,-90.05004,26652.0,2.66,649.4,RURAL,57111,millennial,-1.2852327863994963,351.0,8323.0,44.0,0,Social Dining Market,Wings-focused restaurant,mid-market trade area,MEM_compstore_restaurants.csv
38122,38122,Memphis,TN,Shelby,35.1571,-89.92247,24014.0,2.67,1473.8,SUBURBAN,45065,millennial,-5.901253918495298,1590.0,31577.0,56.0,0,Social Dining Market,Beverage-led restaurant,value-oriented trade area,MEM_compstore_restaurants.csv
38103,38103,Memphis,TN,Shelby,35.15308,-90.05518,13981.0,1.53,2115.1,SUBURBAN,89851,millennial,-0.40604074654509187,1590.0,31577.0,91.0,4,Premium Dining Market,Fast-service restaurant,higher-income trade area,MEM_compstore_restaurants.csv
38115,38115,Memphis,TN,Shelby,35.05499,-89.86362,36574.0,2.25,1731.5,SUBURBAN,39176,young,-11.693266050172635,1590.0,31577.0,65.0,8,Social Dining Market,Fast-service restaurant,value-oriented trade area,MEM_compstore_restaurants.csv
38103,38103,Memphis,TN,Shelby,35.15308,-90.05518,13981.0,1.53,2115.1,SUBURBAN,89851,millennial,-0.40604074654509187,1590.0,31577.0,91.0,4,Premium Dining Market,Mexican cuisine restaurant,higher-income trade area,MEM_compstore_restaurants.csv
38018,38018,Cordova,TN,Shelby,35.13781,-89.76647,38338.0,2.71,797.3,RURAL,82355,millennial,2.837982832618026,1590.0,31577.0,82.0,9,Premium Dining Market,Health-oriented restaurant,higher-income trade area,MEM_compstore_restaurants.csv
38637,38637,Horn Lake,MS,DeSoto,34.95105,-90.05004,26652.0,2.66,649.4,RURAL,57111,millennial,-1.2852327863994963,351.0,8323.0,44.0,0,Social Dining Market,Beverage-led restaurant,mid-market trade area,MEM_compstore_restaurants.csv
38138,38138,Germantown,TN,Shelby,35.08477,-89.7993,25465.0,2.52,819.5,RURAL,122627,adult,2.5326139474955713,1590.0,31577.0,82.0,4,Premium Dining Market,Beverage-led restaurant,higher-income trade area,MEM_compstore_restaurants.csv
72335,72335,Forrest City,AR,St. Francis,34.99042,-90.75645,16320.0,2.49,39.8,RURAL,40237,millennial,-16.406290016903142,26.0,369.0,13.0,3,Family Value Market,Beverage-led restaurant,value-oriented trade area,MEM_compstore_restaurants.csv
72301,72301,West Memphis,AR,Crittenden,35.13363,-90.17883,24404.0,2.47,313.2,RURAL,41022,millennial,-1.4895248859645582,66.0,1111.0,37.0,3,Family Value Market,Beverage-led restaurant,value-oriented trade area,MEM_compstore_restaurants.csv
38671,38671,Southaven,MS,DeSoto,34.96376,-89.99567,37288.0,2.61,648.3,RURAL,58854,millennial,1.8102389078498295,351.0,8323.0,83.0,0,Social Dining Market,Beverage-led restaurant,mid-market trade area,MEM_compstore_restaurants.csv
38654,38654,Olive Branch,MS,DeSoto,34.93635,-89.82409,56449.0,2.73,243.5,RURAL,96145,millennial,10.70602078838988,351.0,8323.0,98.0,9,Premium Dining Market,General restaurant,higher-income trade area,MEM_compstore_restaurants.csv
38019,38019,Covington,TN,Tipton,35.56114,-89.6304,15466.0,2.55,43.3,RURAL,57124,millennial,-2.262386248736097,70.0,1131.0,23.0,1,Premium Dining Market,Asian cuisine restaurant,mid-market trade area,MEM_compstore_restaurants.csv
38017,38017,Collierville,TN,Shelby,35.06722,-89.65347,55570.0,2.83,267.7,RURAL,131354,adult,3.716008137516565,1590.0,31577.0,74.0,9,Premium Dining Market,Mexican cuisine restaurant,higher-income trade area,MEM_compstore_restaurants.csv
38134,38134,Memphis,TN,Shelby,35.17674,-89.85992,42789.0,2.67,913.5,RURAL,57630,millennial,-2.9683885890516577,1590.0,31577.0,90.0,0,Social Dining Market,Wings-focused restaurant,mid-market trade area,MEM_compstore_restaurants.csv
38117,38117,Memphis,TN,Shelby,35.11504,-89.90551,26430.0,2.29,1059.9,SUBURBAN,91680,adult,0.6627056672760512,1590.0,31577.0,84.0,4,Premium Dining Market,Health-oriented restaurant,higher-income trade area,MEM_compstore_restaurants.csv
38016,38016,Cordova,TN,Shelby,35.17956,-89.76046,46394.0,2.49,940.8,RURAL,72749,millennial,0.23549746138057684,1590.0,31577.0,83.0,4,Premium Dining Market,Asian cuisine restaurant,higher-income trade area,MEM_compstore_restaurants.csv
38116,38116,Memphis,TN,Shelby,35.03213,-90.01001,40212.0,2.61,787.7,RURAL,42354,millennial,-0.5785491766800178,1590.0,31577.0,70.0,8,Social Dining Market,General restaurant,value-oriented trade area,MEM_compstore_restaurants.csv
38133,38133,Memphis,TN,Shelby,35.21292,-89.79474,21383.0,2.69,632.7,RURAL,74775,millennial,0.3519804768162193,1590.0,31577.0,85.0,9,Premium Dining Market,Asian cuisine restaurant,higher-income trade area,MEM_compstore_restaurants.csv
72301,72301,West Memphis,AR,Crittenden,35.13363,-90.17883,24404.0,2.47,313.2,RURAL,41022,millennial,-1.4895248859645582,66.0,1111.0,37.0,3,Family Value Market,Chicken-focused restaurant,value-oriented trade area,MEM_compstore_restaurants.csv
38111,38111,Memphis,TN,Shelby,35.11014,-89.94429,42322.0,2.35,1656.5,SUBURBAN,50151,millennial,-3.833306823604263,1590.0,31577.0,79.0,0,Social Dining Market,Wings-focused restaurant,mid-market trade area,MEM_compstore_restaurants.csv
38637,38637,Horn Lake,MS,DeSoto,34.95105,-90.05004,26652.0,2.66,649.4,RURAL,57111,millennial,-1.2852327863994963,351.0,8323.0,44.0,0,Social Dining Market,Beverage-led restaurant,mid-market trade area,MEM_compstore_restaurants.csv
38111,38111,Memphis,TN,Shelby,35.11014,-89.94429,42322.0,2.35,1656.5,SUBURBAN,50151,millennial,-3.833306823604263,1590.0,31577.0,79.0,0,Social Dining Market,Beverage-led restaurant,mid-market trade area,MEM_compstore_restaurants.csv
72301,72301,West Memphis,AR,Crittenden,35.13363,-90.17883,24404.0,2.47,313.2,RURAL,41022,millennial,-1.4895248859645582,66.0,1111.0,37.0,3,Family Value Market,Health-oriented restaurant,value-oriented trade area,MEM_compstore_restaurants.csv
38002,38002,Arlington,TN,Shelby,35.28854,-89.70926,42797.0,2.86,145.7,RURAL,109364,adult,5.297214841058951,1590.0,31577.0,59.0,9,Premium Dining Market,Health-oriented restaurant,higher-income trade area,MEM_compstore_restaurants.csv
38138,38138,Germantown,TN,Shelby,35.08477,-89.7993,25465.0,2.52,819.5,RURAL,122627,adult,2.5326139474955713,1590.0,31577.0,82.0,4,Premium Dining Market,Health-oriented restaurant,higher-income trade area,MEM_compstore_restaurants.csv
38138,38138,Germantown,TN,Shelby,35.08477,-89.7993,25465.0,2.52,819.5,RURAL,122627,adult,2.5326139474955713,1590.0,31577.0,82.0,4,Premium Dining Market,Asian cuisine restaurant,higher-income trade area,MEM_compstore_restaurants.csv
38632,38632,Hernando,MS,DeSoto,34.79973,-90.00629,29491.0,2.69,74.7,RURAL,80956,millennial,9.864769213575233,351.0,8323.0,28.0,5,Social Dining Market,General restaurant,higher-income trade area,MEM_compstore_restaurants.csv
38104,38104,Memphis,TN,Shelby,35.13253,-90.00435,23408.0,1.76,1764.8,SUBURBAN,53351,millennial,-0.7883360176316013,1590.0,31577.0,112.0,0,Social Dining Market,General restaurant,mid-market trade area,MEM_compstore_restaurants.csv
38135,38135,Memphis,TN,Shelby,35.23876,-89.8497,30917.0,2.84,908.3,RURAL,88987,adult,4.456382187985675,1590.0,31577.0,7.0,11,Healthy Lifestyle Market,General restaurant,higher-income trade area,MEM_compstore_restaurants.csv
38117,38117,Memphis,TN,Shelby,35.11504,-89.90551,26430.0,2.29,1059.9,SUBURBAN,91680,adult,0.6627056672760512,1590.0,31577.0,84.0,4,Premium Dining Market,Asian cuisine restaurant,higher-income trade area,MEM_compstore_restaurants.csv
38133,38133,Memphis,TN,Shelby,35.21292,-89.79474,21383.0,2.69,632.7,RURAL,74775,millennial,0.3519804768162193,1590.0,31577.0,85.0,9,Premium Dining Market,Asian cuisine restaurant,higher-income trade area,MEM_compstore_restaurants.csv
38120,38120,Memphis,TN,Shelby,35.12344,-89.85237,13554.0,2.17,534.1,RURAL,112700,adult,-9.204180064308682,1590.0,31577.0,13.0,13,Social Dining Market,Seafood-focused restaurant,higher-income trade area,MEM_compstore_restaurants.csv
38103,38103,Memphis,TN,Shelby,35.15308,-90.05518,13981.0,1.53,2115.1,SUBURBAN,89851,millennial,-0.40604074654509187,1590.0,31577.0,91.0,4,Premium Dining Market,Seafood-focused restaurant,higher-income trade area,MEM_compstore_restaurants.csv
38016,38016,Cordova,TN,Shelby,35.17956,-89.76046,46394.0,2.49,940.8,RURAL,72749,millennial,0.23549746138057684,1590.0,31577.0,83.0,4,Premium Dining Market,Health-oriented restaurant,higher-income trade area,MEM_compstore_restaurants.csv
38112,38112,Memphis,TN,Shelby,35.14791,-89.97661,16334.0,2.25,1350.5,SUBURBAN,49560,millennial,-3.1427893738140416,1590.0,31577.0,28.0,0,Social Dining Market,Beverage-led restaurant,mid-market trade area,MEM_compstore_restaurants.csv
38104,38104,Memphis,TN,Shelby,35.13253,-90.00435,23408.0,1.76,1764.8,SUBURBAN,53351,millennial,-0.7883360176316013,1590.0,31577.0,112.0,0,Social Dining Market,Asian cuisine restaurant,mid-market trade area,MEM_compstore_restaurants.csv
38016,38016,Cordova,TN,Shelby,35.17956,-89.76046,46394.0,2.49,940.8,RURAL,72749,millennial,0.23549746138057684,1590.0,31577.0,83.0,4,Premium Dining Market,General restaurant,higher-income trade area,MEM_compstore_restaurants.csv
38060,38060,Oakland,TN,Fayette,35.21214,-89.50468,11713.0,2.56,108.0,RURAL,80478,adult,21.37823834196891,33.0,417.0,22.0,1,Premium Dining Market,General restaurant,higher-income trade area,MEM_compstore_restaurants.csv
38668,38668,Senatobia,MS,Tate,34.60109,-89.92505,14076.0,2.51,35.6,RURAL,67077,millennial,-0.4526166902404526,44.0,560.0,16.0,5,Social Dining Market,Fast-service restaurant,mid-market trade area,MEM_compstore_restaurants.csv
38606,38606,Batesville,MS,Panola,34.30375,-89.9581,15509.0,2.68,24.9,RURAL,59444,millennial,2.6474286848898005,44.0,813.0,5.0,5,Social Dining Market,Chicken-focused restaurant,mid-market trade area,MEM_compstore_restaurants.csv
38671,38671,Southaven,MS,DeSoto,34.96376,-89.99567,37288.0,2.61,648.3,RURAL,58854,millennial,1.8102389078498295,351.0,8323.0,83.0,0,Social Dining Market,Asian cuisine restaurant,mid-market trade area,MEM_compstore_restaurants.csv
38127,38127,Memphis,TN,Shelby,35.23795,-90.01753,40565.0,2.89,404.3,RURAL,34781,millennial,-9.74122777740694,1590.0,31577.0,29.0,3,Family Value Market,Wings-focused restaurant,value-oriented trade area,MEM_compstore_restaurants.csv
38139,38139,Germantown,TN,Shelby,35.08615,-89.75581,16627.0,2.85,730.4,RURAL,174396,adult,3.7890137328339577,1590.0,31577.0,17.0,13,Social Dining Market,Beverage-led restaurant,higher-income trade area,MEM_compstore_restaurants.csv
38127,38127,Memphis,TN,Shelby,35.23795,-90.01753,40565.0,2.89,404.3,RURAL,34781,millennial,-9.74122777740694,1590.0,31577.0,29.0,3,Family Value Market,General restaurant,value-oriented trade area,MEM_compstore_restaurants.csv
38002,38002,Arlington,TN,Shelby,35.28854,-89.70926,42797.0,2.86,145.7,RURAL,109364,adult,5.297214841058951,1590.0,31577.0,59.0,9,Premium Dining Market,Mexican cuisine restaurant,higher-income trade area,MEM_compstore_restaurants.csv
38018,38018,Cordova,TN,Shelby,35.13781,-89.76647,38338.0,2.71,797.3,RURAL,82355,millennial,2.837982832618026,1590.0,31577.0,82.0,9,Premium Dining Market,Asian cuisine restaurant,higher-income trade area,MEM_compstore_restaurants.csv
38106,38106,Memphis,TN,Shelby,35.10067,-90.0375,23140.0,2.44,778.4,RURAL,29098,adult,-7.001044932079415,1590.0,31577.0,22.0,3,Family Value Market,Beverage-led restaurant,value-oriented trade area,MEM_compstore_restaurants.csv
38016,38016,Cordova,TN,Shelby,35.17956,-89.76046,46394.0,2.49,940.8,RURAL,72749,millennial,0.23549746138057684,1590.0,31577.0,83.0,4,Premium Dining Market,Seafood-focused restaurant,higher-income trade area,MEM_compstore_restaurants.csv
38665,38665,Sarah,MS,Tate,34.58165,-90.16693,3071.0,2.76,20.7,RURAL,65720,millennial,8.631057658295012,44.0,560.0,1.0,6,Comfort Dining Market,General restaurant,mid-market trade area,MEM_compstore_restaurants.csv
38618,38618,Coldwater,MS,Tate,34.70203,-89.93415,11221.0,2.44,19.2,RURAL,47205,adult,-8.504566210045663,44.0,560.0,3.0,11,Healthy Lifestyle Market,General restaurant,mid-market trade area,MEM_compstore_restaurants.csv
38117,38117,Memphis,TN,Shelby,35.11504,-89.90551,26430.0,2.29,1059.9,SUBURBAN,91680,adult,0.6627056672760512,1590.0,31577.0,84.0,4,Premium Dining Market,General restaurant,higher-income trade area,MEM_compstore_restaurants.csv
38611,38611,Byhalia,MS,Marshall,34.85467,-89.67116,17023.0,2.7,33.3,RURAL,55758,millennial,13.102119460500964,32.0,405.0,10.0,11,Healthy Lifestyle Market,Mexican cuisine restaurant,mid-market trade area,MEM_compstore_restaurants.csv
38116,38116,Memphis,TN,Shelby,35.03213,-90.01001,40212.0,2.61,787.7,RURAL,42354,millennial,-0.5785491766800178,1590.0,31577.0,70.0,8,Social Dining Market,General restaurant,value-oriented trade area,MEM_compstore_restaurants.csv
38115,38115,Memphis,TN,Shelby,35.05499,-89.86362,36574.0,2.25,1731.5,SUBURBAN,39176,young,-11.693266050172635,1590.0,31577.0,65.0,8,Social Dining Market,General restaurant,value-oriented trade area,MEM_compstore_restaurants.csv
38141,38141,Memphis,TN,Shelby,35.01599,-89.85472,23123.0,2.91,1184.3,SUBURBAN,67584,millennial,4.110760918505178,1590.0,31577.0,20.0,5,Social Dining Market,General restaurant,mid-market trade area,MEM_compstore_restaurants.csv
38117,38117,Memphis,TN,Shelby,35.11504,-89.90551,26430.0,2.29,1059.9,SUBURBAN,91680,adult,0.6627056672760512,1590.0,31577.0,84.0,4,Premium Dining Market,General restaurant,higher-income trade area,MEM_compstore_restaurants.csv
38068,38068,Somerville,TN,Fayette,35.25972,-89.3349,10801.0,2.69,15.6,RURAL,67538,adult,7.099652949925632,33.0,417.0,7.0,5,Social Dining Market,Beverage-led restaurant,mid-market trade area,MEM_compstore_restaurants.csv
38107,38107,Memphis,TN,Shelby,35.17054,-90.02397,14509.0,2.21,985.8,RURAL,34325,millennial,-13.130164052209317,1590.0,31577.0,15.0,11,Healthy Lifestyle Market,Beverage-led restaurant,value-oriented trade area,MEM_compstore_restaurants.csv
38060,38060,Oakland,TN,Fayette,35.21214,-89.50468,11713.0,2.56,108.0,RURAL,80478,adult,21.37823834196891,33.0,417.0,22.0,1,Premium Dining Market,Wings-focused restaurant,higher-income trade area,MEM_compstore_restaurants.csv
38111,38111,Memphis,TN,Shelby,35.11014,-89.94429,42322.0,2.35,1656.5,SUBURBAN,50151,millennial,-3.833306823604263,1590.0,31577.0,79.0,0,Social Dining Market,Wings-focused restaurant,mid-market trade area,MEM_compstore_restaurants.csv
38103,38103,Memphis,TN,Shelby,35.15308,-90.05518,13981.0,1.53,2115.1,SUBURBAN,89851,millennial,-0.40604074654509187,1590.0,31577.0,91.0,4,Premium Dining Market,Fast-service restaurant,higher-income trade area,MEM_compstore_restaurants.csv
38103,38103,Memphis,TN,Shelby,35.15308,-90.05518,13981.0,1.53,2115.1,SUBURBAN,89851,millennial,-0.40604074654509187,1590.0,31577.0,91.0,4,Premium Dining Market,Seafood-focused restaurant,higher-income trade area,MEM_compstore_restaurants.csv
38117,38117,Memphis,TN,Shelby,35.11504,-89.90551,26430.0,2.29,1059.9,SUBURBAN,91680,adult,0.6627056672760512,1590.0,31577.0,84.0,4,Premium Dining Market,Seafood-focused restaurant,higher-income trade area,MEM_compstore_restaurants.csv
38119,38119,Memphis,TN,Shelby,35.07986,-89.84593,22990.0,2.31,1027.6,SUBURBAN,92500,adult,-2.1327316844749054,1590.0,31577.0,63.0,4,Premium Dining Market,Fast-service restaurant,higher-income trade area,MEM_compstore_restaurants.csv
38138,38138,Germantown,TN,Shelby,35.08477,-89.7993,25465.0,2.52,819.5,RURAL,122627,adult,2.5326139474955713,1590.0,31577.0,82.0,4,Premium Dining Market,Beverage-led restaurant,higher-income trade area,MEM_compstore_restaurants.csv
38017,38017,Collierville,TN,Shelby,35.06722,-89.65347,55570.0,2.83,267.7,RURAL,131354,adult,3.716008137516565,1590.0,31577.0,74.0,9,Premium Dining Market,Health-oriented restaurant,higher-income trade area,MEM_compstore_restaurants.csv
38120,38120,Memphis,TN,Shelby,35.12344,-89.85237,13554.0,2.17,534.1,RURAL,112700,adult,-9.204180064308682,1590.0,31577.0,13.0,13,Social Dining Market,General restaurant,higher-income trade area,MEM_compstore_restaurants.csv
38058,38058,Munford,TN,Tipton,35.45861,-89.81933,10067.0,2.9,153.4,RURAL,76875,millennial,3.7728069271209157,70.0,1131.0,4.0,5,Social Dining Market,Wings-focused restaurant,higher-income trade area,MEM_compstore_restaurants.csv
38104,38104,Memphis,TN,Shelby,35.13253,-90.00435,23408.0,1.76,1764.8,SUBURBAN,53351,millennial,-0.7883360176316013,1590.0,31577.0,112.0,0,Social Dining Market,General restaurant,mid-market trade area,MEM_compstore_restaurants.csv
38104,38104,Memphis,TN,Shelby,35.13253,-90.00435,23408.0,1.76,1764.8,SUBURBAN,53351,millennial,-0.7883360176316013,1590.0,31577.0,112.0,0,Social Dining Market,Mexican cuisine restaurant,mid-market trade area,MEM_compstore_restaurants.csv
38654,38654,Olive Branch,MS,DeSoto,34.93635,-89.82409,56449.0,2.73,243.5,RURAL,96145,millennial,10.70602078838988,351.0,8323.0,98.0,9,Premium Dining Market,General restaurant,higher-income trade area,MEM_compstore_restaurants.csv
38138,38138,Germantown,TN,Shelby,35.08477,-89.7993,25465.0,2.52,819.5,RURAL,122627,adult,2.5326139474955713,1590.0,31577.0,82.0,4,Premium Dining Market,Health-oriented restaurant,higher-income trade area,MEM_compstore_restaurants.csv
38133,38133,Memphis,TN,Shelby,35.21292,-89.79474,21383.0,2.69,632.7,RURAL,74775,millennial,0.3519804768162193,1590.0,31577.0,85.0,9,Premium Dining Market,Fast-service restaurant,higher-income trade area,MEM_compstore_restaurants.csv
38016,38016,Cordova,TN,Shelby,35.17956,-89.76046,46394.0,2.49,940.8,RURAL,72749,millennial,0.23549746138057684,1590.0,31577.0,83.0,4,Premium Dining Market,Beverage-led restaurant,higher-income trade area,MEM_compstore_restaurants.csv
38138,38138,Germantown,TN,Shelby,35.08477,-89.7993,25465.0,2.52,819.5,RURAL,122627,adult,2.5326139474955713,1590.0,31577.0,82.0,4,Premium Dining Market,Asian cuisine restaurant,higher-income trade area,MEM_compstore_restaurants.csv
38138,38138,Germantown,TN,Shelby,35.08477,-89.7993,25465.0,2.52,819.5,RURAL,122627,adult,2.5326139474955713,1590.0,31577.0,82.0,4,Premium Dining Market,Fast-service restaurant,higher-income trade area,MEM_compstore_restaurants.csv
38104,38104,Memphis,TN,Shelby,35.13253,-90.00435,23408.0,1.76,1764.8,SUBURBAN,53351,millennial,-0.7883360176316013,1590.0,31577.0,112.0,0,Social Dining Market,Beverage-led restaurant,mid-market trade area,MEM_compstore_restaurants.csv
38118,38118,Memphis,TN,Shelby,35.03655,-89.93021,39373.0,2.97,495.6,RURAL,41830,young,1.0263515767326097,1590.0,31577.0,54.0,8,Social Dining Market,Fast-service restaurant,value-oriented trade area,MEM_compstore_restaurants.csv
38117,38117,Memphis,TN,Shelby,35.11504,-89.90551,26430.0,2.29,1059.9,SUBURBAN,91680,adult,0.6627056672760512,1590.0,31577.0,84.0,4,Premium Dining Market,Fast-service restaurant,higher-income trade area,MEM_compstore_restaurants.csv
38111,38111,Memphis,TN,Shelby,35.11014,-89.94429,42322.0,2.35,1656.5,SUBURBAN,50151,millennial,-3.833306823604263,1590.0,31577.0,79.0,0,Social Dining Market,Health-oriented restaurant,mid-market trade area,MEM_compstore_restaurants.csv
38106,38106,Memphis,TN,Shelby,35.10067,-90.0375,23140.0,2.44,778.4,RURAL,29098,adult,-7.001044932079415,1590.0,31577.0,22.0,3,Family Value Market,Wings-focused restaurant,value-oriented trade area,MEM_compstore_restaurants.csv
38103,38103,Memphis,TN,Shelby,35.15308,-90.05518,13981.0,1.53,2115.1,SUBURBAN,89851,millennial,-0.40604074654509187,1590.0,31577.0,91.0,4,Premium Dining Market,Seafood-focused restaurant,higher-income trade area,MEM_compstore_restaurants.csv
38104,38104,Memphis,TN,Shelby,35.13253,-90.00435,23408.0,1.76,1764.8,SUBURBAN,53351,millennial,-0.7883360176316013,1590.0,31577.0,112.0,0,Social Dining Market,Beverage-led restaurant,mid-market trade area,MEM_compstore_restaurants.csv
38117,38117,Memphis,TN,Shelby,35.11504,-89.90551,26430.0,2.29,1059.9,SUBURBAN,91680,adult,0.6627056672760512,1590.0,31577.0,84.0,4,Premium Dining Market,Beverage-led restaurant,higher-income trade area,MEM_compstore_restaurants.csv
38128,38128,Memphis,TN,Shelby,35.22623,-89.92612,44400.0,2.78,688.7,RURAL,40497,millennial,-1.9975720119192142,1590.0,31577.0,43.0,8,Social Dining Market,Wings-focused restaurant,value-oriented trade area,MEM_compstore_restaurants.csv
38104,38104,Memphis,TN,Shelby,35.13253,-90.00435,23408.0,1.76,1764.8,SUBURBAN,53351,millennial,-0.7883360176316013,1590.0,31577.0,112.0,0,Social Dining Market,Wings-focused restaurant,mid-market trade area,MEM_compstore_restaurants.csv
38632,38632,Hernando,MS,DeSoto,34.79973,-90.00629,29491.0,2.69,74.7,RURAL,80956,millennial,9.864769213575233,351.0,8323.0,28.0,5,Social Dining Market,Chicken-focused restaurant,higher-income trade area,MEM_compstore_restaurants.csv
38133,38133,Memphis,TN,Shelby,35.21292,-89.79474,21383.0,2.69,632.7,RURAL,74775,millennial,0.3519804768162193,1590.0,31577.0,85.0,9,Premium Dining Market,Fast-service restaurant,higher-income trade area,MEM_compstore_restaurants.csv
38116,38116,Memphis,TN,Shelby,35.03213,-90.01001,40212.0,2.61,787.7,RURAL,42354,millennial,-0.5785491766800178,1590.0,31577.0,70.0,8,Social Dining Market,Wings-focused restaurant,value-oriented trade area,MEM_compstore_restaurants.csv
72396,72396,Wynne,AR,Cross,35.22966,-90.83559,12771.0,2.53,20.3,RURAL,51644,adult,-1.3136542771037787,24.0,341.0,13.0,11,Healthy Lifestyle Market,Asian cuisine restaurant,mid-market trade area,MEM_compstore_restaurants.csv
38017,38017,Collierville,TN,Shelby,35.06722,-89.65347,55570.0,2.83,267.7,RURAL,131354,adult,3.716008137516565,1590.0,31577.0,74.0,9,Premium Dining Market,Fast-service restaurant,higher-income trade area,MEM_compstore_restaurants.csv
38019,38019,Covington,TN,Tipton,35.56114,-89.6304,15466.0,2.55,43.3,RURAL,57124,millennial,-2.262386248736097,70.0,1131.0,23.0,1,Premium Dining Market,Fast-service restaurant,mid-market trade area,MEM_compstore_restaurants.csv
38133,38133,Memphis,TN,Shelby,35.21292,-89.79474,21383.0,2.69,632.7,RURAL,74775,millennial,0.3519804768162193,1590.0,31577.0,85.0,9,Premium Dining Market,Fast-service restaurant,higher-income trade area,MEM_compstore_restaurants.csv
38133,38133,Memphis,TN,Shelby,35.21292,-89.79474,21383.0,2.69,632.7,RURAL,74775,millennial,0.3519804768162193,1590.0,31577.0,85.0,9,Premium Dining Market,Fast-service restaurant,higher-income trade area,MEM_compstore_restaurants.csv
38116,38116,Memphis,TN,Shelby,35.03213,-90.01001,40212.0,2.61,787.7,RURAL,42354,millennial,-0.5785491766800178,1590.0,31577.0,70.0,8,Social Dining Market,Seafood-focused restaurant,value-oriented trade area,MEM_compstore_restaurants.csv
38133,38133,Memphis,TN,Shelby,35.21292,-89.79474,21383.0,2.69,632.7,RURAL,74775,millennial,0.3519804768162193,1590.0,31577.0,85.0,9,Premium Dining Market,Seafood-focused restaurant,higher-income trade area,MEM_compstore_restaurants.csv
38637,38637,Horn Lake,MS,DeSoto,34.95105,-90.05004,26652.0,2.66,649.4,RURAL,57111,millennial,-1.2852327863994963,351.0,8323.0,44.0,0,Social Dining Market,Asian cuisine restaurant,mid-market trade area,MEM_compstore_restaurants.csv
38671,38671,Southaven,MS,DeSoto,34.96376,-89.99567,37288.0,2.61,648.3,RURAL,58854,millennial,1.8102389078498295,351.0,8323.0,83.0,0,Social Dining Market,Chicken-focused restaurant,mid-market trade area,MEM_compstore_restaurants.csv
38637,38637,Horn Lake,MS,DeSoto,34.95105,-90.05004,26652.0,2.66,649.4,RURAL,57111,millennial,-1.2852327863994963,351.0,8323.0,44.0,0,Social Dining Market,Seafood-focused restaurant,mid-market trade area,MEM_compstore_restaurants.csv
38116,38116,Memphis,TN,Shelby,35.03213,-90.01001,40212.0,2.61,787.7,RURAL,42354,millennial,-0.5785491766800178,1590.0,31577.0,70.0,8,Social Dining Market,Wings-focused restaurant,value-oriented trade area,MEM_compstore_restaurants.csv
38104,38104,Memphis,TN,Shelby,35.13253,-90.00435,23408.0,1.76,1764.8,SUBURBAN,53351,millennial,-0.7883360176316013,1590.0,31577.0,112.0,0,Social Dining Market,Wings-focused restaurant,mid-market trade area,MEM_compstore_restaurants.csv
38654,38654,Olive Branch,MS,DeSoto,34.93635,-89.82409,56449.0,2.73,243.5,RURAL,96145,millennial,10.70602078838988,351.0,8323.0,98.0,9,Premium Dining Market,Wings-focused restaurant,higher-income trade area,MEM_compstore_restaurants.csv
38106,38106,Memphis,TN,Shelby,35.10067,-90.0375,23140.0,2.44,778.4,RURAL,29098,adult,-7.001044932079415,1590.0,31577.0,22.0,3,Family Value Market,Health-oriented restaurant,value-oriented trade area,MEM_compstore_restaurants.csv
38134,38134,Memphis,TN,Shelby,35.17674,-89.85992,42789.0,2.67,913.5,RURAL,57630,millennial,-2.9683885890516577,1590.0,31577.0,90.0,0,Social Dining Market,Fast-service restaurant,mid-market trade area,MEM_compstore_restaurants.csv
38016,38016,Cordova,TN,Shelby,35.17956,-89.76046,46394.0,2.49,940.8,RURAL,72749,millennial,0.23549746138057684,1590.0,31577.0,83.0,4,Premium Dining Market,Wings-focused restaurant,higher-income trade area,MEM_compstore_restaurants.csv
38125,38125,Memphis,TN,Shelby,35.02537,-89.78936,43305.0,2.8,875.1,RURAL,80116,millennial,16.983629585607,1590.0,31577.0,50.0,9,Premium Dining Market,Fast-service restaurant,higher-income trade area,MEM_compstore_restaurants.csv
38017,38017,Collierville,TN,Shelby,35.06722,-89.65347,55570.0,2.83,267.7,RURAL,131354,adult,3.716008137516565,1590.0,31577.0,74.0,9,Premium Dining Market,Fast-service restaurant,higher-income trade area,MEM_compstore_restaurants.csv
38002,38002,Arlington,TN,Shelby,35.28854,-89.70926,42797.0,2.86,145.7,RURAL,109364,adult,5.297214841058951,1590.0,31577.0,59.0,9,Premium Dining Market,General restaurant,higher-income trade area,MEM_compstore_restaurants.csv
38138,38138,Germantown,TN,Shelby,35.08477,-89.7993,25465.0,2.52,819.5,RURAL,122627,adult,2.5326139474955713,1590.0,31577.0,82.0,4,Premium Dining Market,General restaurant,higher-income trade area,MEM_compstore_restaurants.csv
38017,38017,Collierville,TN,Shelby,35.06722,-89.65347,55570.0,2.83,267.7,RURAL,131354,adult,3.716008137516565,1590.0,31577.0,74.0,9,Premium Dining Market,Mexican cuisine restaurant,higher-income trade area,MEM_compstore_restaurants.csv
38017,38017,Collierville,TN,Shelby,35.06722,-89.65347,55570.0,2.83,267.7,RURAL,131354,adult,3.716008137516565,1590.0,31577.0,74.0,9,Premium Dining Market,Seafood-focused restaurant,higher-income trade area,MEM_compstore_restaurants.csv
38115,38115,Memphis,TN,Shelby,35.05499,-89.86362,36574.0,2.25,1731.5,SUBURBAN,39176,young,-11.693266050172635,1590.0,31577.0,65.0,8,Social Dining Market,Fast-service restaurant,value-oriented trade area,MEM_compstore_restaurants.csv
38141,38141,Memphis,TN,Shelby,35.01599,-89.85472,23123.0,2.91,1184.3,SUBURBAN,67584,millennial,4.110760918505178,1590.0,31577.0,20.0,5,Social Dining Market,Fast-service restaurant,mid-market trade area,MEM_compstore_restaurants.csv
38107,38107,Memphis,TN,Shelby,35.17054,-90.02397,14509.0,2.21,985.8,RURAL,34325,millennial,-13.130164052209317,1590.0,31577.0,15.0,11,Healthy Lifestyle Market,Health-oriented restaurant,value-oriented trade area,MEM_compstore_restaurants.csv
38637,38637,Horn Lake,MS,DeSoto,34.95105,-90.05004,26652.0,2.66,649.4,RURAL,57111,millennial,-1.2852327863994963,351.0,8323.0,44.0,0,Social Dining Market,Mexican cuisine restaurant,mid-market trade area,MEM_compstore_restaurants.csv
38103,38103,Memphis,TN,Shelby,35.15308,-90.05518,13981.0,1.53,2115.1,SUBURBAN,89851,millennial,-0.40604074654509187,1590.0,31577.0,91.0,4,Premium Dining Market,General restaurant,higher-income trade area,MEM_compstore_restaurants.csv
38106,38106,Memphis,TN,Shelby,35.10067,-90.0375,23140.0,2.44,778.4,RURAL,29098,adult,-7.001044932079415,1590.0,31577.0,22.0,3,Family Value Market,Fast-service restaurant,value-oriented trade area,MEM_compstore_restaurants.csv
38654,38654,Olive Branch,MS,DeSoto,34.93635,-89.82409,56449.0,2.73,243.5,RURAL,96145,millennial,10.70602078838988,351.0,8323.0,98.0,9,Premium Dining Market,Fast-service restaurant,higher-income trade area,MEM_compstore_restaurants.csv
38112,38112,Memphis,TN,Shelby,35.14791,-89.97661,16334.0,2.25,1350.5,SUBURBAN,49560,millennial,-3.1427893738140416,1590.0,31577.0,28.0,0,Social Dining Market,Mexican cuisine restaurant,mid-market trade area,MEM_compstore_restaurants.csv
38016,38016,Cordova,TN,Shelby,35.17956,-89.76046,46394.0,2.49,940.8,RURAL,72749,millennial,0.23549746138057684,1590.0,31577.0,83.0,4,Premium Dining Market,Fast-service restaurant,higher-income trade area,MEM_compstore_restaurants.csv
38108,38108,Memphis,TN,Shelby,35.1763,-89.96382,17629.0,2.67,892.7,RURAL,29757,millennial,-0.09067724567866252,1590.0,31577.0,10.0,3,Family Value Market,Wings-focused restaurant,value-oriented trade area,MEM_compstore_restaurants.csv
38104,38104,Memphis,TN,Shelby,35.13253,-90.00435,23408.0,1.76,1764.8,SUBURBAN,53351,millennial,-0.7883360176316013,1590.0,31577.0,112.0,0,Social Dining Market,Fast-service restaurant,mid-market trade area,MEM_compstore_restaurants.csv
38104,38104,Memphis,TN,Shelby,35.13253,-90.00435,23408.0,1.76,1764.8,SUBURBAN,53351,millennial,-0.7883360176316013,1590.0,31577.0,112.0,0,Social Dining Market,Fast-service restaurant,mid-market trade area,MEM_compstore_restaurants.csv
38654,38654,Olive Branch,MS,DeSoto,34.93635,-89.82409,56449.0,2.73,243.5,RURAL,96145,millennial,10.70602078838988,351.0,8323.0,98.0,9,Premium Dining Market,Fast-service restaurant,higher-income trade area,MEM_compstore_restaurants.csv
38671,38671,Southaven,MS,DeSoto,34.96376,-89.99567,37288.0,2.61,648.3,RURAL,58854,millennial,1.8102389078498295,351.0,8323.0,83.0,0,Social Dining Market,Asian cuisine restaurant,mid-market trade area,MEM_compstore_restaurants.csv
38111,38111,Memphis,TN,Shelby,35.11014,-89.94429,42322.0,2.35,1656.5,SUBURBAN,50151,millennial,-3.833306823604263,1590.0,31577.0,79.0,0,Social Dining Market,Wings-focused restaurant,mid-market trade area,MEM_compstore_restaurants.csv
38104,38104,Memphis,TN,Shelby,35.13253,-90.00435,23408.0,1.76,1764.8,SUBURBAN,53351,millennial,-0.7883360176316013,1590.0,31577.0,112.0,0,Social Dining Market,Wings-focused restaurant,mid-market trade area,MEM_compstore_restaurants.csv
38654,38654,Olive Branch,MS,DeSoto,34.93635,-89.82409,56449.0,2.73,243.5,RURAL,96145,millennial,10.70602078838988,351.0,8323.0,98.0,9,Premium Dining Market,Wings-focused restaurant,higher-income trade area,MEM_compstore_restaurants.csv
38122,38122,Memphis,TN,Shelby,35.1571,-89.92247,24014.0,2.67,1473.8,SUBURBAN,45065,millennial,-5.901253918495298,1590.0,31577.0,56.0,0,Social Dining Market,Mexican cuisine restaurant,value-oriented trade area,MEM_compstore_restaurants.csv
38117,38117,Memphis,TN,Shelby,35.11504,-89.90551,26430.0,2.29,1059.9,SUBURBAN,91680,adult,0.6627056672760512,1590.0,31577.0,84.0,4,Premium Dining Market,Fast-service restaurant,higher-income trade area,MEM_compstore_restaurants.csv
38018,38018,Cordova,TN,Shelby,35.13781,-89.76647,38338.0,2.71,797.3,RURAL,82355,millennial,2.837982832618026,1590.0,31577.0,82.0,9,Premium Dining Market,General restaurant,higher-income trade area,MEM_compstore_restaurants.csv
38125,38125,Memphis,TN,Shelby,35.02537,-89.78936,43305.0,2.8,875.1,RURAL,80116,millennial,16.983629585607,1590.0,31577.0,50.0,9,Premium Dining Market,Health-oriented restaurant,higher-income trade area,MEM_compstore_restaurants.csv
38606,38606,Batesville,MS,Panola,34.30375,-89.9581,15509.0,2.68,24.9,RURAL,59444,millennial,2.6474286848898005,44.0,813.0,5.0,5,Social Dining Market,Beverage-led restaurant,mid-market trade area,MEM_compstore_restaurants.csv
38019,38019,Covington,TN,Tipton,35.56114,-89.6304,15466.0,2.55,43.3,RURAL,57124,millennial,-2.262386248736097,70.0,1131.0,23.0,1,Premium Dining Market,Beverage-led restaurant,mid-market trade area,MEM_compstore_restaurants.csv
38109,38109,Memphis,TN,Shelby,35.0341,-90.13533,45204.0,2.7,274.5,RURAL,35018,millennial,2.5987879888331555,1590.0,31577.0,23.0,3,Family Value Market,Fast-service restaurant,value-oriented trade area,MEM_compstore_restaurants.csv
38125,38125,Memphis,TN,Shelby,35.02537,-89.78936,43305.0,2.8,875.1,RURAL,80116,millennial,16.983629585607,1590.0,31577.0,50.0,9,Premium Dining Market,Fast-service restaurant,higher-income trade area,MEM_compstore_restaurants.csv
38654,38654,Olive Branch,MS,DeSoto,34.93635,-89.82409,56449.0,2.73,243.5,RURAL,96145,millennial,10.70602078838988,351.0,8323.0,98.0,9,Premium Dining Market,Mexican cuisine restaurant,higher-income trade area,MEM_compstore_restaurants.csv
72396,72396,Wynne,AR,Cross,35.22966,-90.83559,12771.0,2.53,20.3,RURAL,51644,adult,-1.3136542771037787,24.0,341.0,13.0,11,Healthy Lifestyle Market,Fast-service restaurant,mid-market trade area,MEM_compstore_restaurants.csv
38115,38115,Memphis,TN,Shelby,35.05499,-89.86362,36574.0,2.25,1731.5,SUBURBAN,39176,young,-11.693266050172635,1590.0,31577.0,65.0,8,Social Dining Market,Seafood-focused restaurant,value-oriented trade area,MEM_compstore_restaurants.csv
38632,38632,Hernando,MS,DeSoto,34.79973,-90.00629,29491.0,2.69,74.7,RURAL,80956,millennial,9.864769213575233,351.0,8323.0,28.0,5,Social Dining Market,Wings-focused restaurant,higher-income trade area,MEM_compstore_restaurants.csv
38017,38017,Collierville,TN,Shelby,35.06722,-89.65347,55570.0,2.83,267.7,RURAL,131354,adult,3.716008137516565,1590.0,31577.0,74.0,9,Premium Dining Market,Wings-focused restaurant,higher-income trade area,MEM_compstore_restaurants.csv
38134,38134,Memphis,TN,Shelby,35.17674,-89.85992,42789.0,2.67,913.5,RURAL,57630,millennial,-2.9683885890516577,1590.0,31577.0,90.0,0,Social Dining Market,Health-oriented restaurant,mid-market trade area,MEM_compstore_restaurants.csv
38018,38018,Cordova,TN,Shelby,35.13781,-89.76647,38338.0,2.71,797.3,RURAL,82355,millennial,2.837982832618026,1590.0,31577.0,82.0,9,Premium Dining Market,General restaurant,higher-income trade area,MEM_compstore_restaurants.csv
38017,38017,Collierville,TN,Shelby,35.06722,-89.65347,55570.0,2.83,267.7,RURAL,131354,adult,3.716008137516565,1590.0,31577.0,74.0,9,Premium Dining Market,Wings-focused restaurant,higher-income trade area,MEM_compstore_restaurants.csv
38115,38115,Memphis,TN,Shelby,35.05499,-89.86362,36574.0,2.25,1731.5,SUBURBAN,39176,young,-11.693266050172635,1590.0,31577.0,65.0,8,Social Dining Market,Wings-focused restaurant,value-oriented trade area,MEM_compstore_restaurants.csv
38654,38654,Olive Branch,MS,DeSoto,34.93635,-89.82409,56449.0,2.73,243.5,RURAL,96145,millennial,10.70602078838988,351.0,8323.0,98.0,9,Premium Dining Market,Seafood-focused restaurant,higher-income trade area,MEM_compstore_restaurants.csv
38654,38654,Olive Branch,MS,DeSoto,34.93635,-89.82409,56449.0,2.73,243.5,RURAL,96145,millennial,10.70602078838988,351.0,8323.0,98.0,9,Premium Dining Market,Health-oriented restaurant,higher-income trade area,MEM_compstore_restaurants.csv
38118,38118,Memphis,TN,Shelby,35.03655,-89.93021,39373.0,2.97,495.6,RURAL,41830,young,1.0263515767326097,1590.0,31577.0,54.0,8,Social Dining Market,Wings-focused restaurant,value-oriented trade area,MEM_compstore_restaurants.csv
38002,38002,Arlington,TN,Shelby,35.28854,-89.70926,42797.0,2.86,145.7,RURAL,109364,adult,5.297214841058951,1590.0,31577.0,59.0,9,Premium Dining Market,General restaurant,higher-income trade area,MEM_compstore_restaurants.csv
38104,38104,Memphis,TN,Shelby,35.13253,-90.00435,23408.0,1.76,1764.8,SUBURBAN,53351,millennial,-0.7883360176316013,1590.0,31577.0,112.0,0,Social Dining Market,Health-oriented restaurant,mid-market trade area,MEM_compstore_restaurants.csv
38125,38125,Memphis,TN,Shelby,35.02537,-89.78936,43305.0,2.8,875.1,RURAL,80116,millennial,16.983629585607,1590.0,31577.0,50.0,9,Premium Dining Market,General restaurant,higher-income trade area,MEM_compstore_restaurants.csv
38671,38671,Southaven,MS,DeSoto,34.96376,-89.99567,37288.0,2.61,648.3,RURAL,58854,millennial,1.8102389078498295,351.0,8323.0,83.0,0,Social Dining Market,Health-oriented restaurant,mid-market trade area,MEM_compstore_restaurants.csv
38125,38125,Memphis,TN,Shelby,35.02537,-89.78936,43305.0,2.8,875.1,RURAL,80116,millennial,16.983629585607,1590.0,31577.0,50.0,9,Premium Dining Market,Health-oriented restaurant,higher-income trade area,MEM_compstore_restaurants.csv
38122,38122,Memphis,TN,Shelby,35.1571,-89.92247,24014.0,2.67,1473.8,SUBURBAN,45065,millennial,-5.901253918495298,1590.0,31577.0,56.0,0,Social Dining Market,Mexican cuisine restaurant,value-oriented trade area,MEM_compstore_restaurants.csv
38138,38138,Germantown,TN,Shelby,35.08477,-89.7993,25465.0,2.52,819.5,RURAL,122627,adult,2.5326139474955713,1590.0,31577.0,82.0,4,Premium Dining Market,Asian cuisine restaurant,higher-income trade area,MEM_compstore_restaurants.csv
38632,38632,Hernando,MS,DeSoto,34.79973,-90.00629,29491.0,2.69,74.7,RURAL,80956,millennial,9.864769213575233,351.0,8323.0,28.0,5,Social Dining Market,General restaurant,higher-income trade area,MEM_compstore_restaurants.csv
38106,38106,Memphis,TN,Shelby,35.10067,-90.0375,23140.0,2.44,778.4,RURAL,29098,adult,-7.001044932079415,1590.0,31577.0,22.0,3,Family Value Market,Fast-service restaurant,value-oriented trade area,MEM_compstore_restaurants.csv
38117,38117,Memphis,TN,Shelby,35.11504,-89.90551,26430.0,2.29,1059.9,SUBURBAN,91680,adult,0.6627056672760512,1590.0,31577.0,84.0,4,Premium Dining Market,Beverage-led restaurant,higher-income trade area,MEM_compstore_restaurants.csv
38117,38117,Memphis,TN,Shelby,35.11504,-89.90551,26430.0,2.29,1059.9,SUBURBAN,91680,adult,0.6627056672760512,1590.0,31577.0,84.0,4,Premium Dining Market,Mexican cuisine restaurant,higher-income trade area,MEM_compstore_restaurants.csv
38115,38115,Memphis,TN,Shelby,35.05499,-89.86362,36574.0,2.25,1731.5,SUBURBAN,39176,young,-11.693266050172635,1590.0,31577.0,65.0,8,Social Dining Market,Beverage-led restaurant,value-oriented trade area,MEM_compstore_restaurants.csv
38671,38671,Southaven,MS,DeSoto,34.96376,-89.99567,37288.0,2.61,648.3,RURAL,58854,millennial,1.8102389078498295,351.0,8323.0,83.0,0,Social Dining Market,Beverage-led restaurant,mid-market trade area,MEM_compstore_restaurants.csv
38004,38004,Atoka,TN,Tipton,35.41909,-89.76687,11604.0,2.68,169.4,RURAL,89396,millennial,11.298676385958181,70.0,1131.0,16.0,1,Premium Dining Market,Mexican cuisine restaurant,higher-income trade area,MEM_compstore_restaurants.csv
38127,38127,Memphis,TN,Shelby,35.23795,-90.01753,40565.0,2.89,404.3,RURAL,34781,millennial,-9.74122777740694,1590.0,31577.0,29.0,3,Family Value Market,General restaurant,value-oriented trade area,MEM_compstore_restaurants.csv
38120,38120,Memphis,TN,Shelby,35.12344,-89.85237,13554.0,2.17,534.1,RURAL,112700,adult,-9.204180064308682,1590.0,31577.0,13.0,13,Social Dining Market,Fast-service restaurant,higher-income trade area,MEM_compstore_restaurants.csv
38018,38018,Cordova,TN,Shelby,35.13781,-89.76647,38338.0,2.71,797.3,RURAL,82355,millennial,2.837982832618026,1590.0,31577.0,82.0,9,Premium Dining Market,Fast-service restaurant,higher-income trade area,MEM_compstore_restaurants.csv
38016,38016,Cordova,TN,Shelby,35.17956,-89.76046,46394.0,2.49,940.8,RURAL,72749,millennial,0.23549746138057684,1590.0,31577.0,83.0,4,Premium Dining Market,Fast-service restaurant,higher-income trade area,MEM_compstore_restaurants.csv
38125,38125,Memphis,TN,Shelby,35.02537,-89.78936,43305.0,2.8,875.1,RURAL,80116,millennial,16.983629585607,1590.0,31577.0,50.0,9,Premium Dining Market,Wings-focused restaurant,higher-income trade area,MEM_compstore_restaurants.csv
38104,38104,Memphis,TN,Shelby,35.13253,-90.00435,23408.0,1.76,1764.8,SUBURBAN,53351,millennial,-0.7883360176316013,1590.0,31577.0,112.0,0,Social Dining Market,Wings-focused restaurant,mid-market trade area,MEM_compstore_restaurants.csv
38138,38138,Germantown,TN,Shelby,35.08477,-89.7993,25465.0,2.52,819.5,RURAL,122627,adult,2.5326139474955713,1590.0,31577.0,82.0,4,Premium Dining Market,Beverage-led restaurant,higher-income trade area,MEM_compstore_restaurants.csv
38106,38106,Memphis,TN,Shelby,35.10067,-90.0375,23140.0,2.44,778.4,RURAL,29098,adult,-7.001044932079415,1590.0,31577.0,22.0,3,Family Value Market,Wings-focused restaurant,value-oriented trade area,MEM_compstore_restaurants.csv
38671,38671,Southaven,MS,DeSoto,34.96376,-89.99567,37288.0,2.61,648.3,RURAL,58854,millennial,1.8102389078498295,351.0,8323.0,83.0,0,Social Dining Market,Wings-focused restaurant,mid-market trade area,MEM_compstore_restaurants.csv
38017,38017,Collierville,TN,Shelby,35.06722,-89.65347,55570.0,2.83,267.7,RURAL,131354,adult,3.716008137516565,1590.0,31577.0,74.0,9,Premium Dining Market,General restaurant,higher-income trade area,MEM_compstore_restaurants.csv
38128,38128,Memphis,TN,Shelby,35.22623,-89.92612,44400.0,2.78,688.7,RURAL,40497,millennial,-1.9975720119192142,1590.0,31577.0,43.0,8,Social Dining Market,General restaurant,value-oriented trade area,MEM_compstore_restaurants.csv
38138,38138,Germantown,TN,Shelby,35.08477,-89.7993,25465.0,2.52,819.5,RURAL,122627,adult,2.5326139474955713,1590.0,31577.0,82.0,4,Premium Dining Market,Asian cuisine restaurant,higher-income trade area,MEM_compstore_restaurants.csv
38104,38104,Memphis,TN,Shelby,35.13253,-90.00435,23408.0,1.76,1764.8,SUBURBAN,53351,millennial,-0.7883360176316013,1590.0,31577.0,112.0,0,Social Dining Market,Asian cuisine restaurant,mid-market trade area,MEM_compstore_restaurants.csv
38060,38060,Oakland,TN,Fayette,35.21214,-89.50468,11713.0,2.56,108.0,RURAL,80478,adult,21.37823834196891,33.0,417.0,22.0,1,Premium Dining Market,General restaurant,higher-income trade area,MEM_compstore_restaurants.csv
38104,38104,Memphis,TN,Shelby,35.13253,-90.00435,23408.0,1.76,1764.8,SUBURBAN,53351,millennial,-0.7883360176316013,1590.0,31577.0,112.0,0,Social Dining Market,General restaurant,mid-market trade area,MEM_compstore_restaurants.csv
38635,38635,Holly Springs,MS,Marshall,34.7677,-89.47896,15608.0,2.58,17.4,RURAL,55723,millennial,0.0,32.0,405.0,10.0,0,Social Dining Market,Wings-focused restaurant,mid-market trade area,MEM_compstore_restaurants.csv
38114,38114,Memphis,TN,Shelby,35.09648,-89.98596,22112.0,2.2,1031.6,SUBURBAN,29492,adult,-16.545893719806763,1590.0,31577.0,19.0,3,Family Value Market,Fast-service restaurant,value-oriented trade area,MEM_compstore_restaurants.csv
72364,72364,Marion,AR,Crittenden,35.2126,-90.18573,16314.0,2.68,77.4,RURAL,73762,millennial,2.391263415552627,66.0,1111.0,19.0,5,Social Dining Market,General restaurant,higher-income trade area,MEM_compstore_restaurants.csv
38105,38105,Memphis,TN,Shelby,35.1512,-90.03541,5215.0,1.56,1264.1,SUBURBAN,26250,adult,-19.719827586206897,1590.0,31577.0,16.0,0,Social Dining Market,General restaurant,value-oriented trade area,MEM_compstore_restaurants.csv
38111,38111,Memphis,TN,Shelby,35.11014,-89.94429,42322.0,2.35,1656.5,SUBURBAN,50151,millennial,-3.833306823604263,1590.0,31577.0,79.0,0,Social Dining Market,General restaurant,mid-market trade area,MEM_compstore_restaurants.csv
38060,38060,Oakland,TN,Fayette,35.21214,-89.50468,11713.0,2.56,108.0,RURAL,80478,adult,21.37823834196891,33.0,417.0,22.0,1,Premium Dining Market,Beverage-led restaurant,higher-income trade area,MEM_compstore_restaurants.csv
72301,72301,West Memphis,AR,Crittenden,35.13363,-90.17883,24404.0,2.47,313.2,RURAL,41022,millennial,-1.4895248859645582,66.0,1111.0,37.0,3,Family Value Market,Wings-focused restaurant,value-oriented trade area,MEM_compstore_restaurants.csv
38103,38103,Memphis,TN,Shelby,35.15308,-90.05518,13981.0,1.53,2115.1,SUBURBAN,89851,millennial,-0.40604074654509187,1590.0,31577.0,91.0,4,Premium Dining Market,Beverage-led restaurant,higher-income trade area,MEM_compstore_restaurants.csv
38105,38105,Memphis,TN,Shelby,35.1512,-90.03541,5215.0,1.56,1264.1,SUBURBAN,26250,adult,-19.719827586206897,1590.0,31577.0,16.0,0,Social Dining Market,Wings-focused restaurant,value-oriented trade area,MEM_compstore_restaurants.csv
72364,72364,Marion,AR,Crittenden,35.2126,-90.18573,16314.0,2.68,77.4,RURAL,73762,millennial,2.391263415552627,66.0,1111.0,19.0,5,Social Dining Market,General restaurant,higher-income trade area,MEM_compstore_restaurants.csv
38115,38115,Memphis,TN,Shelby,35.05499,-89.86362,36574.0,2.25,1731.5,SUBURBAN,39176,young,-11.693266050172635,1590.0,31577.0,65.0,8,Social Dining Market,Seafood-focused restaurant,value-oriented trade area,MEM_compstore_restaurants.csv
38103,38103,Memphis,TN,Shelby,35.15308,-90.05518,13981.0,1.53,2115.1,SUBURBAN,89851,millennial,-0.40604074654509187,1590.0,31577.0,91.0,4,Premium Dining Market,Beverage-led restaurant,higher-income trade area,MEM_compstore_restaurants.csv
38104,38104,Memphis,TN,Shelby,35.13253,-90.00435,23408.0,1.76,1764.8,SUBURBAN,53351,millennial,-0.7883360176316013,1590.0,31577.0,112.0,0,Social Dining Market,Asian cuisine restaurant,mid-market trade area,MEM_compstore_restaurants.csv
38103,38103,Memphis,TN,Shelby,35.15308,-90.05518,13981.0,1.53,2115.1,SUBURBAN,89851,millennial,-0.40604074654509187,1590.0,31577.0,91.0,4,Premium Dining Market,Beverage-led restaurant,higher-income trade area,MEM_compstore_restaurants.csv
38103,38103,Memphis,TN,Shelby,35.15308,-90.05518,13981.0,1.53,2115.1,SUBURBAN,89851,millennial,-0.40604074654509187,1590.0,31577.0,91.0,4,Premium Dining Market,General restaurant,higher-income trade area,MEM_compstore_restaurants.csv
38104,38104,Memphis,TN,Shelby,35.13253,-90.00435,23408.0,1.76,1764.8,SUBURBAN,53351,millennial,-0.7883360176316013,1590.0,31577.0,112.0,0,Social Dining Market,Beverage-led restaurant,mid-market trade area,MEM_compstore_restaurants.csv
38632,38632,Hernando,MS,DeSoto,34.79973,-90.00629,29491.0,2.69,74.7,RURAL,80956,millennial,9.864769213575233,351.0,8323.0,28.0,5,Social Dining Market,Health-oriented restaurant,higher-income trade area,MEM_compstore_restaurants.csv
38133,38133,Memphis,TN,Shelby,35.21292,-89.79474,21383.0,2.69,632.7,RURAL,74775,millennial,0.3519804768162193,1590.0,31577.0,85.0,9,Premium Dining Market,Mexican cuisine restaurant,higher-income trade area,MEM_compstore_restaurants.csv
38134,38134,Memphis,TN,Shelby,35.17674,-89.85992,42789.0,2.67,913.5,RURAL,57630,millennial,-2.9683885890516577,1590.0,31577.0,90.0,0,Social Dining Market,Wings-focused restaurant,mid-market trade area,MEM_compstore_restaurants.csv
38128,38128,Memphis,TN,Shelby,35.22623,-89.92612,44400.0,2.78,688.7,RURAL,40497,millennial,-1.9975720119192142,1590.0,31577.0,43.0,8,Social Dining Market,General restaurant,value-oriented trade area,MEM_compstore_restaurants.csv
38654,38654,Olive Branch,MS,DeSoto,34.93635,-89.82409,56449.0,2.73,243.5,RURAL,96145,millennial,10.70602078838988,351.0,8323.0,98.0,9,Premium Dining Market,General restaurant,higher-income trade area,MEM_compstore_restaurants.csv
38654,38654,Olive Branch,MS,DeSoto,34.93635,-89.82409,56449.0,2.73,243.5,RURAL,96145,millennial,10.70602078838988,351.0,8323.0,98.0,9,Premium Dining Market,Health-oriented restaurant,higher-income trade area,MEM_compstore_restaurants.csv
38671,38671,Southaven,MS,DeSoto,34.96376,-89.99567,37288.0,2.61,648.3,RURAL,58854,millennial,1.8102389078498295,351.0,8323.0,83.0,0,Social Dining Market,Beverage-led restaurant,mid-market trade area,MEM_compstore_restaurants.csv
38672,38672,Southaven,MS,DeSoto,34.93727,-89.94943,15602.0,2.94,487.4,RURAL,103692,millennial,15.467732386027237,351.0,8323.0,37.0,4,Premium Dining Market,Fast-service restaurant,higher-income trade area,MEM_compstore_restaurants.csv
38664,38664,Robinsonville,MS,Tunica,34.80434,-90.33217,3292.0,2.8,13.5,RURAL,45133,young,3.9141414141414144,19.0,339.0,8.0,1,Premium Dining Market,Asian cuisine restaurant,mid-market trade area,MEM_compstore_restaurants.csv
38018,38018,Cordova,TN,Shelby,35.13781,-89.76647,38338.0,2.71,797.3,RURAL,82355,millennial,2.837982832618026,1590.0,31577.0,82.0,9,Premium Dining Market,Fast-service restaurant,higher-income trade area,MEM_compstore_restaurants.csv
38016,38016,Cordova,TN,Shelby,35.17956,-89.76046,46394.0,2.49,940.8,RURAL,72749,millennial,0.23549746138057684,1590.0,31577.0,83.0,4,Premium Dining Market,Asian cuisine restaurant,higher-income trade area,MEM_compstore_restaurants.csv
38115,38115,Memphis,TN,Shelby,35.05499,-89.86362,36574.0,2.25,1731.5,SUBURBAN,39176,young,-11.693266050172635,1590.0,31577.0,65.0,8,Social Dining Market,Beverage-led restaurant,value-oriented trade area,MEM_compstore_restaurants.csv
38019,38019,Covington,TN,Tipton,35.56114,-89.6304,15466.0,2.55,43.3,RURAL,57124,millennial,-2.262386248736097,70.0,1131.0,23.0,1,Premium Dining Market,General restaurant,mid-market trade area,MEM_compstore_restaurants.csv
38120,38120,Memphis,TN,Shelby,35.12344,-89.85237,13554.0,2.17,534.1,RURAL,112700,adult,-9.204180064308682,1590.0,31577.0,13.0,13,Social Dining Market,Health-oriented restaurant,higher-income trade area,MEM_compstore_restaurants.csv
38117,38117,Memphis,TN,Shelby,35.11504,-89.90551,26430.0,2.29,1059.9,SUBURBAN,91680,adult,0.6627056672760512,1590.0,31577.0,84.0,4,Premium Dining Market,Asian cuisine restaurant,higher-income trade area,MEM_compstore_restaurants.csv
38116,38116,Memphis,TN,Shelby,35.03213,-90.01001,40212.0,2.61,787.7,RURAL,42354,millennial,-0.5785491766800178,1590.0,31577.0,70.0,8,Social Dining Market,Asian cuisine restaurant,value-oriented trade area,MEM_compstore_restaurants.csv
38134,38134,Memphis,TN,Shelby,35.17674,-89.85992,42789.0,2.67,913.5,RURAL,57630,millennial,-2.9683885890516577,1590.0,31577.0,90.0,0,Social Dining Market,Beverage-led restaurant,mid-market trade area,MEM_compstore_restaurants.csv
38111,38111,Memphis,TN,Shelby,35.11014,-89.94429,42322.0,2.35,1656.5,SUBURBAN,50151,millennial,-3.833306823604263,1590.0,31577.0,79.0,0,Social Dining Market,Fast-service restaurant,mid-market trade area,MEM_compstore_restaurants.csv
38119,38119,Memphis,TN,Shelby,35.07986,-89.84593,22990.0,2.31,1027.6,SUBURBAN,92500,adult,-2.1327316844749054,1590.0,31577.0,63.0,4,Premium Dining Market,Asian cuisine restaurant,higher-income trade area,MEM_compstore_restaurants.csv
38116,38116,Memphis,TN,Shelby,35.03213,-90.01001,40212.0,2.61,787.7,RURAL,42354,millennial,-0.5785491766800178,1590.0,31577.0,70.0,8,Social Dining Market,Fast-service restaurant,value-oriented trade area,MEM_compstore_restaurants.csv
38111,38111,Memphis,TN,Shelby,35.11014,-89.94429,42322.0,2.35,1656.5,SUBURBAN,50151,millennial,-3.833306823604263,1590.0,31577.0,79.0,0,Social Dining Market,Asian cuisine restaurant,mid-market trade area,MEM_compstore_restaurants.csv
38104,38104,Memphis,TN,Shelby,35.13253,-90.00435,23408.0,1.76,1764.8,SUBURBAN,53351,millennial,-0.7883360176316013,1590.0,31577.0,112.0,0,Social Dining Market,Beverage-led restaurant,mid-market trade area,MEM_compstore_restaurants.csv
38104,38104,Memphis,TN,Shelby,35.13253,-90.00435,23408.0,1.76,1764.8,SUBURBAN,53351,millennial,-0.7883360176316013,1590.0,31577.0,112.0,0,Social Dining Market,Mexican cuisine restaurant,mid-market trade area,MEM_compstore_restaurants.csv
38117,38117,Memphis,TN,Shelby,35.11504,-89.90551,26430.0,2.29,1059.9,SUBURBAN,91680,adult,0.6627056672760512,1590.0,31577.0,84.0,4,Premium Dining Market,Beverage-led restaurant,higher-income trade area,MEM_compstore_restaurants.csv
38671,38671,Southaven,MS,DeSoto,34.96376,-89.99567,37288.0,2.61,648.3,RURAL,58854,millennial,1.8102389078498295,351.0,8323.0,83.0,0,Social Dining Market,Asian cuisine restaurant,mid-market trade area,MEM_compstore_restaurants.csv
38017,38017,Collierville,TN,Shelby,35.06722,-89.65347,55570.0,2.83,267.7,RURAL,131354,adult,3.716008137516565,1590.0,31577.0,74.0,9,Premium Dining Market,Chicken-focused restaurant,higher-income trade area,MEM_compstore_restaurants.csv
38122,38122,Memphis,TN,Shelby,35.1571,-89.92247,24014.0,2.67,1473.8,SUBURBAN,45065,millennial,-5.901253918495298,1590.0,31577.0,56.0,0,Social Dining Market,Fast-service restaurant,value-oriented trade area,MEM_compstore_restaurants.csv
38112,38112,Memphis,TN,Shelby,35.14791,-89.97661,16334.0,2.25,1350.5,SUBURBAN,49560,millennial,-3.1427893738140416,1590.0,31577.0,28.0,0,Social Dining Market,Fast-service restaurant,mid-market trade area,MEM_compstore_restaurants.csv
38125,38125,Memphis,TN,Shelby,35.02537,-89.78936,43305.0,2.8,875.1,RURAL,80116,millennial,16.983629585607,1590.0,31577.0,50.0,9,Premium Dining Market,Wings-focused restaurant,higher-income trade area,MEM_compstore_restaurants.csv
38654,38654,Olive Branch,MS,DeSoto,34.93635,-89.82409,56449.0,2.73,243.5,RURAL,96145,millennial,10.70602078838988,351.0,8323.0,98.0,9,Premium Dining Market,Fast-service restaurant,higher-income trade area,MEM_compstore_restaurants.csv
38119,38119,Memphis,TN,Shelby,35.07986,-89.84593,22990.0,2.31,1027.6,SUBURBAN,92500,adult,-2.1327316844749054,1590.0,31577.0,63.0,4,Premium Dining Market,General restaurant,higher-income trade area,MEM_compstore_restaurants.csv
38668,38668,Senatobia,MS,Tate,34.60109,-89.92505,14076.0,2.51,35.6,RURAL,67077,millennial,-0.4526166902404526,44.0,560.0,16.0,5,Social Dining Market,Seafood-focused restaurant,mid-market trade area,MEM_compstore_restaurants.csv
38115,38115,Memphis,TN,Shelby,35.05499,-89.86362,36574.0,2.25,1731.5,SUBURBAN,39176,young,-11.693266050172635,1590.0,31577.0,65.0,8,Social Dining Market,General restaurant,value-oriented trade area,MEM_compstore_restaurants.csv
72335,72335,Forrest City,AR,St. Francis,34.99042,-90.75645,16320.0,2.49,39.8,RURAL,40237,millennial,-16.406290016903142,26.0,369.0,13.0,3,Family Value Market,Wings-focused restaurant,value-oriented trade area,MEM_compstore_restaurants.csv
38018,38018,Cordova,TN,Shelby,35.13781,-89.76647,38338.0,2.71,797.3,RURAL,82355,millennial,2.837982832618026,1590.0,31577.0,82.0,9,Premium Dining Market,Health-oriented restaurant,higher-income trade area,MEM_compstore_restaurants.csv
38017,38017,Collierville,TN,Shelby,35.06722,-89.65347,55570.0,2.83,267.7,RURAL,131354,adult,3.716008137516565,1590.0,31577.0,74.0,9,Premium Dining Market,Fast-service restaurant,higher-income trade area,MEM_compstore_restaurants.csv
38104,38104,Memphis,TN,Shelby,35.13253,-90.00435,23408.0,1.76,1764.8,SUBURBAN,53351,millennial,-0.7883360176316013,1590.0,31577.0,112.0,0,Social Dining Market,General restaurant,mid-market trade area,MEM_compstore_restaurants.csv
38111,38111,Memphis,TN,Shelby,35.11014,-89.94429,42322.0,2.35,1656.5,SUBURBAN,50151,millennial,-3.833306823604263,1590.0,31577.0,79.0,0,Social Dining Market,Wings-focused restaurant,mid-market trade area,MEM_compstore_restaurants.csv
38060,38060,Oakland,TN,Fayette,35.21214,-89.50468,11713.0,2.56,108.0,RURAL,80478,adult,21.37823834196891,33.0,417.0,22.0,1,Premium Dining Market,Mexican cuisine restaurant,higher-income trade area,MEM_compstore_restaurants.csv
38016,38016,Cordova,TN,Shelby,35.17956,-89.76046,46394.0,2.49,940.8,RURAL,72749,millennial,0.23549746138057684,1590.0,31577.0,83.0,4,Premium Dining Market,General restaurant,higher-income trade area,MEM_compstore_restaurants.csv
38115,38115,Memphis,TN,Shelby,35.05499,-89.86362,36574.0,2.25,1731.5,SUBURBAN,39176,young,-11.693266050172635,1590.0,31577.0,65.0,8,Social Dining Market,Fast-service restaurant,value-oriented trade area,MEM_compstore_restaurants.csv
38654,38654,Olive Branch,MS,DeSoto,34.93635,-89.82409,56449.0,2.73,243.5,RURAL,96145,millennial,10.70602078838988,351.0,8323.0,98.0,9,Premium Dining Market,Chicken-focused restaurant,higher-income trade area,MEM_compstore_restaurants.csv
38127,38127,Memphis,TN,Shelby,35.23795,-90.01753,40565.0,2.89,404.3,RURAL,34781,millennial,-9.74122777740694,1590.0,31577.0,29.0,3,Family Value Market,Wings-focused restaurant,value-oriented trade area,MEM_compstore_restaurants.csv
38111,38111,Memphis,TN,Shelby,35.11014,-89.94429,42322.0,2.35,1656.5,SUBURBAN,50151,millennial,-3.833306823604263,1590.0,31577.0,79.0,0,Social Dining Market,Health-oriented restaurant,mid-market trade area,MEM_compstore_restaurants.csv
38103,38103,Memphis,TN,Shelby,35.15308,-90.05518,13981.0,1.53,2115.1,SUBURBAN,89851,millennial,-0.40604074654509187,1590.0,31577.0,91.0,4,Premium Dining Market,Beverage-led restaurant,higher-income trade area,MEM_compstore_restaurants.csv
38128,38128,Memphis,TN,Shelby,35.22623,-89.92612,44400.0,2.78,688.7,RURAL,40497,millennial,-1.9975720119192142,1590.0,31577.0,43.0,8,Social Dining Market,Fast-service restaurant,value-oriented trade area,MEM_compstore_restaurants.csv
38053,38053,Millington,TN,Shelby,35.33583,-89.95,25556.0,2.63,60.2,RURAL,57012,adult,-3.827193015466827,1590.0,31577.0,41.0,0,Social Dining Market,Health-oriented restaurant,mid-market trade area,MEM_compstore_restaurants.csv
38002,38002,Arlington,TN,Shelby,35.28854,-89.70926,42797.0,2.86,145.7,RURAL,109364,adult,5.297214841058951,1590.0,31577.0,59.0,9,Premium Dining Market,Beverage-led restaurant,higher-income trade area,MEM_compstore_restaurants.csv
38632,38632,Hernando,MS,DeSoto,34.79973,-90.00629,29491.0,2.69,74.7,RURAL,80956,millennial,9.864769213575233,351.0,8323.0,28.0,5,Social Dining Market,Beverage-led restaurant,higher-income trade area,MEM_compstore_restaurants.csv
38016,38016,Cordova,TN,Shelby,35.17956,-89.76046,46394.0,2.49,940.8,RURAL,72749,millennial,0.23549746138057684,1590.0,31577.0,83.0,4,Premium Dining Market,Beverage-led restaurant,higher-income trade area,MEM_compstore_restaurants.csv
38128,38128,Memphis,TN,Shelby,35.22623,-89.92612,44400.0,2.78,688.7,RURAL,40497,millennial,-1.9975720119192142,1590.0,31577.0,43.0,8,Social Dining Market,Beverage-led restaurant,value-oriented trade area,MEM_compstore_restaurants.csv
38654,38654,Olive Branch,MS,DeSoto,34.93635,-89.82409,56449.0,2.73,243.5,RURAL,96145,millennial,10.70602078838988,351.0,8323.0,98.0,9,Premium Dining Market,Beverage-led restaurant,higher-income trade area,MEM_compstore_restaurants.csv
38018,38018,Cordova,TN,Shelby,35.13781,-89.76647,38338.0,2.71,797.3,RURAL,82355,millennial,2.837982832618026,1590.0,31577.0,82.0,9,Premium Dining Market,Asian cuisine restaurant,higher-income trade area,MEM_compstore_restaurants.csv
38138,38138,Germantown,TN,Shelby,35.08477,-89.7993,25465.0,2.52,819.5,RURAL,122627,adult,2.5326139474955713,1590.0,31577.0,82.0,4,Premium Dining Market,Mexican cuisine restaurant,higher-income trade area,MEM_compstore_restaurants.csv
38018,38018,Cordova,TN,Shelby,35.13781,-89.76647,38338.0,2.71,797.3,RURAL,82355,millennial,2.837982832618026,1590.0,31577.0,82.0,9,Premium Dining Market,Wings-focused restaurant,higher-income trade area,MEM_compstore_restaurants.csv
38654,38654,Olive Branch,MS,DeSoto,34.93635,-89.82409,56449.0,2.73,243.5,RURAL,96145,millennial,10.70602078838988,351.0,8323.0,98.0,9,Premium Dining Market,Health-oriented restaurant,higher-income trade area,MEM_compstore_restaurants.csv
38018,38018,Cordova,TN,Shelby,35.13781,-89.76647,38338.0,2.71,797.3,RURAL,82355,millennial,2.837982832618026,1590.0,31577.0,82.0,9,Premium Dining Market,Wings-focused restaurant,higher-income trade area,MEM_compstore_restaurants.csv
38128,38128,Memphis,TN,Shelby,35.22623,-89.92612,44400.0,2.78,688.7,RURAL,40497,millennial,-1.9975720119192142,1590.0,31577.0,43.0,8,Social Dining Market,Fast-service restaurant,value-oriented trade area,MEM_compstore_restaurants.csv
38134,38134,Memphis,TN,Shelby,35.17674,-89.85992,42789.0,2.67,913.5,RURAL,57630,millennial,-2.9683885890516577,1590.0,31577.0,90.0,0,Social Dining Market,Mexican cuisine restaurant,mid-market trade area,MEM_compstore_restaurants.csv
72335,72335,Forrest City,AR,St. Francis,34.99042,-90.75645,16320.0,2.49,39.8,RURAL,40237,millennial,-16.406290016903142,26.0,369.0,13.0,3,Family Value Market,Wings-focused restaurant,value-oriented trade area,MEM_compstore_restaurants.csv
38125,38125,Memphis,TN,Shelby,35.02537,-89.78936,43305.0,2.8,875.1,RURAL,80116,millennial,16.983629585607,1590.0,31577.0,50.0,9,Premium Dining Market,Wings-focused restaurant,higher-income trade area,MEM_compstore_restaurants.csv
38016,38016,Cordova,TN,Shelby,35.17956,-89.76046,46394.0,2.49,940.8,RURAL,72749,millennial,0.23549746138057684,1590.0,31577.0,83.0,4,Premium Dining Market,Health-oriented restaurant,higher-income trade area,MEM_compstore_restaurants.csv
38128,38128,Memphis,TN,Shelby,35.22623,-89.92612,44400.0,2.78,688.7,RURAL,40497,millennial,-1.9975720119192142,1590.0,31577.0,43.0,8,Social Dining Market,General restaurant,value-oriented trade area,MEM_compstore_restaurants.csv
38016,38016,Cordova,TN,Shelby,35.17956,-89.76046,46394.0,2.49,940.8,RURAL,72749,millennial,0.23549746138057684,1590.0,31577.0,83.0,4,Premium Dining Market,General restaurant,higher-income trade area,MEM_compstore_restaurants.csv
38611,38611,Byhalia,MS,Marshall,34.85467,-89.67116,17023.0,2.7,33.3,RURAL,55758,millennial,13.102119460500964,32.0,405.0,10.0,11,Healthy Lifestyle Market,Health-oriented restaurant,mid-market trade area,MEM_compstore_restaurants.csv
38138,38138,Germantown,TN,Shelby,35.08477,-89.7993,25465.0,2.52,819.5,RURAL,122627,adult,2.5326139474955713,1590.0,31577.0,82.0,4,Premium Dining Market,Asian cuisine restaurant,higher-income trade area,MEM_compstore_restaurants.csv
38109,38109,Memphis,TN,Shelby,35.0341,-90.13533,45204.0,2.7,274.5,RURAL,35018,millennial,2.5987879888331555,1590.0,31577.0,23.0,3,Family Value Market,Wings-focused restaurant,value-oriented trade area,MEM_compstore_restaurants.csv
38104,38104,Memphis,TN,Shelby,35.13253,-90.00435,23408.0,1.76,1764.8,SUBURBAN,53351,millennial,-0.7883360176316013,1590.0,31577.0,112.0,0,Social Dining Market,Asian cuisine restaurant,mid-market trade area,MEM_compstore_restaurants.csv
38103,38103,Memphis,TN,Shelby,35.15308,-90.05518,13981.0,1.53,2115.1,SUBURBAN,89851,millennial,-0.40604074654509187,1590.0,31577.0,91.0,4,Premium Dining Market,Asian cuisine restaurant,higher-income trade area,MEM_compstore_restaurants.csv
38002,38002,Arlington,TN,Shelby,35.28854,-89.70926,42797.0,2.86,145.7,RURAL,109364,adult,5.297214841058951,1590.0,31577.0,59.0,9,Premium Dining Market,Health-oriented restaurant,higher-income trade area,MEM_compstore_restaurants.csv
38017,38017,Collierville,TN,Shelby,35.06722,-89.65347,55570.0,2.83,267.7,RURAL,131354,adult,3.716008137516565,1590.0,31577.0,74.0,9,Premium Dining Market,Health-oriented restaurant,higher-income trade area,MEM_compstore_restaurants.csv
38128,38128,Memphis,TN,Shelby,35.22623,-89.92612,44400.0,2.78,688.7,RURAL,40497,millennial,-1.9975720119192142,1590.0,31577.0,43.0,8,Social Dining Market,Health-oriented restaurant,value-oriented trade area,MEM_compstore_restaurants.csv
38017,38017,Collierville,TN,Shelby,35.06722,-89.65347,55570.0,2.83,267.7,RURAL,131354,adult,3.716008137516565,1590.0,31577.0,74.0,9,Premium Dining Market,Health-oriented restaurant,higher-income trade area,MEM_compstore_restaurants.csv
38119,38119,Memphis,TN,Shelby,35.07986,-89.84593,22990.0,2.31,1027.6,SUBURBAN,92500,adult,-2.1327316844749054,1590.0,31577.0,63.0,4,Premium Dining Market,Health-oriented restaurant,higher-income trade area,MEM_compstore_restaurants.csv
38672,38672,Southaven,MS,DeSoto,34.93727,-89.94943,15602.0,2.94,487.4,RURAL,103692,millennial,15.467732386027237,351.0,8323.0,37.0,4,Premium Dining Market,General restaurant,higher-income trade area,MEM_compstore_restaurants.csv
38122,38122,Memphis,TN,Shelby,35.1571,-89.92247,24014.0,2.67,1473.8,SUBURBAN,45065,millennial,-5.901253918495298,1590.0,31577.0,56.0,0,Social Dining Market,Mexican cuisine restaurant,value-oriented trade area,MEM_compstore_restaurants.csv
38103,38103,Memphis,TN,Shelby,35.15308,-90.05518,13981.0,1.53,2115.1,SUBURBAN,89851,millennial,-0.40604074654509187,1590.0,31577.0,91.0,4,Premium Dining Market,Beverage-led restaurant,higher-income trade area,MEM_compstore_restaurants.csv
38127,38127,Memphis,TN,Shelby,35.23795,-90.01753,40565.0,2.89,404.3,RURAL,34781,millennial,-9.74122777740694,1590.0,31577.0,29.0,3,Family Value Market,General restaurant,value-oriented trade area,MEM_compstore_restaurants.csv
38018,38018,Cordova,TN,Shelby,35.13781,-89.76647,38338.0,2.71,797.3,RURAL,82355,millennial,2.837982832618026,1590.0,31577.0,82.0,9,Premium Dining Market,General restaurant,higher-income trade area,MEM_compstore_restaurants.csv
38002,38002,Arlington,TN,Shelby,35.28854,-89.70926,42797.0,2.86,145.7,RURAL,109364,adult,5.297214841058951,1590.0,31577.0,59.0,9,Premium Dining Market,General restaurant,higher-income trade area,MEM_compstore_restaurants.csv
38654,38654,Olive Branch,MS,DeSoto,34.93635,-89.82409,56449.0,2.73,243.5,RURAL,96145,millennial,10.70602078838988,351.0,8323.0,98.0,9,Premium Dining Market,General restaurant,higher-income trade area,MEM_compstore_restaurants.csv
38017,38017,Collierville,TN,Shelby,35.06722,-89.65347,55570.0,2.83,267.7,RURAL,131354,adult,3.716008137516565,1590.0,31577.0,74.0,9,Premium Dining Market,Fast-service restaurant,higher-income trade area,MEM_compstore_restaurants.csv
38671,38671,Southaven,MS,DeSoto,34.96376,-89.99567,37288.0,2.61,648.3,RURAL,58854,millennial,1.8102389078498295,351.0,8323.0,83.0,0,Social Dining Market,Fast-service restaurant,mid-market trade area,MEM_compstore_restaurants.csv
38116,38116,Memphis,TN,Shelby,35.03213,-90.01001,40212.0,2.61,787.7,RURAL,42354,millennial,-0.5785491766800178,1590.0,31577.0,70.0,8,Social Dining Market,Fast-service restaurant,value-oriented trade area,MEM_compstore_restaurants.csv
38119,38119,Memphis,TN,Shelby,35.07986,-89.84593,22990.0,2.31,1027.6,SUBURBAN,92500,adult,-2.1327316844749054,1590.0,31577.0,63.0,4,Premium Dining Market,Wings-focused restaurant,higher-income trade area,MEM_compstore_restaurants.csv
38632,38632,Hernando,MS,DeSoto,34.79973,-90.00629,29491.0,2.69,74.7,RURAL,80956,millennial,9.864769213575233,351.0,8323.0,28.0,5,Social Dining Market,Wings-focused restaurant,higher-income trade area,MEM_compstore_restaurants.csv
38672,38672,Southaven,MS,DeSoto,34.93727,-89.94943,15602.0,2.94,487.4,RURAL,103692,millennial,15.467732386027237,351.0,8323.0,37.0,4,Premium Dining Market,Wings-focused restaurant,higher-income trade area,MEM_compstore_restaurants.csv
38134,38134,Memphis,TN,Shelby,35.17674,-89.85992,42789.0,2.67,913.5,RURAL,57630,millennial,-2.9683885890516577,1590.0,31577.0,90.0,0,Social Dining Market,Mexican cuisine restaurant,mid-market trade area,MEM_compstore_restaurants.csv
38115,38115,Memphis,TN,Shelby,35.05499,-89.86362,36574.0,2.25,1731.5,SUBURBAN,39176,young,-11.693266050172635,1590.0,31577.0,65.0,8,Social Dining Market,Beverage-led restaurant,value-oriented trade area,MEM_compstore_restaurants.csv
38104,38104,Memphis,TN,Shelby,35.13253,-90.00435,23408.0,1.76,1764.8,SUBURBAN,53351,millennial,-0.7883360176316013,1590.0,31577.0,112.0,0,Social Dining Market,General restaurant,mid-market trade area,MEM_compstore_restaurants.csv
38133,38133,Memphis,TN,Shelby,35.21292,-89.79474,21383.0,2.69,632.7,RURAL,74775,millennial,0.3519804768162193,1590.0,31577.0,85.0,9,Premium Dining Market,Mexican cuisine restaurant,higher-income trade area,MEM_compstore_restaurants.csv
38117,38117,Memphis,TN,Shelby,35.11504,-89.90551,26430.0,2.29,1059.9,SUBURBAN,91680,adult,0.6627056672760512,1590.0,31577.0,84.0,4,Premium Dining Market,Health-oriented restaurant,higher-income trade area,MEM_compstore_restaurants.csv
38104,38104,Memphis,TN,Shelby,35.13253,-90.00435,23408.0,1.76,1764.8,SUBURBAN,53351,millennial,-0.7883360176316013,1590.0,31577.0,112.0,0,Social Dining Market,Beverage-led restaurant,mid-market trade area,MEM_compstore_restaurants.csv
38116,38116,Memphis,TN,Shelby,35.03213,-90.01001,40212.0,2.61,787.7,RURAL,42354,millennial,-0.5785491766800178,1590.0,31577.0,70.0,8,Social Dining Market,Wings-focused restaurant,value-oriented trade area,MEM_compstore_restaurants.csv
38115,38115,Memphis,TN,Shelby,35.05499,-89.86362,36574.0,2.25,1731.5,SUBURBAN,39176,young,-11.693266050172635,1590.0,31577.0,65.0,8,Social Dining Market,Fast-service restaurant,value-oriented trade area,MEM_compstore_restaurants.csv
38103,38103,Memphis,TN,Shelby,35.15308,-90.05518,13981.0,1.53,2115.1,SUBURBAN,89851,millennial,-0.40604074654509187,1590.0,31577.0,91.0,4,Premium Dining Market,Health-oriented restaurant,higher-income trade area,MEM_compstore_restaurants.csv
38002,38002,Arlington,TN,Shelby,35.28854,-89.70926,42797.0,2.86,145.7,RURAL,109364,adult,5.297214841058951,1590.0,31577.0,59.0,9,Premium Dining Market,Fast-service restaurant,higher-income trade area,MEM_compstore_restaurants.csv
38138,38138,Germantown,TN,Shelby,35.08477,-89.7993,25465.0,2.52,819.5,RURAL,122627,adult,2.5326139474955713,1590.0,31577.0,82.0,4,Premium Dining Market,Beverage-led restaurant,higher-income trade area,MEM_compstore_restaurants.csv
38134,38134,Memphis,TN,Shelby,35.17674,-89.85992,42789.0,2.67,913.5,RURAL,57630,millennial,-2.9683885890516577,1590.0,31577.0,90.0,0,Social Dining Market,Wings-focused restaurant,mid-market trade area,MEM_compstore_restaurants.csv
38016,38016,Cordova,TN,Shelby,35.17956,-89.76046,46394.0,2.49,940.8,RURAL,72749,millennial,0.23549746138057684,1590.0,31577.0,83.0,4,Premium Dining Market,Wings-focused restaurant,higher-income trade area,MEM_compstore_restaurants.csv
38104,38104,Memphis,TN,Shelby,35.13253,-90.00435,23408.0,1.76,1764.8,SUBURBAN,53351,millennial,-0.7883360176316013,1590.0,31577.0,112.0,0,Social Dining Market,Fast-service restaurant,mid-market trade area,MEM_compstore_restaurants.csv
38105,38105,Memphis,TN,Shelby,35.1512,-90.03541,5215.0,1.56,1264.1,SUBURBAN,26250,adult,-19.719827586206897,1590.0,31577.0,16.0,0,Social Dining Market,Chicken-focused restaurant,value-oriented trade area,MEM_compstore_restaurants.csv
38133,38133,Memphis,TN,Shelby,35.21292,-89.79474,21383.0,2.69,632.7,RURAL,74775,millennial,0.3519804768162193,1590.0,31577.0,85.0,9,Premium Dining Market,Beverage-led restaurant,higher-income trade area,MEM_compstore_restaurants.csv
38115,38115,Memphis,TN,Shelby,35.05499,-89.86362,36574.0,2.25,1731.5,SUBURBAN,39176,young,-11.693266050172635,1590.0,31577.0,65.0,8,Social Dining Market,Mexican cuisine restaurant,value-oriented trade area,MEM_compstore_restaurants.csv
38111,38111,Memphis,TN,Shelby,35.11014,-89.94429,42322.0,2.35,1656.5,SUBURBAN,50151,millennial,-3.833306823604263,1590.0,31577.0,79.0,0,Social Dining Market,Health-oriented restaurant,mid-market trade area,MEM_compstore_restaurants.csv
38133,38133,Memphis,TN,Shelby,35.21292,-89.79474,21383.0,2.69,632.7,RURAL,74775,millennial,0.3519804768162193,1590.0,31577.0,85.0,9,Premium Dining Market,Health-oriented restaurant,higher-income trade area,MEM_compstore_restaurants.csv
38122,38122,Memphis,TN,Shelby,35.1571,-89.92247,24014.0,2.67,1473.8,SUBURBAN,45065,millennial,-5.901253918495298,1590.0,31577.0,56.0,0,Social Dining Market,Asian cuisine restaurant,value-oriented trade area,MEM_compstore_restaurants.csv
38635,38635,Holly Springs,MS,Marshall,34.7677,-89.47896,15608.0,2.58,17.4,RURAL,55723,millennial,0.0,32.0,405.0,10.0,0,Social Dining Market,Wings-focused restaurant,mid-market trade area,MEM_compstore_restaurants.csv
38654,38654,Olive Branch,MS,DeSoto,34.93635,-89.82409,56449.0,2.73,243.5,RURAL,96145,millennial,10.70602078838988,351.0,8323.0,98.0,9,Premium Dining Market,Wings-focused restaurant,higher-income trade area,MEM_compstore_restaurants.csv
38138,38138,Germantown,TN,Shelby,35.08477,-89.7993,25465.0,2.52,819.5,RURAL,122627,adult,2.5326139474955713,1590.0,31577.0,82.0,4,Premium Dining Market,Asian cuisine restaurant,higher-income trade area,MEM_compstore_restaurants.csv
38134,38134,Memphis,TN,Shelby,35.17674,-89.85992,42789.0,2.67,913.5,RURAL,57630,millennial,-2.9683885890516577,1590.0,31577.0,90.0,0,Social Dining Market,Health-oriented restaurant,mid-market trade area,MEM_compstore_restaurants.csv
38115,38115,Memphis,TN,Shelby,35.05499,-89.86362,36574.0,2.25,1731.5,SUBURBAN,39176,young,-11.693266050172635,1590.0,31577.0,65.0,8,Social Dining Market,Seafood-focused restaurant,value-oriented trade area,MEM_compstore_restaurants.csv
72370,72370,Osceola,AR,Mississippi,35.68443,-90.07734,7265.0,2.73,22.4,RURAL,43949,millennial,-7.8980730223123725,66.0,932.0,4.0,11,Healthy Lifestyle Market,Wings-focused restaurant,value-oriented trade area,MEM_compstore_restaurants.csv
72364,72364,Marion,AR,Crittenden,35.2126,-90.18573,16314.0,2.68,77.4,RURAL,73762,millennial,2.391263415552627,66.0,1111.0,19.0,5,Social Dining Market,Wings-focused restaurant,higher-income trade area,MEM_compstore_restaurants.csv
38128,38128,Memphis,TN,Shelby,35.22623,-89.92612,44400.0,2.78,688.7,RURAL,40497,millennial,-1.9975720119192142,1590.0,31577.0,43.0,8,Social Dining Market,Chicken-focused restaurant,value-oriented trade area,MEM_compstore_restaurants.csv
38141,38141,Memphis,TN,Shelby,35.01599,-89.85472,23123.0,2.91,1184.3,SUBURBAN,67584,millennial,4.110760918505178,1590.0,31577.0,20.0,5,Social Dining Market,Chicken-focused restaurant,mid-market trade area,MEM_compstore_restaurants.csv
38118,38118,Memphis,TN,Shelby,35.03655,-89.93021,39373.0,2.97,495.6,RURAL,41830,young,1.0263515767326097,1590.0,31577.0,54.0,8,Social Dining Market,Wings-focused restaurant,value-oriented trade area,MEM_compstore_restaurants.csv
38109,38109,Memphis,TN,Shelby,35.0341,-90.13533,45204.0,2.7,274.5,RURAL,35018,millennial,2.5987879888331555,1590.0,31577.0,23.0,3,Family Value Market,Chicken-focused restaurant,value-oriented trade area,MEM_compstore_restaurants.csv
38116,38116,Memphis,TN,Shelby,35.03213,-90.01001,40212.0,2.61,787.7,RURAL,42354,millennial,-0.5785491766800178,1590.0,31577.0,70.0,8,Social Dining Market,Fast-service restaurant,value-oriented trade area,MEM_compstore_restaurants.csv
38114,38114,Memphis,TN,Shelby,35.09648,-89.98596,22112.0,2.2,1031.6,SUBURBAN,29492,adult,-16.545893719806763,1590.0,31577.0,19.0,3,Family Value Market,Wings-focused restaurant,value-oriented trade area,MEM_compstore_restaurants.csv
38115,38115,Memphis,TN,Shelby,35.05499,-89.86362,36574.0,2.25,1731.5,SUBURBAN,39176,young,-11.693266050172635,1590.0,31577.0,65.0,8,Social Dining Market,Wings-focused restaurant,value-oriented trade area,MEM_compstore_restaurants.csv
38103,38103,Memphis,TN,Shelby,35.15308,-90.05518,13981.0,1.53,2115.1,SUBURBAN,89851,millennial,-0.40604074654509187,1590.0,31577.0,91.0,4,Premium Dining Market,Wings-focused restaurant,higher-income trade area,MEM_compstore_restaurants.csv
38133,38133,Memphis,TN,Shelby,35.21292,-89.79474,21383.0,2.69,632.7,RURAL,74775,millennial,0.3519804768162193,1590.0,31577.0,85.0,9,Premium Dining Market,Mexican cuisine restaurant,higher-income trade area,MEM_compstore_restaurants.csv
38138,38138,Germantown,TN,Shelby,35.08477,-89.7993,25465.0,2.52,819.5,RURAL,122627,adult,2.5326139474955713,1590.0,31577.0,82.0,4,Premium Dining Market,Asian cuisine restaurant,higher-income trade area,MEM_compstore_restaurants.csv
38002,38002,Arlington,TN,Shelby,35.28854,-89.70926,42797.0,2.86,145.7,RURAL,109364,adult,5.297214841058951,1590.0,31577.0,59.0,9,Premium Dining Market,Health-oriented restaurant,higher-income trade area,MEM_compstore_restaurants.csv
38128,38128,Memphis,TN,Shelby,35.22623,-89.92612,44400.0,2.78,688.7,RURAL,40497,millennial,-1.9975720119192142,1590.0,31577.0,43.0,8,Social Dining Market,Mexican cuisine restaurant,value-oriented trade area,MEM_compstore_restaurants.csv
38058,38058,Munford,TN,Tipton,35.45861,-89.81933,10067.0,2.9,153.4,RURAL,76875,millennial,3.7728069271209157,70.0,1131.0,4.0,5,Social Dining Market,Fast-service restaurant,higher-income trade area,MEM_compstore_restaurants.csv
38133,38133,Memphis,TN,Shelby,35.21292,-89.79474,21383.0,2.69,632.7,RURAL,74775,millennial,0.3519804768162193,1590.0,31577.0,85.0,9,Premium Dining Market,Chicken-focused restaurant,higher-income trade area,MEM_compstore_restaurants.csv
38016,38016,Cordova,TN,Shelby,35.17956,-89.76046,46394.0,2.49,940.8,RURAL,72749,millennial,0.23549746138057684,1590.0,31577.0,83.0,4,Premium Dining Market,General restaurant,higher-income trade area,MEM_compstore_restaurants.csv
38016,38016,Cordova,TN,Shelby,35.17956,-89.76046,46394.0,2.49,940.8,RURAL,72749,millennial,0.23549746138057684,1590.0,31577.0,83.0,4,Premium Dining Market,Seafood-focused restaurant,higher-income trade area,MEM_compstore_restaurants.csv
38115,38115,Memphis,TN,Shelby,35.05499,-89.86362,36574.0,2.25,1731.5,SUBURBAN,39176,young,-11.693266050172635,1590.0,31577.0,65.0,8,Social Dining Market,Seafood-focused restaurant,value-oriented trade area,MEM_compstore_restaurants.csv
38134,38134,Memphis,TN,Shelby,35.17674,-89.85992,42789.0,2.67,913.5,RURAL,57630,millennial,-2.9683885890516577,1590.0,31577.0,90.0,0,Social Dining Market,Seafood-focused restaurant,mid-market trade area,MEM_compstore_restaurants.csv
38016,38016,Cordova,TN,Shelby,35.17956,-89.76046,46394.0,2.49,940.8,RURAL,72749,millennial,0.23549746138057684,1590.0,31577.0,83.0,4,Premium Dining Market,Health-oriented restaurant,higher-income trade area,MEM_compstore_restaurants.csv
38671,38671,Southaven,MS,DeSoto,34.96376,-89.99567,37288.0,2.61,648.3,RURAL,58854,millennial,1.8102389078498295,351.0,8323.0,83.0,0,Social Dining Market,Asian cuisine restaurant,mid-market trade area,MEM_compstore_restaurants.csv
38016,38016,Cordova,TN,Shelby,35.17956,-89.76046,46394.0,2.49,940.8,RURAL,72749,millennial,0.23549746138057684,1590.0,31577.0,83.0,4,Premium Dining Market,Wings-focused restaurant,higher-income trade area,MEM_compstore_restaurants.csv
38119,38119,Memphis,TN,Shelby,35.07986,-89.84593,22990.0,2.31,1027.6,SUBURBAN,92500,adult,-2.1327316844749054,1590.0,31577.0,63.0,4,Premium Dining Market,Health-oriented restaurant,higher-income trade area,MEM_compstore_restaurants.csv
38654,38654,Olive Branch,MS,DeSoto,34.93635,-89.82409,56449.0,2.73,243.5,RURAL,96145,millennial,10.70602078838988,351.0,8323.0,98.0,9,Premium Dining Market,General restaurant,higher-income trade area,MEM_compstore_restaurants.csv
38116,38116,Memphis,TN,Shelby,35.03213,-90.01001,40212.0,2.61,787.7,RURAL,42354,millennial,-0.5785491766800178,1590.0,31577.0,70.0,8,Social Dining Market,Beverage-led restaurant,value-oriented trade area,MEM_compstore_restaurants.csv
38016,38016,Cordova,TN,Shelby,35.17956,-89.76046,46394.0,2.49,940.8,RURAL,72749,millennial,0.23549746138057684,1590.0,31577.0,83.0,4,Premium Dining Market,Health-oriented restaurant,higher-income trade area,MEM_compstore_restaurants.csv
38016,38016,Cordova,TN,Shelby,35.17956,-89.76046,46394.0,2.49,940.8,RURAL,72749,millennial,0.23549746138057684,1590.0,31577.0,83.0,4,Premium Dining Market,Health-oriented restaurant,higher-income trade area,MEM_compstore_restaurants.csv
38115,38115,Memphis,TN,Shelby,35.05499,-89.86362,36574.0,2.25,1731.5,SUBURBAN,39176,young,-11.693266050172635,1590.0,31577.0,65.0,8,Social Dining Market,Health-oriented restaurant,value-oriented trade area,MEM_compstore_restaurants.csv
38672,38672,Southaven,MS,DeSoto,34.93727,-89.94943,15602.0,2.94,487.4,RURAL,103692,millennial,15.467732386027237,351.0,8323.0,37.0,4,Premium Dining Market,Health-oriented restaurant,higher-income trade area,MEM_compstore_restaurants.csv
38671,38671,Southaven,MS,DeSoto,34.96376,-89.99567,37288.0,2.61,648.3,RURAL,58854,millennial,1.8102389078498295,351.0,8323.0,83.0,0,Social Dining Market,Health-oriented restaurant,mid-market trade area,MEM_compstore_restaurants.csv
38115,38115,Memphis,TN,Shelby,35.05499,-89.86362,36574.0,2.25,1731.5,SUBURBAN,39176,young,-11.693266050172635,1590.0,31577.0,65.0,8,Social Dining Market,Health-oriented restaurant,value-oriented trade area,MEM_compstore_restaurants.csv
38105,38105,Memphis,TN,Shelby,35.1512,-90.03541,5215.0,1.56,1264.1,SUBURBAN,26250,adult,-19.719827586206897,1590.0,31577.0,16.0,0,Social Dining Market,Health-oriented restaurant,value-oriented trade area,MEM_compstore_restaurants.csv
38111,38111,Memphis,TN,Shelby,35.11014,-89.94429,42322.0,2.35,1656.5,SUBURBAN,50151,millennial,-3.833306823604263,1590.0,31577.0,79.0,0,Social Dining Market,Health-oriented restaurant,mid-market trade area,MEM_compstore_restaurants.csv
38004,38004,Atoka,TN,Tipton,35.41909,-89.76687,11604.0,2.68,169.4,RURAL,89396,millennial,11.298676385958181,70.0,1131.0,16.0,1,Premium Dining Market,Mexican cuisine restaurant,higher-income trade area,MEM_compstore_restaurants.csv
38668,38668,Senatobia,MS,Tate,34.60109,-89.92505,14076.0,2.51,35.6,RURAL,67077,millennial,-0.4526166902404526,44.0,560.0,16.0,5,Social Dining Market,Mexican cuisine restaurant,mid-market trade area,MEM_compstore_restaurants.csv
38118,38118,Memphis,TN,Shelby,35.03655,-89.93021,39373.0,2.97,495.6,RURAL,41830,young,1.0263515767326097,1590.0,31577.0,54.0,8,Social Dining Market,Mexican cuisine restaurant,value-oriented trade area,MEM_compstore_restaurants.csv
38141,38141,Memphis,TN,Shelby,35.01599,-89.85472,23123.0,2.91,1184.3,SUBURBAN,67584,millennial,4.110760918505178,1590.0,31577.0,20.0,5,Social Dining Market,Mexican cuisine restaurant,mid-market trade area,MEM_compstore_restaurants.csv
38671,38671,Southaven,MS,DeSoto,34.96376,-89.99567,37288.0,2.61,648.3,RURAL,58854,millennial,1.8102389078498295,351.0,8323.0,83.0,0,Social Dining Market,Mexican cuisine restaurant,mid-market trade area,MEM_compstore_restaurants.csv
38637,38637,Horn Lake,MS,DeSoto,34.95105,-90.05004,26652.0,2.66,649.4,RURAL,57111,millennial,-1.2852327863994963,351.0,8323.0,44.0,0,Social Dining Market,Mexican cuisine restaurant,mid-market trade area,MEM_compstore_restaurants.csv
38117,38117,Memphis,TN,Shelby,35.11504,-89.90551,26430.0,2.29,1059.9,SUBURBAN,91680,adult,0.6627056672760512,1590.0,31577.0,84.0,4,Premium Dining Market,Asian cuisine restaurant,higher-income trade area,MEM_compstore_restaurants.csv
38138,38138,Germantown,TN,Shelby,35.08477,-89.7993,25465.0,2.52,819.5,RURAL,122627,adult,2.5326139474955713,1590.0,31577.0,82.0,4,Premium Dining Market,Health-oriented restaurant,higher-income trade area,MEM_compstore_restaurants.csv
38117,38117,Memphis,TN,Shelby,35.11504,-89.90551,26430.0,2.29,1059.9,SUBURBAN,91680,adult,0.6627056672760512,1590.0,31577.0,84.0,4,Premium Dining Market,Asian cuisine restaurant,higher-income trade area,MEM_compstore_restaurants.csv
38654,38654,Olive Branch,MS,DeSoto,34.93635,-89.82409,56449.0,2.73,243.5,RURAL,96145,millennial,10.70602078838988,351.0,8323.0,98.0,9,Premium Dining Market,Beverage-led restaurant,higher-income trade area,MEM_compstore_restaurants.csv
38002,38002,Arlington,TN,Shelby,35.28854,-89.70926,42797.0,2.86,145.7,RURAL,109364,adult,5.297214841058951,1590.0,31577.0,59.0,9,Premium Dining Market,Health-oriented restaurant,higher-income trade area,MEM_compstore_restaurants.csv
38112,38112,Memphis,TN,Shelby,35.14791,-89.97661,16334.0,2.25,1350.5,SUBURBAN,49560,millennial,-3.1427893738140416,1590.0,31577.0,28.0,0,Social Dining Market,Fast-service restaurant,mid-market trade area,MEM_compstore_restaurants.csv
38637,38637,Horn Lake,MS,DeSoto,34.95105,-90.05004,26652.0,2.66,649.4,RURAL,57111,millennial,-1.2852327863994963,351.0,8323.0,44.0,0,Social Dining Market,Fast-service restaurant,mid-market trade area,MEM_compstore_restaurants.csv
38632,38632,Hernando,MS,DeSoto,34.79973,-90.00629,29491.0,2.69,74.7,RURAL,80956,millennial,9.864769213575233,351.0,8323.0,28.0,5,Social Dining Market,Fast-service restaurant,higher-income trade area,MEM_compstore_restaurants.csv
38053,38053,Millington,TN,Shelby,35.33583,-89.95,25556.0,2.63,60.2,RURAL,57012,adult,-3.827193015466827,1590.0,31577.0,41.0,0,Social Dining Market,Fast-service restaurant,mid-market trade area,MEM_compstore_restaurants.csv
38104,38104,Memphis,TN,Shelby,35.13253,-90.00435,23408.0,1.76,1764.8,SUBURBAN,53351,millennial,-0.7883360176316013,1590.0,31577.0,112.0,0,Social Dining Market,Wings-focused restaurant,mid-market trade area,MEM_compstore_restaurants.csv
38002,38002,Arlington,TN,Shelby,35.28854,-89.70926,42797.0,2.86,145.7,RURAL,109364,adult,5.297214841058951,1590.0,31577.0,59.0,9,Premium Dining Market,Wings-focused restaurant,higher-income trade area,MEM_compstore_restaurants.csv
38116,38116,Memphis,TN,Shelby,35.03213,-90.01001,40212.0,2.61,787.7,RURAL,42354,millennial,-0.5785491766800178,1590.0,31577.0,70.0,8,Social Dining Market,Wings-focused restaurant,value-oriented trade area,MEM_compstore_restaurants.csv
38119,38119,Memphis,TN,Shelby,35.07986,-89.84593,22990.0,2.31,1027.6,SUBURBAN,92500,adult,-2.1327316844749054,1590.0,31577.0,63.0,4,Premium Dining Market,Seafood-focused restaurant,higher-income trade area,MEM_compstore_restaurants.csv
38103,38103,Memphis,TN,Shelby,35.15308,-90.05518,13981.0,1.53,2115.1,SUBURBAN,89851,millennial,-0.40604074654509187,1590.0,31577.0,91.0,4,Premium Dining Market,Beverage-led restaurant,higher-income trade area,MEM_compstore_restaurants.csv
38053,38053,Millington,TN,Shelby,35.33583,-89.95,25556.0,2.63,60.2,RURAL,57012,adult,-3.827193015466827,1590.0,31577.0,41.0,0,Social Dining Market,Wings-focused restaurant,mid-market trade area,MEM_compstore_restaurants.csv
38671,38671,Southaven,MS,DeSoto,34.96376,-89.99567,37288.0,2.61,648.3,RURAL,58854,millennial,1.8102389078498295,351.0,8323.0,83.0,0,Social Dining Market,Wings-focused restaurant,mid-market trade area,MEM_compstore_restaurants.csv
38017,38017,Collierville,TN,Shelby,35.06722,-89.65347,55570.0,2.83,267.7,RURAL,131354,adult,3.716008137516565,1590.0,31577.0,74.0,9,Premium Dining Market,Seafood-focused restaurant,higher-income trade area,MEM_compstore_restaurants.csv
38133,38133,Memphis,TN,Shelby,35.21292,-89.79474,21383.0,2.69,632.7,RURAL,74775,millennial,0.3519804768162193,1590.0,31577.0,85.0,9,Premium Dining Market,Seafood-focused restaurant,higher-income trade area,MEM_compstore_restaurants.csv
38117,38117,Memphis,TN,Shelby,35.11504,-89.90551,26430.0,2.29,1059.9,SUBURBAN,91680,adult,0.6627056672760512,1590.0,31577.0,84.0,4,Premium Dining Market,General restaurant,higher-income trade area,MEM_compstore_restaurants.csv
38017,38017,Collierville,TN,Shelby,35.06722,-89.65347,55570.0,2.83,267.7,RURAL,131354,adult,3.716008137516565,1590.0,31577.0,74.0,9,Premium Dining Market,General restaurant,higher-income trade area,MEM_compstore_restaurants.csv
38671,38671,Southaven,MS,DeSoto,34.96376,-89.99567,37288.0,2.61,648.3,RURAL,58854,millennial,1.8102389078498295,351.0,8323.0,83.0,0,Social Dining Market,Mexican cuisine restaurant,mid-market trade area,MEM_compstore_restaurants.csv
38134,38134,Memphis,TN,Shelby,35.17674,-89.85992,42789.0,2.67,913.5,RURAL,57630,millennial,-2.9683885890516577,1590.0,31577.0,90.0,0,Social Dining Market,Seafood-focused restaurant,mid-market trade area,MEM_compstore_restaurants.csv
38138,38138,Germantown,TN,Shelby,35.08477,-89.7993,25465.0,2.52,819.5,RURAL,122627,adult,2.5326139474955713,1590.0,31577.0,82.0,4,Premium Dining Market,Seafood-focused restaurant,higher-income trade area,MEM_compstore_restaurants.csv
38671,38671,Southaven,MS,DeSoto,34.96376,-89.99567,37288.0,2.61,648.3,RURAL,58854,millennial,1.8102389078498295,351.0,8323.0,83.0,0,Social Dining Market,Wings-focused restaurant,mid-market trade area,MEM_compstore_restaurants.csv
72373,72373,Parkin,AR,Cross,35.28861,-90.60269,866.0,2.34,2.5,RURAL,27813,adult,-26.360544217687078,24.0,341.0,1.0,6,Comfort Dining Market,General restaurant,value-oriented trade area,MEM_compstore_restaurants.csv
38119,38119,Memphis,TN,Shelby,35.07986,-89.84593,22990.0,2.31,1027.6,SUBURBAN,92500,adult,-2.1327316844749054,1590.0,31577.0,63.0,4,Premium Dining Market,Seafood-focused restaurant,higher-income trade area,MEM_compstore_restaurants.csv
72396,72396,Wynne,AR,Cross,35.22966,-90.83559,12771.0,2.53,20.3,RURAL,51644,adult,-1.3136542771037787,24.0,341.0,13.0,11,Healthy Lifestyle Market,Fast-service restaurant,mid-market trade area,MEM_compstore_restaurants.csv
38002,38002,Arlington,TN,Shelby,35.28854,-89.70926,42797.0,2.86,145.7,RURAL,109364,adult,5.297214841058951,1590.0,31577.0,59.0,9,Premium Dining Market,Health-oriented restaurant,higher-income trade area,MEM_compstore_restaurants.csv
38117,38117,Memphis,TN,Shelby,35.11504,-89.90551,26430.0,2.29,1059.9,SUBURBAN,91680,adult,0.6627056672760512,1590.0,31577.0,84.0,4,Premium Dining Market,General restaurant,higher-income trade area,MEM_compstore_restaurants.csv
38672,38672,Southaven,MS,DeSoto,34.93727,-89.94943,15602.0,2.94,487.4,RURAL,103692,millennial,15.467732386027237,351.0,8323.0,37.0,4,Premium Dining Market,Mexican cuisine restaurant,higher-income trade area,MEM_compstore_restaurants.csv
38060,38060,Oakland,TN,Fayette,35.21214,-89.50468,11713.0,2.56,108.0,RURAL,80478,adult,21.37823834196891,33.0,417.0,22.0,1,Premium Dining Market,Asian cuisine restaurant,higher-income trade area,MEM_compstore_restaurants.csv
38017,38017,Collierville,TN,Shelby,35.06722,-89.65347,55570.0,2.83,267.7,RURAL,131354,adult,3.716008137516565,1590.0,31577.0,74.0,9,Premium Dining Market,General restaurant,higher-income trade area,MEM_compstore_restaurants.csv
38671,38671,Southaven,MS,DeSoto,34.96376,-89.99567,37288.0,2.61,648.3,RURAL,58854,millennial,1.8102389078498295,351.0,8323.0,83.0,0,Social Dining Market,Fast-service restaurant,mid-market trade area,MEM_compstore_restaurants.csv
38133,38133,Memphis,TN,Shelby,35.21292,-89.79474,21383.0,2.69,632.7,RURAL,74775,millennial,0.3519804768162193,1590.0,31577.0,85.0,9,Premium Dining Market,General restaurant,higher-income trade area,MEM_compstore_restaurants.csv
38133,38133,Memphis,TN,Shelby,35.21292,-89.79474,21383.0,2.69,632.7,RURAL,74775,millennial,0.3519804768162193,1590.0,31577.0,85.0,9,Premium Dining Market,Chicken-focused restaurant,higher-income trade area,MEM_compstore_restaurants.csv
38125,38125,Memphis,TN,Shelby,35.02537,-89.78936,43305.0,2.8,875.1,RURAL,80116,millennial,16.983629585607,1590.0,31577.0,50.0,9,Premium Dining Market,Wings-focused restaurant,higher-income trade area,MEM_compstore_restaurants.csv
38016,38016,Cordova,TN,Shelby,35.17956,-89.76046,46394.0,2.49,940.8,RURAL,72749,millennial,0.23549746138057684,1590.0,31577.0,83.0,4,Premium Dining Market,General restaurant,higher-income trade area,MEM_compstore_restaurants.csv
38004,38004,Atoka,TN,Tipton,35.41909,-89.76687,11604.0,2.68,169.4,RURAL,89396,millennial,11.298676385958181,70.0,1131.0,16.0,1,Premium Dining Market,Fast-service restaurant,higher-income trade area,MEM_compstore_restaurants.csv
38134,38134,Memphis,TN,Shelby,35.17674,-89.85992,42789.0,2.67,913.5,RURAL,57630,millennial,-2.9683885890516577,1590.0,31577.0,90.0,0,Social Dining Market,Fast-service restaurant,mid-market trade area,MEM_compstore_restaurants.csv
38116,38116,Memphis,TN,Shelby,35.03213,-90.01001,40212.0,2.61,787.7,RURAL,42354,millennial,-0.5785491766800178,1590.0,31577.0,70.0,8,Social Dining Market,Wings-focused restaurant,value-oriented trade area,MEM_compstore_restaurants.csv
38111,38111,Memphis,TN,Shelby,35.11014,-89.94429,42322.0,2.35,1656.5,SUBURBAN,50151,millennial,-3.833306823604263,1590.0,31577.0,79.0,0,Social Dining Market,Wings-focused restaurant,mid-market trade area,MEM_compstore_restaurants.csv
38125,38125,Memphis,TN,Shelby,35.02537,-89.78936,43305.0,2.8,875.1,RURAL,80116,millennial,16.983629585607,1590.0,31577.0,50.0,9,Premium Dining Market,Fast-service restaurant,higher-income trade area,MEM_compstore_restaurants.csv
38118,38118,Memphis,TN,Shelby,35.03655,-89.93021,39373.0,2.97,495.6,RURAL,41830,young,1.0263515767326097,1590.0,31577.0,54.0,8,Social Dining Market,Wings-focused restaurant,value-oriented trade area,MEM_compstore_restaurants.csv
72301,72301,West Memphis,AR,Crittenden,35.13363,-90.17883,24404.0,2.47,313.2,RURAL,41022,millennial,-1.4895248859645582,66.0,1111.0,37.0,3,Family Value Market,Chicken-focused restaurant,value-oriented trade area,MEM_compstore_restaurants.csv
38637,38637,Horn Lake,MS,DeSoto,34.95105,-90.05004,26652.0,2.66,649.4,RURAL,57111,millennial,-1.2852327863994963,351.0,8323.0,44.0,0,Social Dining Market,Chicken-focused restaurant,mid-market trade area,MEM_compstore_restaurants.csv
38017,38017,Collierville,TN,Shelby,35.06722,-89.65347,55570.0,2.83,267.7,RURAL,131354,adult,3.716008137516565,1590.0,31577.0,74.0,9,Premium Dining Market,Mexican cuisine restaurant,higher-income trade area,MEM_compstore_restaurants.csv
38118,38118,Memphis,TN,Shelby,35.03655,-89.93021,39373.0,2.97,495.6,RURAL,41830,young,1.0263515767326097,1590.0,31577.0,54.0,8,Social Dining Market,Wings-focused restaurant,value-oriented trade area,MEM_compstore_restaurants.csv
38116,38116,Memphis,TN,Shelby,35.03213,-90.01001,40212.0,2.61,787.7,RURAL,42354,millennial,-0.5785491766800178,1590.0,31577.0,70.0,8,Social Dining Market,Wings-focused restaurant,value-oriented trade area,MEM_compstore_restaurants.csv
38111,38111,Memphis,TN,Shelby,35.11014,-89.94429,42322.0,2.35,1656.5,SUBURBAN,50151,millennial,-3.833306823604263,1590.0,31577.0,79.0,0,Social Dining Market,Health-oriented restaurant,mid-market trade area,MEM_compstore_restaurants.csv
38111,38111,Memphis,TN,Shelby,35.11014,-89.94429,42322.0,2.35,1656.5,SUBURBAN,50151,millennial,-3.833306823604263,1590.0,31577.0,79.0,0,Social Dining Market,Asian cuisine restaurant,mid-market trade area,MEM_compstore_restaurants.csv
38611,38611,Byhalia,MS,Marshall,34.85467,-89.67116,17023.0,2.7,33.3,RURAL,55758,millennial,13.102119460500964,32.0,405.0,10.0,11,Healthy Lifestyle Market,Wings-focused restaurant,mid-market trade area,MEM_compstore_restaurants.csv
38668,38668,Senatobia,MS,Tate,34.60109,-89.92505,14076.0,2.51,35.6,RURAL,67077,millennial,-0.4526166902404526,44.0,560.0,16.0,5,Social Dining Market,Wings-focused restaurant,mid-market trade area,MEM_compstore_restaurants.csv
38134,38134,Memphis,TN,Shelby,35.17674,-89.85992,42789.0,2.67,913.5,RURAL,57630,millennial,-2.9683885890516577,1590.0,31577.0,90.0,0,Social Dining Market,Wings-focused restaurant,mid-market trade area,MEM_compstore_restaurants.csv
38122,38122,Memphis,TN,Shelby,35.1571,-89.92247,24014.0,2.67,1473.8,SUBURBAN,45065,millennial,-5.901253918495298,1590.0,31577.0,56.0,0,Social Dining Market,Fast-service restaurant,value-oriented trade area,MEM_compstore_restaurants.csv
38016,38016,Cordova,TN,Shelby,35.17956,-89.76046,46394.0,2.49,940.8,RURAL,72749,millennial,0.23549746138057684,1590.0,31577.0,83.0,4,Premium Dining Market,General restaurant,higher-income trade area,MEM_compstore_restaurants.csv
38637,38637,Horn Lake,MS,DeSoto,34.95105,-90.05004,26652.0,2.66,649.4,RURAL,57111,millennial,-1.2852327863994963,351.0,8323.0,44.0,0,Social Dining Market,Fast-service restaurant,mid-market trade area,MEM_compstore_restaurants.csv
72301,72301,West Memphis,AR,Crittenden,35.13363,-90.17883,24404.0,2.47,313.2,RURAL,41022,millennial,-1.4895248859645582,66.0,1111.0,37.0,3,Family Value Market,General restaurant,value-oriented trade area,MEM_compstore_restaurants.csv
72301,72301,West Memphis,AR,Crittenden,35.13363,-90.17883,24404.0,2.47,313.2,RURAL,41022,millennial,-1.4895248859645582,66.0,1111.0,37.0,3,Family Value Market,Fast-service restaurant,value-oriented trade area,MEM_compstore_restaurants.csv
38114,38114,Memphis,TN,Shelby,35.09648,-89.98596,22112.0,2.2,1031.6,SUBURBAN,29492,adult,-16.545893719806763,1590.0,31577.0,19.0,3,Family Value Market,Wings-focused restaurant,value-oriented trade area,MEM_compstore_restaurants.csv
38118,38118,Memphis,TN,Shelby,35.03655,-89.93021,39373.0,2.97,495.6,RURAL,41830,young,1.0263515767326097,1590.0,31577.0,54.0,8,Social Dining Market,Wings-focused restaurant,value-oriented trade area,MEM_compstore_restaurants.csv
38619,38619,Como,MS,Panola,34.51288,-89.82678,6037.0,2.85,14.5,RURAL,32039,adult,6.247800070397747,44.0,813.0,1.0,7,Family Value Market,Chicken-focused restaurant,value-oriented trade area,MEM_compstore_restaurants.csv
38668,38668,Senatobia,MS,Tate,34.60109,-89.92505,14076.0,2.51,35.6,RURAL,67077,millennial,-0.4526166902404526,44.0,560.0,16.0,5,Social Dining Market,Chicken-focused restaurant,mid-market trade area,MEM_compstore_restaurants.csv
38654,38654,Olive Branch,MS,DeSoto,34.93635,-89.82409,56449.0,2.73,243.5,RURAL,96145,millennial,10.70602078838988,351.0,8323.0,98.0,9,Premium Dining Market,Wings-focused restaurant,higher-income trade area,MEM_compstore_restaurants.csv
38637,38637,Horn Lake,MS,DeSoto,34.95105,-90.05004,26652.0,2.66,649.4,RURAL,57111,millennial,-1.2852327863994963,351.0,8323.0,44.0,0,Social Dining Market,Mexican cuisine restaurant,mid-market trade area,MEM_compstore_restaurants.csv
38134,38134,Memphis,TN,Shelby,35.17674,-89.85992,42789.0,2.67,913.5,RURAL,57630,millennial,-2.9683885890516577,1590.0,31577.0,90.0,0,Social Dining Market,Wings-focused restaurant,mid-market trade area,MEM_compstore_restaurants.csv
38654,38654,Olive Branch,MS,DeSoto,34.93635,-89.82409,56449.0,2.73,243.5,RURAL,96145,millennial,10.70602078838988,351.0,8323.0,98.0,9,Premium Dining Market,Wings-focused restaurant,higher-income trade area,MEM_compstore_restaurants.csv
38632,38632,Hernando,MS,DeSoto,34.79973,-90.00629,29491.0,2.69,74.7,RURAL,80956,millennial,9.864769213575233,351.0,8323.0,28.0,5,Social Dining Market,Wings-focused restaurant,higher-income trade area,MEM_compstore_restaurants.csv
38116,38116,Memphis,TN,Shelby,35.03213,-90.01001,40212.0,2.61,787.7,RURAL,42354,millennial,-0.5785491766800178,1590.0,31577.0,70.0,8,Social Dining Market,Wings-focused restaurant,value-oriented trade area,MEM_compstore_restaurants.csv
38637,38637,Horn Lake,MS,DeSoto,34.95105,-90.05004,26652.0,2.66,649.4,RURAL,57111,millennial,-1.2852327863994963,351.0,8323.0,44.0,0,Social Dining Market,Wings-focused restaurant,mid-market trade area,MEM_compstore_restaurants.csv
38118,38118,Memphis,TN,Shelby,35.03655,-89.93021,39373.0,2.97,495.6,RURAL,41830,young,1.0263515767326097,1590.0,31577.0,54.0,8,Social Dining Market,Beverage-led restaurant,value-oriented trade area,MEM_compstore_restaurants.csv
38002,38002,Arlington,TN,Shelby,35.28854,-89.70926,42797.0,2.86,145.7,RURAL,109364,adult,5.297214841058951,1590.0,31577.0,59.0,9,Premium Dining Market,Fast-service restaurant,higher-income trade area,MEM_compstore_restaurants.csv
38028,38028,Eads,TN,Fayette,35.18486,-89.63474,7576.0,2.59,52.2,RURAL,136779,adult,4.424534803583735,33.0,417.0,1.0,7,Family Value Market,Fast-service restaurant,higher-income trade area,MEM_compstore_restaurants.csv
72396,72396,Wynne,AR,Cross,35.22966,-90.83559,12771.0,2.53,20.3,RURAL,51644,adult,-1.3136542771037787,24.0,341.0,13.0,11,Healthy Lifestyle Market,Health-oriented restaurant,mid-market trade area,MEM_compstore_restaurants.csv
38134,38134,Memphis,TN,Shelby,35.17674,-89.85992,42789.0,2.67,913.5,RURAL,57630,millennial,-2.9683885890516577,1590.0,31577.0,90.0,0,Social Dining Market,Beverage-led restaurant,mid-market trade area,MEM_compstore_restaurants.csv
38002,38002,Arlington,TN,Shelby,35.28854,-89.70926,42797.0,2.86,145.7,RURAL,109364,adult,5.297214841058951,1590.0,31577.0,59.0,9,Premium Dining Market,Wings-focused restaurant,higher-income trade area,MEM_compstore_restaurants.csv
38111,38111,Memphis,TN,Shelby,35.11014,-89.94429,42322.0,2.35,1656.5,SUBURBAN,50151,millennial,-3.833306823604263,1590.0,31577.0,79.0,0,Social Dining Market,Wings-focused restaurant,mid-market trade area,MEM_compstore_restaurants.csv
38119,38119,Memphis,TN,Shelby,35.07986,-89.84593,22990.0,2.31,1027.6,SUBURBAN,92500,adult,-2.1327316844749054,1590.0,31577.0,63.0,4,Premium Dining Market,General restaurant,higher-income trade area,MEM_compstore_restaurants.csv
38138,38138,Germantown,TN,Shelby,35.08477,-89.7993,25465.0,2.52,819.5,RURAL,122627,adult,2.5326139474955713,1590.0,31577.0,82.0,4,Premium Dining Market,General restaurant,higher-income trade area,MEM_compstore_restaurants.csv
38119,38119,Memphis,TN,Shelby,35.07986,-89.84593,22990.0,2.31,1027.6,SUBURBAN,92500,adult,-2.1327316844749054,1590.0,31577.0,63.0,4,Premium Dining Market,Health-oriented restaurant,higher-income trade area,MEM_compstore_restaurants.csv
38019,38019,Covington,TN,Tipton,35.56114,-89.6304,15466.0,2.55,43.3,RURAL,57124,millennial,-2.262386248736097,70.0,1131.0,23.0,1,Premium Dining Market,Asian cuisine restaurant,mid-market trade area,MEM_compstore_restaurants.csv
38002,38002,Arlington,TN,Shelby,35.28854,-89.70926,42797.0,2.86,145.7,RURAL,109364,adult,5.297214841058951,1590.0,31577.0,59.0,9,Premium Dining Market,Health-oriented restaurant,higher-income trade area,MEM_compstore_restaurants.csv
38122,38122,Memphis,TN,Shelby,35.1571,-89.92247,24014.0,2.67,1473.8,SUBURBAN,45065,millennial,-5.901253918495298,1590.0,31577.0,56.0,0,Social Dining Market,Beverage-led restaurant,value-oriented trade area,MEM_compstore_restaurants.csv
38128,38128,Memphis,TN,Shelby,35.22623,-89.92612,44400.0,2.78,688.7,RURAL,40497,millennial,-1.9975720119192142,1590.0,31577.0,43.0,8,Social Dining Market,Health-oriented restaurant,value-oriented trade area,MEM_compstore_restaurants.csv
38654,38654,Olive Branch,MS,DeSoto,34.93635,-89.82409,56449.0,2.73,243.5,RURAL,96145,millennial,10.70602078838988,351.0,8323.0,98.0,9,Premium Dining Market,Beverage-led restaurant,higher-income trade area,MEM_compstore_restaurants.csv
38104,38104,Memphis,TN,Shelby,35.13253,-90.00435,23408.0,1.76,1764.8,SUBURBAN,53351,millennial,-0.7883360176316013,1590.0,31577.0,112.0,0,Social Dining Market,Beverage-led restaurant,mid-market trade area,MEM_compstore_restaurants.csv
38111,38111,Memphis,TN,Shelby,35.11014,-89.94429,42322.0,2.35,1656.5,SUBURBAN,50151,millennial,-3.833306823604263,1590.0,31577.0,79.0,0,Social Dining Market,Asian cuisine restaurant,mid-market trade area,MEM_compstore_restaurants.csv
38112,38112,Memphis,TN,Shelby,35.14791,-89.97661,16334.0,2.25,1350.5,SUBURBAN,49560,millennial,-3.1427893738140416,1590.0,31577.0,28.0,0,Social Dining Market,Health-oriented restaurant,mid-market trade area,MEM_compstore_restaurants.csv
38109,38109,Memphis,TN,Shelby,35.0341,-90.13533,45204.0,2.7,274.5,RURAL,35018,millennial,2.5987879888331555,1590.0,31577.0,23.0,3,Family Value Market,Health-oriented restaurant,value-oriented trade area,MEM_compstore_restaurants.csv
38118,38118,Memphis,TN,Shelby,35.03655,-89.93021,39373.0,2.97,495.6,RURAL,41830,young,1.0263515767326097,1590.0,31577.0,54.0,8,Social Dining Market,Health-oriented restaurant,value-oriented trade area,MEM_compstore_restaurants.csv
38115,38115,Memphis,TN,Shelby,35.05499,-89.86362,36574.0,2.25,1731.5,SUBURBAN,39176,young,-11.693266050172635,1590.0,31577.0,65.0,8,Social Dining Market,Mexican cuisine restaurant,value-oriented trade area,MEM_compstore_restaurants.csv
38103,38103,Memphis,TN,Shelby,35.15308,-90.05518,13981.0,1.53,2115.1,SUBURBAN,89851,millennial,-0.40604074654509187,1590.0,31577.0,91.0,4,Premium Dining Market,Health-oriented restaurant,higher-income trade area,MEM_compstore_restaurants.csv
38122,38122,Memphis,TN,Shelby,35.1571,-89.92247,24014.0,2.67,1473.8,SUBURBAN,45065,millennial,-5.901253918495298,1590.0,31577.0,56.0,0,Social Dining Market,Asian cuisine restaurant,value-oriented trade area,MEM_compstore_restaurants.csv
72364,72364,Marion,AR,Crittenden,35.2126,-90.18573,16314.0,2.68,77.4,RURAL,73762,millennial,2.391263415552627,66.0,1111.0,19.0,5,Social Dining Market,Beverage-led restaurant,higher-income trade area,MEM_compstore_restaurants.csv
38053,38053,Millington,TN,Shelby,35.33583,-89.95,25556.0,2.63,60.2,RURAL,57012,adult,-3.827193015466827,1590.0,31577.0,41.0,0,Social Dining Market,Fast-service restaurant,mid-market trade area,MEM_compstore_restaurants.csv
38117,38117,Memphis,TN,Shelby,35.11504,-89.90551,26430.0,2.29,1059.9,SUBURBAN,91680,adult,0.6627056672760512,1590.0,31577.0,84.0,4,Premium Dining Market,Wings-focused restaurant,higher-income trade area,MEM_compstore_restaurants.csv
38139,38139,Germantown,TN,Shelby,35.08615,-89.75581,16627.0,2.85,730.4,RURAL,174396,adult,3.7890137328339577,1590.0,31577.0,17.0,13,Social Dining Market,Beverage-led restaurant,higher-income trade area,MEM_compstore_restaurants.csv
38115,38115,Memphis,TN,Shelby,35.05499,-89.86362,36574.0,2.25,1731.5,SUBURBAN,39176,young,-11.693266050172635,1590.0,31577.0,65.0,8,Social Dining Market,Wings-focused restaurant,value-oriented trade area,MEM_compstore_restaurants.csv
38103,38103,Memphis,TN,Shelby,35.15308,-90.05518,13981.0,1.53,2115.1,SUBURBAN,89851,millennial,-0.40604074654509187,1590.0,31577.0,91.0,4,Premium Dining Market,General restaurant,higher-income trade area,MEM_compstore_restaurants.csv
38119,38119,Memphis,TN,Shelby,35.07986,-89.84593,22990.0,2.31,1027.6,SUBURBAN,92500,adult,-2.1327316844749054,1590.0,31577.0,63.0,4,Premium Dining Market,Seafood-focused restaurant,higher-income trade area,MEM_compstore_restaurants.csv
38138,38138,Germantown,TN,Shelby,35.08477,-89.7993,25465.0,2.52,819.5,RURAL,122627,adult,2.5326139474955713,1590.0,31577.0,82.0,4,Premium Dining Market,General restaurant,higher-income trade area,MEM_compstore_restaurants.csv
38017,38017,Collierville,TN,Shelby,35.06722,-89.65347,55570.0,2.83,267.7,RURAL,131354,adult,3.716008137516565,1590.0,31577.0,74.0,9,Premium Dining Market,Wings-focused restaurant,higher-income trade area,MEM_compstore_restaurants.csv
38016,38016,Cordova,TN,Shelby,35.17956,-89.76046,46394.0,2.49,940.8,RURAL,72749,millennial,0.23549746138057684,1590.0,31577.0,83.0,4,Premium Dining Market,General restaurant,higher-income trade area,MEM_compstore_restaurants.csv
38632,38632,Hernando,MS,DeSoto,34.79973,-90.00629,29491.0,2.69,74.7,RURAL,80956,millennial,9.864769213575233,351.0,8323.0,28.0,5,Social Dining Market,Wings-focused restaurant,higher-income trade area,MEM_compstore_restaurants.csv
38103,38103,Memphis,TN,Shelby,35.15308,-90.05518,13981.0,1.53,2115.1,SUBURBAN,89851,millennial,-0.40604074654509187,1590.0,31577.0,91.0,4,Premium Dining Market,Beverage-led restaurant,higher-income trade area,MEM_compstore_restaurants.csv
38103,38103,Memphis,TN,Shelby,35.15308,-90.05518,13981.0,1.53,2115.1,SUBURBAN,89851,millennial,-0.40604074654509187,1590.0,31577.0,91.0,4,Premium Dining Market,Beverage-led restaurant,higher-income trade area,MEM_compstore_restaurants.csv
38134,38134,Memphis,TN,Shelby,35.17674,-89.85992,42789.0,2.67,913.5,RURAL,57630,millennial,-2.9683885890516577,1590.0,31577.0,90.0,0,Social Dining Market,Beverage-led restaurant,mid-market trade area,MEM_compstore_restaurants.csv
38002,38002,Arlington,TN,Shelby,35.28854,-89.70926,42797.0,2.86,145.7,RURAL,109364,adult,5.297214841058951,1590.0,31577.0,59.0,9,Premium Dining Market,Beverage-led restaurant,higher-income trade area,MEM_compstore_restaurants.csv
38104,38104,Memphis,TN,Shelby,35.13253,-90.00435,23408.0,1.76,1764.8,SUBURBAN,53351,millennial,-0.7883360176316013,1590.0,31577.0,112.0,0,Social Dining Market,General restaurant,mid-market trade area,MEM_compstore_restaurants.csv
38120,38120,Memphis,TN,Shelby,35.12344,-89.85237,13554.0,2.17,534.1,RURAL,112700,adult,-9.204180064308682,1590.0,31577.0,13.0,13,Social Dining Market,Seafood-focused restaurant,higher-income trade area,MEM_compstore_restaurants.csv
38104,38104,Memphis,TN,Shelby,35.13253,-90.00435,23408.0,1.76,1764.8,SUBURBAN,53351,millennial,-0.7883360176316013,1590.0,31577.0,112.0,0,Social Dining Market,Wings-focused restaurant,mid-market trade area,MEM_compstore_restaurants.csv
72396,72396,Wynne,AR,Cross,35.22966,-90.83559,12771.0,2.53,20.3,RURAL,51644,adult,-1.3136542771037787,24.0,341.0,13.0,11,Healthy Lifestyle Market,Chicken-focused restaurant,mid-market trade area,MEM_compstore_restaurants.csv
38116,38116,Memphis,TN,Shelby,35.03213,-90.01001,40212.0,2.61,787.7,RURAL,42354,millennial,-0.5785491766800178,1590.0,31577.0,70.0,8,Social Dining Market,Beverage-led restaurant,value-oriented trade area,MEM_compstore_restaurants.csv
38138,38138,Germantown,TN,Shelby,35.08477,-89.7993,25465.0,2.52,819.5,RURAL,122627,adult,2.5326139474955713,1590.0,31577.0,82.0,4,Premium Dining Market,Beverage-led restaurant,higher-income trade area,MEM_compstore_restaurants.csv
38117,38117,Memphis,TN,Shelby,35.11504,-89.90551,26430.0,2.29,1059.9,SUBURBAN,91680,adult,0.6627056672760512,1590.0,31577.0,84.0,4,Premium Dining Market,Mexican cuisine restaurant,higher-income trade area,MEM_compstore_restaurants.csv
38104,38104,Memphis,TN,Shelby,35.13253,-90.00435,23408.0,1.76,1764.8,SUBURBAN,53351,millennial,-0.7883360176316013,1590.0,31577.0,112.0,0,Social Dining Market,Mexican cuisine restaurant,mid-market trade area,MEM_compstore_restaurants.csv
38122,38122,Memphis,TN,Shelby,35.1571,-89.92247,24014.0,2.67,1473.8,SUBURBAN,45065,millennial,-5.901253918495298,1590.0,31577.0,56.0,0,Social Dining Market,Asian cuisine restaurant,value-oriented trade area,MEM_compstore_restaurants.csv
72364,72364,Marion,AR,Crittenden,35.2126,-90.18573,16314.0,2.68,77.4,RURAL,73762,millennial,2.391263415552627,66.0,1111.0,19.0,5,Social Dining Market,Chicken-focused restaurant,higher-income trade area,MEM_compstore_restaurants.csv
38120,38120,Memphis,TN,Shelby,35.12344,-89.85237,13554.0,2.17,534.1,RURAL,112700,adult,-9.204180064308682,1590.0,31577.0,13.0,13,Social Dining Market,Asian cuisine restaurant,higher-income trade area,MEM_compstore_restaurants.csv
38111,38111,Memphis,TN,Shelby,35.11014,-89.94429,42322.0,2.35,1656.5,SUBURBAN,50151,millennial,-3.833306823604263,1590.0,31577.0,79.0,0,Social Dining Market,Health-oriented restaurant,mid-market trade area,MEM_compstore_restaurants.csv
38637,38637,Horn Lake,MS,DeSoto,34.95105,-90.05004,26652.0,2.66,649.4,RURAL,57111,millennial,-1.2852327863994963,351.0,8323.0,44.0,0,Social Dining Market,Fast-service restaurant,mid-market trade area,MEM_compstore_restaurants.csv
72396,72396,Wynne,AR,Cross,35.22966,-90.83559,12771.0,2.53,20.3,RURAL,51644,adult,-1.3136542771037787,24.0,341.0,13.0,11,Healthy Lifestyle Market,Fast-service restaurant,mid-market trade area,MEM_compstore_restaurants.csv
38114,38114,Memphis,TN,Shelby,35.09648,-89.98596,22112.0,2.2,1031.6,SUBURBAN,29492,adult,-16.545893719806763,1590.0,31577.0,19.0,3,Family Value Market,Fast-service restaurant,value-oriented trade area,MEM_compstore_restaurants.csv
38111,38111,Memphis,TN,Shelby,35.11014,-89.94429,42322.0,2.35,1656.5,SUBURBAN,50151,millennial,-3.833306823604263,1590.0,31577.0,79.0,0,Social Dining Market,Fast-service restaurant,mid-market trade area,MEM_compstore_restaurants.csv
38104,38104,Memphis,TN,Shelby,35.13253,-90.00435,23408.0,1.76,1764.8,SUBURBAN,53351,millennial,-0.7883360176316013,1590.0,31577.0,112.0,0,Social Dining Market,Fast-service restaurant,mid-market trade area,MEM_compstore_restaurants.csv
38128,38128,Memphis,TN,Shelby,35.22623,-89.92612,44400.0,2.78,688.7,RURAL,40497,millennial,-1.9975720119192142,1590.0,31577.0,43.0,8,Social Dining Market,Chicken-focused restaurant,value-oriented trade area,MEM_compstore_restaurants.csv
38133,38133,Memphis,TN,Shelby,35.21292,-89.79474,21383.0,2.69,632.7,RURAL,74775,millennial,0.3519804768162193,1590.0,31577.0,85.0,9,Premium Dining Market,Chicken-focused restaurant,higher-income trade area,MEM_compstore_restaurants.csv
38016,38016,Cordova,TN,Shelby,35.17956,-89.76046,46394.0,2.49,940.8,RURAL,72749,millennial,0.23549746138057684,1590.0,31577.0,83.0,4,Premium Dining Market,General restaurant,higher-income trade area,MEM_compstore_restaurants.csv
38106,38106,Memphis,TN,Shelby,35.10067,-90.0375,23140.0,2.44,778.4,RURAL,29098,adult,-7.001044932079415,1590.0,31577.0,22.0,3,Family Value Market,Wings-focused restaurant,value-oriented trade area,MEM_compstore_restaurants.csv
38654,38654,Olive Branch,MS,DeSoto,34.93635,-89.82409,56449.0,2.73,243.5,RURAL,96145,millennial,10.70602078838988,351.0,8323.0,98.0,9,Premium Dining Market,General restaurant,higher-income trade area,MEM_compstore_restaurants.csv
72301,72301,West Memphis,AR,Crittenden,35.13363,-90.17883,24404.0,2.47,313.2,RURAL,41022,millennial,-1.4895248859645582,66.0,1111.0,37.0,3,Family Value Market,Chicken-focused restaurant,value-oriented trade area,MEM_compstore_restaurants.csv
38119,38119,Memphis,TN,Shelby,35.07986,-89.84593,22990.0,2.31,1027.6,SUBURBAN,92500,adult,-2.1327316844749054,1590.0,31577.0,63.0,4,Premium Dining Market,General restaurant,higher-income trade area,MEM_compstore_restaurants.csv
38637,38637,Horn Lake,MS,DeSoto,34.95105,-90.05004,26652.0,2.66,649.4,RURAL,57111,millennial,-1.2852327863994963,351.0,8323.0,44.0,0,Social Dining Market,Wings-focused restaurant,mid-market trade area,MEM_compstore_restaurants.csv
38671,38671,Southaven,MS,DeSoto,34.96376,-89.99567,37288.0,2.61,648.3,RURAL,58854,millennial,1.8102389078498295,351.0,8323.0,83.0,0,Social Dining Market,Wings-focused restaurant,mid-market trade area,MEM_compstore_restaurants.csv
38117,38117,Memphis,TN,Shelby,35.11504,-89.90551,26430.0,2.29,1059.9,SUBURBAN,91680,adult,0.6627056672760512,1590.0,31577.0,84.0,4,Premium Dining Market,Wings-focused restaurant,higher-income trade area,MEM_compstore_restaurants.csv
38134,38134,Memphis,TN,Shelby,35.17674,-89.85992,42789.0,2.67,913.5,RURAL,57630,millennial,-2.9683885890516577,1590.0,31577.0,90.0,0,Social Dining Market,Mexican cuisine restaurant,mid-market trade area,MEM_compstore_restaurants.csv
38116,38116,Memphis,TN,Shelby,35.03213,-90.01001,40212.0,2.61,787.7,RURAL,42354,millennial,-0.5785491766800178,1590.0,31577.0,70.0,8,Social Dining Market,Fast-service restaurant,value-oriented trade area,MEM_compstore_restaurants.csv
38106,38106,Memphis,TN,Shelby,35.10067,-90.0375,23140.0,2.44,778.4,RURAL,29098,adult,-7.001044932079415,1590.0,31577.0,22.0,3,Family Value Market,Fast-service restaurant,value-oriented trade area,MEM_compstore_restaurants.csv
38068,38068,Somerville,TN,Fayette,35.25972,-89.3349,10801.0,2.69,15.6,RURAL,67538,adult,7.099652949925632,33.0,417.0,7.0,5,Social Dining Market,Fast-service restaurant,mid-market trade area,MEM_compstore_restaurants.csv
38112,38112,Memphis,TN,Shelby,35.14791,-89.97661,16334.0,2.25,1350.5,SUBURBAN,49560,millennial,-3.1427893738140416,1590.0,31577.0,28.0,0,Social Dining Market,Wings-focused restaurant,mid-market trade area,MEM_compstore_restaurants.csv
72335,72335,Forrest City,AR,St. Francis,34.99042,-90.75645,16320.0,2.49,39.8,RURAL,40237,millennial,-16.406290016903142,26.0,369.0,13.0,3,Family Value Market,Chicken-focused restaurant,value-oriented trade area,MEM_compstore_restaurants.csv
38128,38128,Memphis,TN,Shelby,35.22623,-89.92612,44400.0,2.78,688.7,RURAL,40497,millennial,-1.9975720119192142,1590.0,31577.0,43.0,8,Social Dining Market,Wings-focused restaurant,value-oriented trade area,MEM_compstore_restaurants.csv
38118,38118,Memphis,TN,Shelby,35.03655,-89.93021,39373.0,2.97,495.6,RURAL,41830,young,1.0263515767326097,1590.0,31577.0,54.0,8,Social Dining Market,Wings-focused restaurant,value-oriented trade area,MEM_compstore_restaurants.csv
38019,38019,Covington,TN,Tipton,35.56114,-89.6304,15466.0,2.55,43.3,RURAL,57124,millennial,-2.262386248736097,70.0,1131.0,23.0,1,Premium Dining Market,Chicken-focused restaurant,mid-market trade area,MEM_compstore_restaurants.csv
38122,38122,Memphis,TN,Shelby,35.1571,-89.92247,24014.0,2.67,1473.8,SUBURBAN,45065,millennial,-5.901253918495298,1590.0,31577.0,56.0,0,Social Dining Market,General restaurant,value-oriented trade area,MEM_compstore_restaurants.csv
38112,38112,Memphis,TN,Shelby,35.14791,-89.97661,16334.0,2.25,1350.5,SUBURBAN,49560,millennial,-3.1427893738140416,1590.0,31577.0,28.0,0,Social Dining Market,General restaurant,mid-market trade area,MEM_compstore_restaurants.csv
38654,38654,Olive Branch,MS,DeSoto,34.93635,-89.82409,56449.0,2.73,243.5,RURAL,96145,millennial,10.70602078838988,351.0,8323.0,98.0,9,Premium Dining Market,Wings-focused restaurant,higher-income trade area,MEM_compstore_restaurants.csv
38016,38016,Cordova,TN,Shelby,35.17956,-89.76046,46394.0,2.49,940.8,RURAL,72749,millennial,0.23549746138057684,1590.0,31577.0,83.0,4,Premium Dining Market,Mexican cuisine restaurant,higher-income trade area,MEM_compstore_restaurants.csv
38666,38666,Sardis,MS,Panola,34.42007,-89.92708,5716.0,2.36,15.9,RURAL,38900,adult,-18.31951986281795,44.0,813.0,1.0,12,Family Value Market,Beverage-led restaurant,value-oriented trade area,MEM_compstore_restaurants.csv
38002,38002,Arlington,TN,Shelby,35.28854,-89.70926,42797.0,2.86,145.7,RURAL,109364,adult,5.297214841058951,1590.0,31577.0,59.0,9,Premium Dining Market,Fast-service restaurant,higher-income trade area,MEM_compstore_restaurants.csv
38004,38004,Atoka,TN,Tipton,35.41909,-89.76687,11604.0,2.68,169.4,RURAL,89396,millennial,11.298676385958181,70.0,1131.0,16.0,1,Premium Dining Market,General restaurant,higher-income trade area,MEM_compstore_restaurants.csv
38117,38117,Memphis,TN,Shelby,35.11504,-89.90551,26430.0,2.29,1059.9,SUBURBAN,91680,adult,0.6627056672760512,1590.0,31577.0,84.0,4,Premium Dining Market,Health-oriented restaurant,higher-income trade area,MEM_compstore_restaurants.csv
38632,38632,Hernando,MS,DeSoto,34.79973,-90.00629,29491.0,2.69,74.7,RURAL,80956,millennial,9.864769213575233,351.0,8323.0,28.0,5,Social Dining Market,Wings-focused restaurant,higher-income trade area,MEM_compstore_restaurants.csv
38122,38122,Memphis,TN,Shelby,35.1571,-89.92247,24014.0,2.67,1473.8,SUBURBAN,45065,millennial,-5.901253918495298,1590.0,31577.0,56.0,0,Social Dining Market,Wings-focused restaurant,value-oriented trade area,MEM_compstore_restaurants.csv
38018,38018,Cordova,TN,Shelby,35.13781,-89.76647,38338.0,2.71,797.3,RURAL,82355,millennial,2.837982832618026,1590.0,31577.0,82.0,9,Premium Dining Market,Wings-focused restaurant,higher-income trade area,MEM_compstore_restaurants.csv
38127,38127,Memphis,TN,Shelby,35.23795,-90.01753,40565.0,2.89,404.3,RURAL,34781,millennial,-9.74122777740694,1590.0,31577.0,29.0,3,Family Value Market,Wings-focused restaurant,value-oriented trade area,MEM_compstore_restaurants.csv
38112,38112,Memphis,TN,Shelby,35.14791,-89.97661,16334.0,2.25,1350.5,SUBURBAN,49560,millennial,-3.1427893738140416,1590.0,31577.0,28.0,0,Social Dining Market,Beverage-led restaurant,mid-market trade area,MEM_compstore_restaurants.csv
38119,38119,Memphis,TN,Shelby,35.07986,-89.84593,22990.0,2.31,1027.6,SUBURBAN,92500,adult,-2.1327316844749054,1590.0,31577.0,63.0,4,Premium Dining Market,Seafood-focused restaurant,higher-income trade area,MEM_compstore_restaurants.csv
38118,38118,Memphis,TN,Shelby,35.03655,-89.93021,39373.0,2.97,495.6,RURAL,41830,young,1.0263515767326097,1590.0,31577.0,54.0,8,Social Dining Market,Fast-service restaurant,value-oriented trade area,MEM_compstore_restaurants.csv
72396,72396,Wynne,AR,Cross,35.22966,-90.83559,12771.0,2.53,20.3,RURAL,51644,adult,-1.3136542771037787,24.0,341.0,13.0,11,Healthy Lifestyle Market,Seafood-focused restaurant,mid-market trade area,MEM_compstore_restaurants.csv
38111,38111,Memphis,TN,Shelby,35.11014,-89.94429,42322.0,2.35,1656.5,SUBURBAN,50151,millennial,-3.833306823604263,1590.0,31577.0,79.0,0,Social Dining Market,Health-oriented restaurant,mid-market trade area,MEM_compstore_restaurants.csv
38117,38117,Memphis,TN,Shelby,35.11504,-89.90551,26430.0,2.29,1059.9,SUBURBAN,91680,adult,0.6627056672760512,1590.0,31577.0,84.0,4,Premium Dining Market,Health-oriented restaurant,higher-income trade area,MEM_compstore_restaurants.csv
38002,38002,Arlington,TN,Shelby,35.28854,-89.70926,42797.0,2.86,145.7,RURAL,109364,adult,5.297214841058951,1590.0,31577.0,59.0,9,Premium Dining Market,Health-oriented restaurant,higher-income trade area,MEM_compstore_restaurants.csv
38119,38119,Memphis,TN,Shelby,35.07986,-89.84593,22990.0,2.31,1027.6,SUBURBAN,92500,adult,-2.1327316844749054,1590.0,31577.0,63.0,4,Premium Dining Market,Health-oriented restaurant,higher-income trade area,MEM_compstore_restaurants.csv
38114,38114,Memphis,TN,Shelby,35.09648,-89.98596,22112.0,2.2,1031.6,SUBURBAN,29492,adult,-16.545893719806763,1590.0,31577.0,19.0,3,Family Value Market,Fast-service restaurant,value-oriented trade area,MEM_compstore_restaurants.csv
38053,38053,Millington,TN,Shelby,35.33583,-89.95,25556.0,2.63,60.2,RURAL,57012,adult,-3.827193015466827,1590.0,31577.0,41.0,0,Social Dining Market,Health-oriented restaurant,mid-market trade area,MEM_compstore_restaurants.csv
38637,38637,Horn Lake,MS,DeSoto,34.95105,-90.05004,26652.0,2.66,649.4,RURAL,57111,millennial,-1.2852327863994963,351.0,8323.0,44.0,0,Social Dining Market,Health-oriented restaurant,mid-market trade area,MEM_compstore_restaurants.csv
38637,38637,Horn Lake,MS,DeSoto,34.95105,-90.05004,26652.0,2.66,649.4,RURAL,57111,millennial,-1.2852327863994963,351.0,8323.0,44.0,0,Social Dining Market,Fast-service restaurant,mid-market trade area,MEM_compstore_restaurants.csv
38133,38133,Memphis,TN,Shelby,35.21292,-89.79474,21383.0,2.69,632.7,RURAL,74775,millennial,0.3519804768162193,1590.0,31577.0,85.0,9,Premium Dining Market,Fast-service restaurant,higher-income trade area,MEM_compstore_restaurants.csv
38122,38122,Memphis,TN,Shelby,35.1571,-89.92247,24014.0,2.67,1473.8,SUBURBAN,45065,millennial,-5.901253918495298,1590.0,31577.0,56.0,0,Social Dining Market,Wings-focused restaurant,value-oriented trade area,MEM_compstore_restaurants.csv
38671,38671,Southaven,MS,DeSoto,34.96376,-89.99567,37288.0,2.61,648.3,RURAL,58854,millennial,1.8102389078498295,351.0,8323.0,83.0,0,Social Dining Market,Wings-focused restaurant,mid-market trade area,MEM_compstore_restaurants.csv
38117,38117,Memphis,TN,Shelby,35.11504,-89.90551,26430.0,2.29,1059.9,SUBURBAN,91680,adult,0.6627056672760512,1590.0,31577.0,84.0,4,Premium Dining Market,Wings-focused restaurant,higher-income trade area,MEM_compstore_restaurants.csv
38637,38637,Horn Lake,MS,DeSoto,34.95105,-90.05004,26652.0,2.66,649.4,RURAL,57111,millennial,-1.2852327863994963,351.0,8323.0,44.0,0,Social Dining Market,Wings-focused restaurant,mid-market trade area,MEM_compstore_restaurants.csv
38119,38119,Memphis,TN,Shelby,35.07986,-89.84593,22990.0,2.31,1027.6,SUBURBAN,92500,adult,-2.1327316844749054,1590.0,31577.0,63.0,4,Premium Dining Market,General restaurant,higher-income trade area,MEM_compstore_restaurants.csv
38134,38134,Memphis,TN,Shelby,35.17674,-89.85992,42789.0,2.67,913.5,RURAL,57630,millennial,-2.9683885890516577,1590.0,31577.0,90.0,0,Social Dining Market,General restaurant,mid-market trade area,MEM_compstore_restaurants.csv
38134,38134,Memphis,TN,Shelby,35.17674,-89.85992,42789.0,2.67,913.5,RURAL,57630,millennial,-2.9683885890516577,1590.0,31577.0,90.0,0,Social Dining Market,Asian cuisine restaurant,mid-market trade area,MEM_compstore_restaurants.csv
38654,38654,Olive Branch,MS,DeSoto,34.93635,-89.82409,56449.0,2.73,243.5,RURAL,96145,millennial,10.70602078838988,351.0,8323.0,98.0,9,Premium Dining Market,Wings-focused restaurant,higher-income trade area,MEM_compstore_restaurants.csv
38115,38115,Memphis,TN,Shelby,35.05499,-89.86362,36574.0,2.25,1731.5,SUBURBAN,39176,young,-11.693266050172635,1590.0,31577.0,65.0,8,Social Dining Market,Wings-focused restaurant,value-oriented trade area,MEM_compstore_restaurants.csv
38111,38111,Memphis,TN,Shelby,35.11014,-89.94429,42322.0,2.35,1656.5,SUBURBAN,50151,millennial,-3.833306823604263,1590.0,31577.0,79.0,0,Social Dining Market,Fast-service restaurant,mid-market trade area,MEM_compstore_restaurants.csv
38115,38115,Memphis,TN,Shelby,35.05499,-89.86362,36574.0,2.25,1731.5,SUBURBAN,39176,young,-11.693266050172635,1590.0,31577.0,65.0,8,Social Dining Market,General restaurant,value-oriented trade area,MEM_compstore_restaurants.csv
38138,38138,Germantown,TN,Shelby,35.08477,-89.7993,25465.0,2.52,819.5,RURAL,122627,adult,2.5326139474955713,1590.0,31577.0,82.0,4,Premium Dining Market,Health-oriented restaurant,higher-income trade area,MEM_compstore_restaurants.csv
38118,38118,Memphis,TN,Shelby,35.03655,-89.93021,39373.0,2.97,495.6,RURAL,41830,young,1.0263515767326097,1590.0,31577.0,54.0,8,Social Dining Market,General restaurant,value-oriented trade area,MEM_compstore_restaurants.csv
38111,38111,Memphis,TN,Shelby,35.11014,-89.94429,42322.0,2.35,1656.5,SUBURBAN,50151,millennial,-3.833306823604263,1590.0,31577.0,79.0,0,Social Dining Market,Wings-focused restaurant,mid-market trade area,MEM_compstore_restaurants.csv
38603,38603,Ashland,MS,Benton,34.83949,-89.14163,2742.0,2.21,7.1,RURAL,44545,adult,-8.171466845277964,0.0,,1.0,3,Family Value Market,Wings-focused restaurant,value-oriented trade area,MEM_compstore_restaurants.csv
38664,38664,Robinsonville,MS,Tunica,34.80434,-90.33217,3292.0,2.8,13.5,RURAL,45133,young,3.9141414141414144,19.0,339.0,8.0,1,Premium Dining Market,General restaurant,mid-market trade area,MEM_compstore_restaurants.csv
38115,38115,Memphis,TN,Shelby,35.05499,-89.86362,36574.0,2.25,1731.5,SUBURBAN,39176,young,-11.693266050172635,1590.0,31577.0,65.0,8,Social Dining Market,Wings-focused restaurant,value-oriented trade area,MEM_compstore_restaurants.csv
38671,38671,Southaven,MS,DeSoto,34.96376,-89.99567,37288.0,2.61,648.3,RURAL,58854,millennial,1.8102389078498295,351.0,8323.0,83.0,0,Social Dining Market,Wings-focused restaurant,mid-market trade area,MEM_compstore_restaurants.csv
38671,38671,Southaven,MS,DeSoto,34.96376,-89.99567,37288.0,2.61,648.3,RURAL,58854,millennial,1.8102389078498295,351.0,8323.0,83.0,0,Social Dining Market,Fast-service restaurant,mid-market trade area,MEM_compstore_restaurants.csv
38111,38111,Memphis,TN,Shelby,35.11014,-89.94429,42322.0,2.35,1656.5,SUBURBAN,50151,millennial,-3.833306823604263,1590.0,31577.0,79.0,0,Social Dining Market,Fast-service restaurant,mid-market trade area,MEM_compstore_restaurants.csv
72335,72335,Forrest City,AR,St. Francis,34.99042,-90.75645,16320.0,2.49,39.8,RURAL,40237,millennial,-16.406290016903142,26.0,369.0,13.0,3,Family Value Market,Fast-service restaurant,value-oriented trade area,MEM_compstore_restaurants.csv
38127,38127,Memphis,TN,Shelby,35.23795,-90.01753,40565.0,2.89,404.3,RURAL,34781,millennial,-9.74122777740694,1590.0,31577.0,29.0,3,Family Value Market,Fast-service restaurant,value-oriented trade area,MEM_compstore_restaurants.csv
38002,38002,Arlington,TN,Shelby,35.28854,-89.70926,42797.0,2.86,145.7,RURAL,109364,adult,5.297214841058951,1590.0,31577.0,59.0,9,Premium Dining Market,Seafood-focused restaurant,higher-income trade area,MEM_compstore_restaurants.csv
38118,38118,Memphis,TN,Shelby,35.03655,-89.93021,39373.0,2.97,495.6,RURAL,41830,young,1.0263515767326097,1590.0,31577.0,54.0,8,Social Dining Market,Seafood-focused restaurant,value-oriented trade area,MEM_compstore_restaurants.csv
38104,38104,Memphis,TN,Shelby,35.13253,-90.00435,23408.0,1.76,1764.8,SUBURBAN,53351,millennial,-0.7883360176316013,1590.0,31577.0,112.0,0,Social Dining Market,Mexican cuisine restaurant,mid-market trade area,MEM_compstore_restaurants.csv
38133,38133,Memphis,TN,Shelby,35.21292,-89.79474,21383.0,2.69,632.7,RURAL,74775,millennial,0.3519804768162193,1590.0,31577.0,85.0,9,Premium Dining Market,Mexican cuisine restaurant,higher-income trade area,MEM_compstore_restaurants.csv
38108,38108,Memphis,TN,Shelby,35.1763,-89.96382,17629.0,2.67,892.7,RURAL,29757,millennial,-0.09067724567866252,1590.0,31577.0,10.0,3,Family Value Market,Wings-focused restaurant,value-oriented trade area,MEM_compstore_restaurants.csv
38105,38105,Memphis,TN,Shelby,35.1512,-90.03541,5215.0,1.56,1264.1,SUBURBAN,26250,adult,-19.719827586206897,1590.0,31577.0,16.0,0,Social Dining Market,Wings-focused restaurant,value-oriented trade area,MEM_compstore_restaurants.csv
38138,38138,Germantown,TN,Shelby,35.08477,-89.7993,25465.0,2.52,819.5,RURAL,122627,adult,2.5326139474955713,1590.0,31577.0,82.0,4,Premium Dining Market,General restaurant,higher-income trade area,MEM_compstore_restaurants.csv
38116,38116,Memphis,TN,Shelby,35.03213,-90.01001,40212.0,2.61,787.7,RURAL,42354,millennial,-0.5785491766800178,1590.0,31577.0,70.0,8,Social Dining Market,Wings-focused restaurant,value-oriented trade area,MEM_compstore_restaurants.csv
72301,72301,West Memphis,AR,Crittenden,35.13363,-90.17883,24404.0,2.47,313.2,RURAL,41022,millennial,-1.4895248859645582,66.0,1111.0,37.0,3,Family Value Market,Chicken-focused restaurant,value-oriented trade area,MEM_compstore_restaurants.csv
38018,38018,Cordova,TN,Shelby,35.13781,-89.76647,38338.0,2.71,797.3,RURAL,82355,millennial,2.837982832618026,1590.0,31577.0,82.0,9,Premium Dining Market,Beverage-led restaurant,higher-income trade area,MEM_compstore_restaurants.csv
38632,38632,Hernando,MS,DeSoto,34.79973,-90.00629,29491.0,2.69,74.7,RURAL,80956,millennial,9.864769213575233,351.0,8323.0,28.0,5,Social Dining Market,Beverage-led restaurant,higher-income trade area,MEM_compstore_restaurants.csv
38103,38103,Memphis,TN,Shelby,35.15308,-90.05518,13981.0,1.53,2115.1,SUBURBAN,89851,millennial,-0.40604074654509187,1590.0,31577.0,91.0,4,Premium Dining Market,Fast-service restaurant,higher-income trade area,MEM_compstore_restaurants.csv
38060,38060,Oakland,TN,Fayette,35.21214,-89.50468,11713.0,2.56,108.0,RURAL,80478,adult,21.37823834196891,33.0,417.0,22.0,1,Premium Dining Market,Mexican cuisine restaurant,higher-income trade area,MEM_compstore_restaurants.csv
38122,38122,Memphis,TN,Shelby,35.1571,-89.92247,24014.0,2.67,1473.8,SUBURBAN,45065,millennial,-5.901253918495298,1590.0,31577.0,56.0,0,Social Dining Market,Health-oriented restaurant,value-oriented trade area,MEM_compstore_restaurants.csv
38128,38128,Memphis,TN,Shelby,35.22623,-89.92612,44400.0,2.78,688.7,RURAL,40497,millennial,-1.9975720119192142,1590.0,31577.0,43.0,8,Social Dining Market,General restaurant,value-oriented trade area,MEM_compstore_restaurants.csv
38060,38060,Oakland,TN,Fayette,35.21214,-89.50468,11713.0,2.56,108.0,RURAL,80478,adult,21.37823834196891,33.0,417.0,22.0,1,Premium Dining Market,Mexican cuisine restaurant,higher-income trade area,MEM_compstore_restaurants.csv
38104,38104,Memphis,TN,Shelby,35.13253,-90.00435,23408.0,1.76,1764.8,SUBURBAN,53351,millennial,-0.7883360176316013,1590.0,31577.0,112.0,0,Social Dining Market,Wings-focused restaurant,mid-market trade area,MEM_compstore_restaurants.csv
38109,38109,Memphis,TN,Shelby,35.0341,-90.13533,45204.0,2.7,274.5,RURAL,35018,millennial,2.5987879888331555,1590.0,31577.0,23.0,3,Family Value Market,Fast-service restaurant,value-oriented trade area,MEM_compstore_restaurants.csv
72301,72301,West Memphis,AR,Crittenden,35.13363,-90.17883,24404.0,2.47,313.2,RURAL,41022,millennial,-1.4895248859645582,66.0,1111.0,37.0,3,Family Value Market,Fast-service restaurant,value-oriented trade area,MEM_compstore_restaurants.csv
38116,38116,Memphis,TN,Shelby,35.03213,-90.01001,40212.0,2.61,787.7,RURAL,42354,millennial,-0.5785491766800178,1590.0,31577.0,70.0,8,Social Dining Market,Wings-focused restaurant,value-oriented trade area,MEM_compstore_restaurants.csv
38118,38118,Memphis,TN,Shelby,35.03655,-89.93021,39373.0,2.97,495.6,RURAL,41830,young,1.0263515767326097,1590.0,31577.0,54.0,8,Social Dining Market,Fast-service restaurant,value-oriented trade area,MEM_compstore_restaurants.csv
38133,38133,Memphis,TN,Shelby,35.21292,-89.79474,21383.0,2.69,632.7,RURAL,74775,millennial,0.3519804768162193,1590.0,31577.0,85.0,9,Premium Dining Market,General restaurant,higher-income trade area,MEM_compstore_restaurants.csv
38127,38127,Memphis,TN,Shelby,35.23795,-90.01753,40565.0,2.89,404.3,RURAL,34781,millennial,-9.74122777740694,1590.0,31577.0,29.0,3,Family Value Market,Fast-service restaurant,value-oriented trade area,MEM_compstore_restaurants.csv
38104,38104,Memphis,TN,Shelby,35.13253,-90.00435,23408.0,1.76,1764.8,SUBURBAN,53351,millennial,-0.7883360176316013,1590.0,31577.0,112.0,0,Social Dining Market,Beverage-led restaurant,mid-market trade area,MEM_compstore_restaurants.csv
38105,38105,Memphis,TN,Shelby,35.1512,-90.03541,5215.0,1.56,1264.1,SUBURBAN,26250,adult,-19.719827586206897,1590.0,31577.0,16.0,0,Social Dining Market,Wings-focused restaurant,value-oriented trade area,MEM_compstore_restaurants.csv
38134,38134,Memphis,TN,Shelby,35.17674,-89.85992,42789.0,2.67,913.5,RURAL,57630,millennial,-2.9683885890516577,1590.0,31577.0,90.0,0,Social Dining Market,Wings-focused restaurant,mid-market trade area,MEM_compstore_restaurants.csv
38654,38654,Olive Branch,MS,DeSoto,34.93635,-89.82409,56449.0,2.73,243.5,RURAL,96145,millennial,10.70602078838988,351.0,8323.0,98.0,9,Premium Dining Market,Wings-focused restaurant,higher-income trade area,MEM_compstore_restaurants.csv
38135,38135,Memphis,TN,Shelby,35.23876,-89.8497,30917.0,2.84,908.3,RURAL,88987,adult,4.456382187985675,1590.0,31577.0,7.0,11,Healthy Lifestyle Market,Health-oriented restaurant,higher-income trade area,MEM_compstore_restaurants.csv
38118,38118,Memphis,TN,Shelby,35.03655,-89.93021,39373.0,2.97,495.6,RURAL,41830,young,1.0263515767326097,1590.0,31577.0,54.0,8,Social Dining Market,Mexican cuisine restaurant,value-oriented trade area,MEM_compstore_restaurants.csv
38118,38118,Memphis,TN,Shelby,35.03655,-89.93021,39373.0,2.97,495.6,RURAL,41830,young,1.0263515767326097,1590.0,31577.0,54.0,8,Social Dining Market,Fast-service restaurant,value-oriented trade area,MEM_compstore_restaurants.csv
38016,38016,Cordova,TN,Shelby,35.17956,-89.76046,46394.0,2.49,940.8,RURAL,72749,millennial,0.23549746138057684,1590.0,31577.0,83.0,4,Premium Dining Market,Beverage-led restaurant,higher-income trade area,MEM_compstore_restaurants.csv
38141,38141,Memphis,TN,Shelby,35.01599,-89.85472,23123.0,2.91,1184.3,SUBURBAN,67584,millennial,4.110760918505178,1590.0,31577.0,20.0,5,Social Dining Market,Wings-focused restaurant,mid-market trade area,MEM_compstore_restaurants.csv
38058,38058,Munford,TN,Tipton,35.45861,-89.81933,10067.0,2.9,153.4,RURAL,76875,millennial,3.7728069271209157,70.0,1131.0,4.0,5,Social Dining Market,Beverage-led restaurant,higher-income trade area,MEM_compstore_restaurants.csv
38068,38068,Somerville,TN,Fayette,35.25972,-89.3349,10801.0,2.69,15.6,RURAL,67538,adult,7.099652949925632,33.0,417.0,7.0,5,Social Dining Market,Beverage-led restaurant,mid-market trade area,MEM_compstore_restaurants.csv
38060,38060,Oakland,TN,Fayette,35.21214,-89.50468,11713.0,2.56,108.0,RURAL,80478,adult,21.37823834196891,33.0,417.0,22.0,1,Premium Dining Market,Beverage-led restaurant,higher-income trade area,MEM_compstore_restaurants.csv
38116,38116,Memphis,TN,Shelby,35.03213,-90.01001,40212.0,2.61,787.7,RURAL,42354,millennial,-0.5785491766800178,1590.0,31577.0,70.0,8,Social Dining Market,Beverage-led restaurant,value-oriented trade area,MEM_compstore_restaurants.csv
38122,38122,Memphis,TN,Shelby,35.1571,-89.92247,24014.0,2.67,1473.8,SUBURBAN,45065,millennial,-5.901253918495298,1590.0,31577.0,56.0,0,Social Dining Market,Mexican cuisine restaurant,value-oriented trade area,MEM_compstore_restaurants.csv
38017,38017,Collierville,TN,Shelby,35.06722,-89.65347,55570.0,2.83,267.7,RURAL,131354,adult,3.716008137516565,1590.0,31577.0,74.0,9,Premium Dining Market,Beverage-led restaurant,higher-income trade area,MEM_compstore_restaurants.csv
38017,38017,Collierville,TN,Shelby,35.06722,-89.65347,55570.0,2.83,267.7,RURAL,131354,adult,3.716008137516565,1590.0,31577.0,74.0,9,Premium Dining Market,Asian cuisine restaurant,higher-income trade area,MEM_compstore_restaurants.csv
38016,38016,Cordova,TN,Shelby,35.17956,-89.76046,46394.0,2.49,940.8,RURAL,72749,millennial,0.23549746138057684,1590.0,31577.0,83.0,4,Premium Dining Market,General restaurant,higher-income trade area,MEM_compstore_restaurants.csv
38135,38135,Memphis,TN,Shelby,35.23876,-89.8497,30917.0,2.84,908.3,RURAL,88987,adult,4.456382187985675,1590.0,31577.0,7.0,11,Healthy Lifestyle Market,Wings-focused restaurant,higher-income trade area,MEM_compstore_restaurants.csv
38668,38668,Senatobia,MS,Tate,34.60109,-89.92505,14076.0,2.51,35.6,RURAL,67077,millennial,-0.4526166902404526,44.0,560.0,16.0,5,Social Dining Market,Wings-focused restaurant,mid-market trade area,MEM_compstore_restaurants.csv
72396,72396,Wynne,AR,Cross,35.22966,-90.83559,12771.0,2.53,20.3,RURAL,51644,adult,-1.3136542771037787,24.0,341.0,13.0,11,Healthy Lifestyle Market,Wings-focused restaurant,mid-market trade area,MEM_compstore_restaurants.csv
38053,38053,Millington,TN,Shelby,35.33583,-89.95,25556.0,2.63,60.2,RURAL,57012,adult,-3.827193015466827,1590.0,31577.0,41.0,0,Social Dining Market,Wings-focused restaurant,mid-market trade area,MEM_compstore_restaurants.csv
38128,38128,Memphis,TN,Shelby,35.22623,-89.92612,44400.0,2.78,688.7,RURAL,40497,millennial,-1.9975720119192142,1590.0,31577.0,43.0,8,Social Dining Market,Fast-service restaurant,value-oriented trade area,MEM_compstore_restaurants.csv
38138,38138,Germantown,TN,Shelby,35.08477,-89.7993,25465.0,2.52,819.5,RURAL,122627,adult,2.5326139474955713,1590.0,31577.0,82.0,4,Premium Dining Market,Chicken-focused restaurant,higher-income trade area,MEM_compstore_restaurants.csv
38017,38017,Collierville,TN,Shelby,35.06722,-89.65347,55570.0,2.83,267.7,RURAL,131354,adult,3.716008137516565,1590.0,31577.0,74.0,9,Premium Dining Market,Asian cuisine restaurant,higher-income trade area,MEM_compstore_restaurants.csv
38134,38134,Memphis,TN,Shelby,35.17674,-89.85992,42789.0,2.67,913.5,RURAL,57630,millennial,-2.9683885890516577,1590.0,31577.0,90.0,0,Social Dining Market,General restaurant,mid-market trade area,MEM_compstore_restaurants.csv
38128,38128,Memphis,TN,Shelby,35.22623,-89.92612,44400.0,2.78,688.7,RURAL,40497,millennial,-1.9975720119192142,1590.0,31577.0,43.0,8,Social Dining Market,Health-oriented restaurant,value-oriented trade area,MEM_compstore_restaurants.csv
38672,38672,Southaven,MS,DeSoto,34.93727,-89.94943,15602.0,2.94,487.4,RURAL,103692,millennial,15.467732386027237,351.0,8323.0,37.0,4,Premium Dining Market,Fast-service restaurant,higher-income trade area,MEM_compstore_restaurants.csv
38632,38632,Hernando,MS,DeSoto,34.79973,-90.00629,29491.0,2.69,74.7,RURAL,80956,millennial,9.864769213575233,351.0,8323.0,28.0,5,Social Dining Market,Beverage-led restaurant,higher-income trade area,MEM_compstore_restaurants.csv
38068,38068,Somerville,TN,Fayette,35.25972,-89.3349,10801.0,2.69,15.6,RURAL,67538,adult,7.099652949925632,33.0,417.0,7.0,5,Social Dining Market,Health-oriented restaurant,mid-market trade area,MEM_compstore_restaurants.csv
72396,72396,Wynne,AR,Cross,35.22966,-90.83559,12771.0,2.53,20.3,RURAL,51644,adult,-1.3136542771037787,24.0,341.0,13.0,11,Healthy Lifestyle Market,Health-oriented restaurant,mid-market trade area,MEM_compstore_restaurants.csv
38127,38127,Memphis,TN,Shelby,35.23795,-90.01753,40565.0,2.89,404.3,RURAL,34781,millennial,-9.74122777740694,1590.0,31577.0,29.0,3,Family Value Market,Health-oriented restaurant,value-oriented trade area,MEM_compstore_restaurants.csv
38618,38618,Coldwater,MS,Tate,34.70203,-89.93415,11221.0,2.44,19.2,RURAL,47205,adult,-8.504566210045663,44.0,560.0,3.0,11,Healthy Lifestyle Market,Health-oriented restaurant,mid-market trade area,MEM_compstore_restaurants.csv
38118,38118,Memphis,TN,Shelby,35.03655,-89.93021,39373.0,2.97,495.6,RURAL,41830,young,1.0263515767326097,1590.0,31577.0,54.0,8,Social Dining Market,Mexican cuisine restaurant,value-oriented trade area,MEM_compstore_restaurants.csv
38672,38672,Southaven,MS,DeSoto,34.93727,-89.94943,15602.0,2.94,487.4,RURAL,103692,millennial,15.467732386027237,351.0,8323.0,37.0,4,Premium Dining Market,Asian cuisine restaurant,higher-income trade area,MEM_compstore_restaurants.csv
72301,72301,West Memphis,AR,Crittenden,35.13363,-90.17883,24404.0,2.47,313.2,RURAL,41022,millennial,-1.4895248859645582,66.0,1111.0,37.0,3,Family Value Market,Health-oriented restaurant,value-oriented trade area,MEM_compstore_restaurants.csv
72301,72301,West Memphis,AR,Crittenden,35.13363,-90.17883,24404.0,2.47,313.2,RURAL,41022,millennial,-1.4895248859645582,66.0,1111.0,37.0,3,Family Value Market,Fast-service restaurant,value-oriented trade area,MEM_compstore_restaurants.csv
38002,38002,Arlington,TN,Shelby,35.28854,-89.70926,42797.0,2.86,145.7,RURAL,109364,adult,5.297214841058951,1590.0,31577.0,59.0,9,Premium Dining Market,General restaurant,higher-income trade area,MEM_compstore_restaurants.csv
38126,38126,Memphis,TN,Shelby,35.12695,-90.04378,6034.0,2.21,1235.7,SUBURBAN,19844,young,2.8464291801602184,1590.0,31577.0,7.0,3,Family Value Market,Wings-focused restaurant,value-oriented trade area,MEM_compstore_restaurants.csv
38018,38018,Cordova,TN,Shelby,35.13781,-89.76647,38338.0,2.71,797.3,RURAL,82355,millennial,2.837982832618026,1590.0,31577.0,82.0,9,Premium Dining Market,Health-oriented restaurant,higher-income trade area,MEM_compstore_restaurants.csv
38104,38104,Memphis,TN,Shelby,35.13253,-90.00435,23408.0,1.76,1764.8,SUBURBAN,53351,millennial,-0.7883360176316013,1590.0,31577.0,112.0,0,Social Dining Market,Health-oriented restaurant,mid-market trade area,MEM_compstore_restaurants.csv
38122,38122,Memphis,TN,Shelby,35.1571,-89.92247,24014.0,2.67,1473.8,SUBURBAN,45065,millennial,-5.901253918495298,1590.0,31577.0,56.0,0,Social Dining Market,Wings-focused restaurant,value-oriented trade area,MEM_compstore_restaurants.csv
38118,38118,Memphis,TN,Shelby,35.03655,-89.93021,39373.0,2.97,495.6,RURAL,41830,young,1.0263515767326097,1590.0,31577.0,54.0,8,Social Dining Market,Wings-focused restaurant,value-oriented trade area,MEM_compstore_restaurants.csv
38654,38654,Olive Branch,MS,DeSoto,34.93635,-89.82409,56449.0,2.73,243.5,RURAL,96145,millennial,10.70602078838988,351.0,8323.0,98.0,9,Premium Dining Market,Wings-focused restaurant,higher-income trade area,MEM_compstore_restaurants.csv
38058,38058,Munford,TN,Tipton,35.45861,-89.81933,10067.0,2.9,153.4,RURAL,76875,millennial,3.7728069271209157,70.0,1131.0,4.0,5,Social Dining Market,Wings-focused restaurant,higher-income trade area,MEM_compstore_restaurants.csv
38017,38017,Collierville,TN,Shelby,35.06722,-89.65347,55570.0,2.83,267.7,RURAL,131354,adult,3.716008137516565,1590.0,31577.0,74.0,9,Premium Dining Market,Wings-focused restaurant,higher-income trade area,MEM_compstore_restaurants.csv
38120,38120,Memphis,TN,Shelby,35.12344,-89.85237,13554.0,2.17,534.1,RURAL,112700,adult,-9.204180064308682,1590.0,31577.0,13.0,13,Social Dining Market,Asian cuisine restaurant,higher-income trade area,MEM_compstore_restaurants.csv
38018,38018,Cordova,TN,Shelby,35.13781,-89.76647,38338.0,2.71,797.3,RURAL,82355,millennial,2.837982832618026,1590.0,31577.0,82.0,9,Premium Dining Market,Seafood-focused restaurant,higher-income trade area,MEM_compstore_restaurants.csv
38111,38111,Memphis,TN,Shelby,35.11014,-89.94429,42322.0,2.35,1656.5,SUBURBAN,50151,millennial,-3.833306823604263,1590.0,31577.0,79.0,0,Social Dining Market,Beverage-led restaurant,mid-market trade area,MEM_compstore_restaurants.csv
38119,38119,Memphis,TN,Shelby,35.07986,-89.84593,22990.0,2.31,1027.6,SUBURBAN,92500,adult,-2.1327316844749054,1590.0,31577.0,63.0,4,Premium Dining Market,Wings-focused restaurant,higher-income trade area,MEM_compstore_restaurants.csv
38114,38114,Memphis,TN,Shelby,35.09648,-89.98596,22112.0,2.2,1031.6,SUBURBAN,29492,adult,-16.545893719806763,1590.0,31577.0,19.0,3,Family Value Market,Fast-service restaurant,value-oriented trade area,MEM_compstore_restaurants.csv
38053,38053,Millington,TN,Shelby,35.33583,-89.95,25556.0,2.63,60.2,RURAL,57012,adult,-3.827193015466827,1590.0,31577.0,41.0,0,Social Dining Market,Fast-service restaurant,mid-market trade area,MEM_compstore_restaurants.csv
38111,38111,Memphis,TN,Shelby,35.11014,-89.94429,42322.0,2.35,1656.5,SUBURBAN,50151,millennial,-3.833306823604263,1590.0,31577.0,79.0,0,Social Dining Market,General restaurant,mid-market trade area,MEM_compstore_restaurants.csv
38103,38103,Memphis,TN,Shelby,35.15308,-90.05518,13981.0,1.53,2115.1,SUBURBAN,89851,millennial,-0.40604074654509187,1590.0,31577.0,91.0,4,Premium Dining Market,Seafood-focused restaurant,higher-income trade area,MEM_compstore_restaurants.csv
38138,38138,Germantown,TN,Shelby,35.08477,-89.7993,25465.0,2.52,819.5,RURAL,122627,adult,2.5326139474955713,1590.0,31577.0,82.0,4,Premium Dining Market,Wings-focused restaurant,higher-income trade area,MEM_compstore_restaurants.csv
38017,38017,Collierville,TN,Shelby,35.06722,-89.65347,55570.0,2.83,267.7,RURAL,131354,adult,3.716008137516565,1590.0,31577.0,74.0,9,Premium Dining Market,Beverage-led restaurant,higher-income trade area,MEM_compstore_restaurants.csv
38133,38133,Memphis,TN,Shelby,35.21292,-89.79474,21383.0,2.69,632.7,RURAL,74775,millennial,0.3519804768162193,1590.0,31577.0,85.0,9,Premium Dining Market,Wings-focused restaurant,higher-income trade area,MEM_compstore_restaurants.csv
38117,38117,Memphis,TN,Shelby,35.11504,-89.90551,26430.0,2.29,1059.9,SUBURBAN,91680,adult,0.6627056672760512,1590.0,31577.0,84.0,4,Premium Dining Market,Fast-service restaurant,higher-income trade area,MEM_compstore_restaurants.csv
38116,38116,Memphis,TN,Shelby,35.03213,-90.01001,40212.0,2.61,787.7,RURAL,42354,millennial,-0.5785491766800178,1590.0,31577.0,70.0,8,Social Dining Market,Wings-focused restaurant,value-oriented trade area,MEM_compstore_restaurants.csv
38103,38103,Memphis,TN,Shelby,35.15308,-90.05518,13981.0,1.53,2115.1,SUBURBAN,89851,millennial,-0.40604074654509187,1590.0,31577.0,91.0,4,Premium Dining Market,Beverage-led restaurant,higher-income trade area,MEM_compstore_restaurants.csv
38103,38103,Memphis,TN,Shelby,35.15308,-90.05518,13981.0,1.53,2115.1,SUBURBAN,89851,millennial,-0.40604074654509187,1590.0,31577.0,91.0,4,Premium Dining Market,Wings-focused restaurant,higher-income trade area,MEM_compstore_restaurants.csv
38107,38107,Memphis,TN,Shelby,35.17054,-90.02397,14509.0,2.21,985.8,RURAL,34325,millennial,-13.130164052209317,1590.0,31577.0,15.0,11,Healthy Lifestyle Market,Health-oriented restaurant,value-oriented trade area,MEM_compstore_restaurants.csv
38115,38115,Memphis,TN,Shelby,35.05499,-89.86362,36574.0,2.25,1731.5,SUBURBAN,39176,young,-11.693266050172635,1590.0,31577.0,65.0,8,Social Dining Market,Seafood-focused restaurant,value-oriented trade area,MEM_compstore_restaurants.csv
72301,72301,West Memphis,AR,Crittenden,35.13363,-90.17883,24404.0,2.47,313.2,RURAL,41022,millennial,-1.4895248859645582,66.0,1111.0,37.0,3,Family Value Market,Wings-focused restaurant,value-oriented trade area,MEM_compstore_restaurants.csv
38119,38119,Memphis,TN,Shelby,35.07986,-89.84593,22990.0,2.31,1027.6,SUBURBAN,92500,adult,-2.1327316844749054,1590.0,31577.0,63.0,4,Premium Dining Market,Wings-focused restaurant,higher-income trade area,MEM_compstore_restaurants.csv
38106,38106,Memphis,TN,Shelby,35.10067,-90.0375,23140.0,2.44,778.4,RURAL,29098,adult,-7.001044932079415,1590.0,31577.0,22.0,3,Family Value Market,Wings-focused restaurant,value-oriented trade area,MEM_compstore_restaurants.csv
38125,38125,Memphis,TN,Shelby,35.02537,-89.78936,43305.0,2.8,875.1,RURAL,80116,millennial,16.983629585607,1590.0,31577.0,50.0,9,Premium Dining Market,Fast-service restaurant,higher-income trade area,MEM_compstore_restaurants.csv
38117,38117,Memphis,TN,Shelby,35.11504,-89.90551,26430.0,2.29,1059.9,SUBURBAN,91680,adult,0.6627056672760512,1590.0,31577.0,84.0,4,Premium Dining Market,Chicken-focused restaurant,higher-income trade area,MEM_compstore_restaurants.csv
38018,38018,Cordova,TN,Shelby,35.13781,-89.76647,38338.0,2.71,797.3,RURAL,82355,millennial,2.837982832618026,1590.0,31577.0,82.0,9,Premium Dining Market,Seafood-focused restaurant,higher-income trade area,MEM_compstore_restaurants.csv
38118,38118,Memphis,TN,Shelby,35.03655,-89.93021,39373.0,2.97,495.6,RURAL,41830,young,1.0263515767326097,1590.0,31577.0,54.0,8,Social Dining Market,Seafood-focused restaurant,value-oriented trade area,MEM_compstore_restaurants.csv
38637,38637,Horn Lake,MS,DeSoto,34.95105,-90.05004,26652.0,2.66,649.4,RURAL,57111,millennial,-1.2852327863994963,351.0,8323.0,44.0,0,Social Dining Market,Seafood-focused restaurant,mid-market trade area,MEM_compstore_restaurants.csv
38122,38122,Memphis,TN,Shelby,35.1571,-89.92247,24014.0,2.67,1473.8,SUBURBAN,45065,millennial,-5.901253918495298,1590.0,31577.0,56.0,0,Social Dining Market,Wings-focused restaurant,value-oriented trade area,MEM_compstore_restaurants.csv
38053,38053,Millington,TN,Shelby,35.33583,-89.95,25556.0,2.63,60.2,RURAL,57012,adult,-3.827193015466827,1590.0,31577.0,41.0,0,Social Dining Market,Chicken-focused restaurant,mid-market trade area,MEM_compstore_restaurants.csv
38122,38122,Memphis,TN,Shelby,35.1571,-89.92247,24014.0,2.67,1473.8,SUBURBAN,45065,millennial,-5.901253918495298,1590.0,31577.0,56.0,0,Social Dining Market,Mexican cuisine restaurant,value-oriented trade area,MEM_compstore_restaurants.csv
38134,38134,Memphis,TN,Shelby,35.17674,-89.85992,42789.0,2.67,913.5,RURAL,57630,millennial,-2.9683885890516577,1590.0,31577.0,90.0,0,Social Dining Market,Mexican cuisine restaurant,mid-market trade area,MEM_compstore_restaurants.csv
38112,38112,Memphis,TN,Shelby,35.14791,-89.97661,16334.0,2.25,1350.5,SUBURBAN,49560,millennial,-3.1427893738140416,1590.0,31577.0,28.0,0,Social Dining Market,Wings-focused restaurant,mid-market trade area,MEM_compstore_restaurants.csv
38004,38004,Atoka,TN,Tipton,35.41909,-89.76687,11604.0,2.68,169.4,RURAL,89396,millennial,11.298676385958181,70.0,1131.0,16.0,1,Premium Dining Market,Wings-focused restaurant,higher-income trade area,MEM_compstore_restaurants.csv
38654,38654,Olive Branch,MS,DeSoto,34.93635,-89.82409,56449.0,2.73,243.5,RURAL,96145,millennial,10.70602078838988,351.0,8323.0,98.0,9,Premium Dining Market,Beverage-led restaurant,higher-income trade area,MEM_compstore_restaurants.csv
38108,38108,Memphis,TN,Shelby,35.1763,-89.96382,17629.0,2.67,892.7,RURAL,29757,millennial,-0.09067724567866252,1590.0,31577.0,10.0,3,Family Value Market,Fast-service restaurant,value-oriented trade area,MEM_compstore_restaurants.csv
38671,38671,Southaven,MS,DeSoto,34.96376,-89.99567,37288.0,2.61,648.3,RURAL,58854,millennial,1.8102389078498295,351.0,8323.0,83.0,0,Social Dining Market,General restaurant,mid-market trade area,MEM_compstore_restaurants.csv
38654,38654,Olive Branch,MS,DeSoto,34.93635,-89.82409,56449.0,2.73,243.5,RURAL,96145,millennial,10.70602078838988,351.0,8323.0,98.0,9,Premium Dining Market,Chicken-focused restaurant,higher-income trade area,MEM_compstore_restaurants.csv
38016,38016,Cordova,TN,Shelby,35.17956,-89.76046,46394.0,2.49,940.8,RURAL,72749,millennial,0.23549746138057684,1590.0,31577.0,83.0,4,Premium Dining Market,Fast-service restaurant,higher-income trade area,MEM_compstore_restaurants.csv
38017,38017,Collierville,TN,Shelby,35.06722,-89.65347,55570.0,2.83,267.7,RURAL,131354,adult,3.716008137516565,1590.0,31577.0,74.0,9,Premium Dining Market,Asian cuisine restaurant,higher-income trade area,MEM_compstore_restaurants.csv
38053,38053,Millington,TN,Shelby,35.33583,-89.95,25556.0,2.63,60.2,RURAL,57012,adult,-3.827193015466827,1590.0,31577.0,41.0,0,Social Dining Market,Chicken-focused restaurant,mid-market trade area,MEM_compstore_restaurants.csv
38053,38053,Millington,TN,Shelby,35.33583,-89.95,25556.0,2.63,60.2,RURAL,57012,adult,-3.827193015466827,1590.0,31577.0,41.0,0,Social Dining Market,Wings-focused restaurant,mid-market trade area,MEM_compstore_restaurants.csv
38672,38672,Southaven,MS,DeSoto,34.93727,-89.94943,15602.0,2.94,487.4,RURAL,103692,millennial,15.467732386027237,351.0,8323.0,37.0,4,Premium Dining Market,Asian cuisine restaurant,higher-income trade area,MEM_compstore_restaurants.csv
38104,38104,Memphis,TN,Shelby,35.13253,-90.00435,23408.0,1.76,1764.8,SUBURBAN,53351,millennial,-0.7883360176316013,1590.0,31577.0,112.0,0,Social Dining Market,Health-oriented restaurant,mid-market trade area,MEM_compstore_restaurants.csv
38122,38122,Memphis,TN,Shelby,35.1571,-89.92247,24014.0,2.67,1473.8,SUBURBAN,45065,millennial,-5.901253918495298,1590.0,31577.0,56.0,0,Social Dining Market,Fast-service restaurant,value-oriented trade area,MEM_compstore_restaurants.csv
38016,38016,Cordova,TN,Shelby,35.17956,-89.76046,46394.0,2.49,940.8,RURAL,72749,millennial,0.23549746138057684,1590.0,31577.0,83.0,4,Premium Dining Market,Asian cuisine restaurant,higher-income trade area,MEM_compstore_restaurants.csv
38133,38133,Memphis,TN,Shelby,35.21292,-89.79474,21383.0,2.69,632.7,RURAL,74775,millennial,0.3519804768162193,1590.0,31577.0,85.0,9,Premium Dining Market,Fast-service restaurant,higher-income trade area,MEM_compstore_restaurants.csv
38053,38053,Millington,TN,Shelby,35.33583,-89.95,25556.0,2.63,60.2,RURAL,57012,adult,-3.827193015466827,1590.0,31577.0,41.0,0,Social Dining Market,Beverage-led restaurant,mid-market trade area,MEM_compstore_restaurants.csv
38111,38111,Memphis,TN,Shelby,35.11014,-89.94429,42322.0,2.35,1656.5,SUBURBAN,50151,millennial,-3.833306823604263,1590.0,31577.0,79.0,0,Social Dining Market,Beverage-led restaurant,mid-market trade area,MEM_compstore_restaurants.csv
38111,38111,Memphis,TN,Shelby,35.11014,-89.94429,42322.0,2.35,1656.5,SUBURBAN,50151,millennial,-3.833306823604263,1590.0,31577.0,79.0,0,Social Dining Market,Beverage-led restaurant,mid-market trade area,MEM_compstore_restaurants.csv
38111,38111,Memphis,TN,Shelby,35.11014,-89.94429,42322.0,2.35,1656.5,SUBURBAN,50151,millennial,-3.833306823604263,1590.0,31577.0,79.0,0,Social Dining Market,Fast-service restaurant,mid-market trade area,MEM_compstore_restaurants.csv
38107,38107,Memphis,TN,Shelby,35.17054,-90.02397,14509.0,2.21,985.8,RURAL,34325,millennial,-13.130164052209317,1590.0,31577.0,15.0,11,Healthy Lifestyle Market,Beverage-led restaurant,value-oriented trade area,MEM_compstore_restaurants.csv
38117,38117,Memphis,TN,Shelby,35.11504,-89.90551,26430.0,2.29,1059.9,SUBURBAN,91680,adult,0.6627056672760512,1590.0,31577.0,84.0,4,Premium Dining Market,Asian cuisine restaurant,higher-income trade area,MEM_compstore_restaurants.csv
38139,38139,Germantown,TN,Shelby,35.08615,-89.75581,16627.0,2.85,730.4,RURAL,174396,adult,3.7890137328339577,1590.0,31577.0,17.0,13,Social Dining Market,Asian cuisine restaurant,higher-income trade area,MEM_compstore_restaurants.csv
38053,38053,Millington,TN,Shelby,35.33583,-89.95,25556.0,2.63,60.2,RURAL,57012,adult,-3.827193015466827,1590.0,31577.0,41.0,0,Social Dining Market,General restaurant,mid-market trade area,MEM_compstore_restaurants.csv
38119,38119,Memphis,TN,Shelby,35.07986,-89.84593,22990.0,2.31,1027.6,SUBURBAN,92500,adult,-2.1327316844749054,1590.0,31577.0,63.0,4,Premium Dining Market,General restaurant,higher-income trade area,MEM_compstore_restaurants.csv
38117,38117,Memphis,TN,Shelby,35.11504,-89.90551,26430.0,2.29,1059.9,SUBURBAN,91680,adult,0.6627056672760512,1590.0,31577.0,84.0,4,Premium Dining Market,Mexican cuisine restaurant,higher-income trade area,MEM_compstore_restaurants.csv
38004,38004,Atoka,TN,Tipton,35.41909,-89.76687,11604.0,2.68,169.4,RURAL,89396,millennial,11.298676385958181,70.0,1131.0,16.0,1,Premium Dining Market,Wings-focused restaurant,higher-income trade area,MEM_compstore_restaurants.csv
38104,38104,Memphis,TN,Shelby,35.13253,-90.00435,23408.0,1.76,1764.8,SUBURBAN,53351,millennial,-0.7883360176316013,1590.0,31577.0,112.0,0,Social Dining Market,Wings-focused restaurant,mid-market trade area,MEM_compstore_restaurants.csv
38060,38060,Oakland,TN,Fayette,35.21214,-89.50468,11713.0,2.56,108.0,RURAL,80478,adult,21.37823834196891,33.0,417.0,22.0,1,Premium Dining Market,Wings-focused restaurant,higher-income trade area,MEM_compstore_restaurants.csv
38127,38127,Memphis,TN,Shelby,35.23795,-90.01753,40565.0,2.89,404.3,RURAL,34781,millennial,-9.74122777740694,1590.0,31577.0,29.0,3,Family Value Market,Wings-focused restaurant,value-oriented trade area,MEM_compstore_restaurants.csv
38116,38116,Memphis,TN,Shelby,35.03213,-90.01001,40212.0,2.61,787.7,RURAL,42354,millennial,-0.5785491766800178,1590.0,31577.0,70.0,8,Social Dining Market,Wings-focused restaurant,value-oriented trade area,MEM_compstore_restaurants.csv
38637,38637,Horn Lake,MS,DeSoto,34.95105,-90.05004,26652.0,2.66,649.4,RURAL,57111,millennial,-1.2852327863994963,351.0,8323.0,44.0,0,Social Dining Market,Wings-focused restaurant,mid-market trade area,MEM_compstore_restaurants.csv
38133,38133,Memphis,TN,Shelby,35.21292,-89.79474,21383.0,2.69,632.7,RURAL,74775,millennial,0.3519804768162193,1590.0,31577.0,85.0,9,Premium Dining Market,Seafood-focused restaurant,higher-income trade area,MEM_compstore_restaurants.csv
38671,38671,Southaven,MS,DeSoto,34.96376,-89.99567,37288.0,2.61,648.3,RURAL,58854,millennial,1.8102389078498295,351.0,8323.0,83.0,0,Social Dining Market,Seafood-focused restaurant,mid-market trade area,MEM_compstore_restaurants.csv
38138,38138,Germantown,TN,Shelby,35.08477,-89.7993,25465.0,2.52,819.5,RURAL,122627,adult,2.5326139474955713,1590.0,31577.0,82.0,4,Premium Dining Market,Health-oriented restaurant,higher-income trade area,MEM_compstore_restaurants.csv
38128,38128,Memphis,TN,Shelby,35.22623,-89.92612,44400.0,2.78,688.7,RURAL,40497,millennial,-1.9975720119192142,1590.0,31577.0,43.0,8,Social Dining Market,Beverage-led restaurant,value-oriented trade area,MEM_compstore_restaurants.csv
38117,38117,Memphis,TN,Shelby,35.11504,-89.90551,26430.0,2.29,1059.9,SUBURBAN,91680,adult,0.6627056672760512,1590.0,31577.0,84.0,4,Premium Dining Market,Beverage-led restaurant,higher-income trade area,MEM_compstore_restaurants.csv
38125,38125,Memphis,TN,Shelby,35.02537,-89.78936,43305.0,2.8,875.1,RURAL,80116,millennial,16.983629585607,1590.0,31577.0,50.0,9,Premium Dining Market,Beverage-led restaurant,higher-income trade area,MEM_compstore_restaurants.csv
38018,38018,Cordova,TN,Shelby,35.13781,-89.76647,38338.0,2.71,797.3,RURAL,82355,millennial,2.837982832618026,1590.0,31577.0,82.0,9,Premium Dining Market,Health-oriented restaurant,higher-income trade area,MEM_compstore_restaurants.csv
38134,38134,Memphis,TN,Shelby,35.17674,-89.85992,42789.0,2.67,913.5,RURAL,57630,millennial,-2.9683885890516577,1590.0,31577.0,90.0,0,Social Dining Market,Health-oriented restaurant,mid-market trade area,MEM_compstore_restaurants.csv
38635,38635,Holly Springs,MS,Marshall,34.7677,-89.47896,15608.0,2.58,17.4,RURAL,55723,millennial,0.0,32.0,405.0,10.0,0,Social Dining Market,Health-oriented restaurant,mid-market trade area,MEM_compstore_restaurants.csv
38133,38133,Memphis,TN,Shelby,35.21292,-89.79474,21383.0,2.69,632.7,RURAL,74775,millennial,0.3519804768162193,1590.0,31577.0,85.0,9,Premium Dining Market,Health-oriented restaurant,higher-income trade area,MEM_compstore_restaurants.csv
38133,38133,Memphis,TN,Shelby,35.21292,-89.79474,21383.0,2.69,632.7,RURAL,74775,millennial,0.3519804768162193,1590.0,31577.0,85.0,9,Premium Dining Market,Health-oriented restaurant,higher-income trade area,MEM_compstore_restaurants.csv
38112,38112,Memphis,TN,Shelby,35.14791,-89.97661,16334.0,2.25,1350.5,SUBURBAN,49560,millennial,-3.1427893738140416,1590.0,31577.0,28.0,0,Social Dining Market,General restaurant,mid-market trade area,MEM_compstore_restaurants.csv
38018,38018,Cordova,TN,Shelby,35.13781,-89.76647,38338.0,2.71,797.3,RURAL,82355,millennial,2.837982832618026,1590.0,31577.0,82.0,9,Premium Dining Market,Mexican cuisine restaurant,higher-income trade area,MEM_compstore_restaurants.csv
38635,38635,Holly Springs,MS,Marshall,34.7677,-89.47896,15608.0,2.58,17.4,RURAL,55723,millennial,0.0,32.0,405.0,10.0,0,Social Dining Market,Mexican cuisine restaurant,mid-market trade area,MEM_compstore_restaurants.csv
38139,38139,Germantown,TN,Shelby,35.08615,-89.75581,16627.0,2.85,730.4,RURAL,174396,adult,3.7890137328339577,1590.0,31577.0,17.0,13,Social Dining Market,Mexican cuisine restaurant,higher-income trade area,MEM_compstore_restaurants.csv
38103,38103,Memphis,TN,Shelby,35.15308,-90.05518,13981.0,1.53,2115.1,SUBURBAN,89851,millennial,-0.40604074654509187,1590.0,31577.0,91.0,4,Premium Dining Market,General restaurant,higher-income trade area,MEM_compstore_restaurants.csv
38111,38111,Memphis,TN,Shelby,35.11014,-89.94429,42322.0,2.35,1656.5,SUBURBAN,50151,millennial,-3.833306823604263,1590.0,31577.0,79.0,0,Social Dining Market,Wings-focused restaurant,mid-market trade area,MEM_compstore_restaurants.csv
38672,38672,Southaven,MS,DeSoto,34.93727,-89.94943,15602.0,2.94,487.4,RURAL,103692,millennial,15.467732386027237,351.0,8323.0,37.0,4,Premium Dining Market,General restaurant,higher-income trade area,MEM_compstore_restaurants.csv
38133,38133,Memphis,TN,Shelby,35.21292,-89.79474,21383.0,2.69,632.7,RURAL,74775,millennial,0.3519804768162193,1590.0,31577.0,85.0,9,Premium Dining Market,Wings-focused restaurant,higher-income trade area,MEM_compstore_restaurants.csv
38111,38111,Memphis,TN,Shelby,35.11014,-89.94429,42322.0,2.35,1656.5,SUBURBAN,50151,millennial,-3.833306823604263,1590.0,31577.0,79.0,0,Social Dining Market,Wings-focused restaurant,mid-market trade area,MEM_compstore_restaurants.csv
38139,38139,Germantown,TN,Shelby,35.08615,-89.75581,16627.0,2.85,730.4,RURAL,174396,adult,3.7890137328339577,1590.0,31577.0,17.0,13,Social Dining Market,Wings-focused restaurant,higher-income trade area,MEM_compstore_restaurants.csv
38671,38671,Southaven,MS,DeSoto,34.96376,-89.99567,37288.0,2.61,648.3,RURAL,58854,millennial,1.8102389078498295,351.0,8323.0,83.0,0,Social Dining Market,General restaurant,mid-market trade area,MEM_compstore_restaurants.csv
38138,38138,Germantown,TN,Shelby,35.08477,-89.7993,25465.0,2.52,819.5,RURAL,122627,adult,2.5326139474955713,1590.0,31577.0,82.0,4,Premium Dining Market,Wings-focused restaurant,higher-income trade area,MEM_compstore_restaurants.csv
38671,38671,Southaven,MS,DeSoto,34.96376,-89.99567,37288.0,2.61,648.3,RURAL,58854,millennial,1.8102389078498295,351.0,8323.0,83.0,0,Social Dining Market,Beverage-led restaurant,mid-market trade area,MEM_compstore_restaurants.csv
38103,38103,Memphis,TN,Shelby,35.15308,-90.05518,13981.0,1.53,2115.1,SUBURBAN,89851,millennial,-0.40604074654509187,1590.0,31577.0,91.0,4,Premium Dining Market,Beverage-led restaurant,higher-income trade area,MEM_compstore_restaurants.csv
38138,38138,Germantown,TN,Shelby,35.08477,-89.7993,25465.0,2.52,819.5,RURAL,122627,adult,2.5326139474955713,1590.0,31577.0,82.0,4,Premium Dining Market,Asian cuisine restaurant,higher-income trade area,MEM_compstore_restaurants.csv
38119,38119,Memphis,TN,Shelby,35.07986,-89.84593,22990.0,2.31,1027.6,SUBURBAN,92500,adult,-2.1327316844749054,1590.0,31577.0,63.0,4,Premium Dining Market,Beverage-led restaurant,higher-income trade area,MEM_compstore_restaurants.csv
38103,38103,Memphis,TN,Shelby,35.15308,-90.05518,13981.0,1.53,2115.1,SUBURBAN,89851,millennial,-0.40604074654509187,1590.0,31577.0,91.0,4,Premium Dining Market,General restaurant,higher-income trade area,MEM_compstore_restaurants.csv
38004,38004,Atoka,TN,Tipton,35.41909,-89.76687,11604.0,2.68,169.4,RURAL,89396,millennial,11.298676385958181,70.0,1131.0,16.0,1,Premium Dining Market,General restaurant,higher-income trade area,MEM_compstore_restaurants.csv
38668,38668,Senatobia,MS,Tate,34.60109,-89.92505,14076.0,2.51,35.6,RURAL,67077,millennial,-0.4526166902404526,44.0,560.0,16.0,5,Social Dining Market,General restaurant,mid-market trade area,MEM_compstore_restaurants.csv
38103,38103,Memphis,TN,Shelby,35.15308,-90.05518,13981.0,1.53,2115.1,SUBURBAN,89851,millennial,-0.40604074654509187,1590.0,31577.0,91.0,4,Premium Dining Market,Fast-service restaurant,higher-income trade area,MEM_compstore_restaurants.csv
38122,38122,Memphis,TN,Shelby,35.1571,-89.92247,24014.0,2.67,1473.8,SUBURBAN,45065,millennial,-5.901253918495298,1590.0,31577.0,56.0,0,Social Dining Market,Mexican cuisine restaurant,value-oriented trade area,MEM_compstore_restaurants.csv
38668,38668,Senatobia,MS,Tate,34.60109,-89.92505,14076.0,2.51,35.6,RURAL,67077,millennial,-0.4526166902404526,44.0,560.0,16.0,5,Social Dining Market,Beverage-led restaurant,mid-market trade area,MEM_compstore_restaurants.csv
38119,38119,Memphis,TN,Shelby,35.07986,-89.84593,22990.0,2.31,1027.6,SUBURBAN,92500,adult,-2.1327316844749054,1590.0,31577.0,63.0,4,Premium Dining Market,General restaurant,higher-income trade area,MEM_compstore_restaurants.csv
38134,38134,Memphis,TN,Shelby,35.17674,-89.85992,42789.0,2.67,913.5,RURAL,57630,millennial,-2.9683885890516577,1590.0,31577.0,90.0,0,Social Dining Market,Mexican cuisine restaurant,mid-market trade area,MEM_compstore_restaurants.csv
38104,38104,Memphis,TN,Shelby,35.13253,-90.00435,23408.0,1.76,1764.8,SUBURBAN,53351,millennial,-0.7883360176316013,1590.0,31577.0,112.0,0,Social Dining Market,Wings-focused restaurant,mid-market trade area,MEM_compstore_restaurants.csv
38016,38016,Cordova,TN,Shelby,35.17956,-89.76046,46394.0,2.49,940.8,RURAL,72749,millennial,0.23549746138057684,1590.0,31577.0,83.0,4,Premium Dining Market,Mexican cuisine restaurant,higher-income trade area,MEM_compstore_restaurants.csv
38111,38111,Memphis,TN,Shelby,35.11014,-89.94429,42322.0,2.35,1656.5,SUBURBAN,50151,millennial,-3.833306823604263,1590.0,31577.0,79.0,0,Social Dining Market,Beverage-led restaurant,mid-market trade area,MEM_compstore_restaurants.csv
38103,38103,Memphis,TN,Shelby,35.15308,-90.05518,13981.0,1.53,2115.1,SUBURBAN,89851,millennial,-0.40604074654509187,1590.0,31577.0,91.0,4,Premium Dining Market,Mexican cuisine restaurant,higher-income trade area,MEM_compstore_restaurants.csv
38138,38138,Germantown,TN,Shelby,35.08477,-89.7993,25465.0,2.52,819.5,RURAL,122627,adult,2.5326139474955713,1590.0,31577.0,82.0,4,Premium Dining Market,General restaurant,higher-income trade area,MEM_compstore_restaurants.csv
38116,38116,Memphis,TN,Shelby,35.03213,-90.01001,40212.0,2.61,787.7,RURAL,42354,millennial,-0.5785491766800178,1590.0,31577.0,70.0,8,Social Dining Market,Fast-service restaurant,value-oriented trade area,MEM_compstore_restaurants.csv
38004,38004,Atoka,TN,Tipton,35.41909,-89.76687,11604.0,2.68,169.4,RURAL,89396,millennial,11.298676385958181,70.0,1131.0,16.0,1,Premium Dining Market,Mexican cuisine restaurant,higher-income trade area,MEM_compstore_restaurants.csv
38115,38115,Memphis,TN,Shelby,35.05499,-89.86362,36574.0,2.25,1731.5,SUBURBAN,39176,young,-11.693266050172635,1590.0,31577.0,65.0,8,Social Dining Market,Fast-service restaurant,value-oriented trade area,MEM_compstore_restaurants.csv
38125,38125,Memphis,TN,Shelby,35.02537,-89.78936,43305.0,2.8,875.1,RURAL,80116,millennial,16.983629585607,1590.0,31577.0,50.0,9,Premium Dining Market,Wings-focused restaurant,higher-income trade area,MEM_compstore_restaurants.csv
38138,38138,Germantown,TN,Shelby,35.08477,-89.7993,25465.0,2.52,819.5,RURAL,122627,adult,2.5326139474955713,1590.0,31577.0,82.0,4,Premium Dining Market,Mexican cuisine restaurant,higher-income trade area,MEM_compstore_restaurants.csv
38127,38127,Memphis,TN,Shelby,35.23795,-90.01753,40565.0,2.89,404.3,RURAL,34781,millennial,-9.74122777740694,1590.0,31577.0,29.0,3,Family Value Market,Wings-focused restaurant,value-oriented trade area,MEM_compstore_restaurants.csv
38049,38049,Mason,TN,Fayette,35.38689,-89.544,4123.0,2.49,13.7,RURAL,55658,adult,-0.6506024096385542,33.0,417.0,1.0,2,Family Value Market,Fast-service restaurant,mid-market trade area,MEM_compstore_restaurants.csv
38125,38125,Memphis,TN,Shelby,35.02537,-89.78936,43305.0,2.8,875.1,RURAL,80116,millennial,16.983629585607,1590.0,31577.0,50.0,9,Premium Dining Market,Wings-focused restaurant,higher-income trade area,MEM_compstore_restaurants.csv
38119,38119,Memphis,TN,Shelby,35.07986,-89.84593,22990.0,2.31,1027.6,SUBURBAN,92500,adult,-2.1327316844749054,1590.0,31577.0,63.0,4,Premium Dining Market,Beverage-led restaurant,higher-income trade area,MEM_compstore_restaurants.csv
38117,38117,Memphis,TN,Shelby,35.11504,-89.90551,26430.0,2.29,1059.9,SUBURBAN,91680,adult,0.6627056672760512,1590.0,31577.0,84.0,4,Premium Dining Market,Beverage-led restaurant,higher-income trade area,MEM_compstore_restaurants.csv
38018,38018,Cordova,TN,Shelby,35.13781,-89.76647,38338.0,2.71,797.3,RURAL,82355,millennial,2.837982832618026,1590.0,31577.0,82.0,9,Premium Dining Market,Beverage-led restaurant,higher-income trade area,MEM_compstore_restaurants.csv
38108,38108,Memphis,TN,Shelby,35.1763,-89.96382,17629.0,2.67,892.7,RURAL,29757,millennial,-0.09067724567866252,1590.0,31577.0,10.0,3,Family Value Market,Mexican cuisine restaurant,value-oriented trade area,MEM_compstore_restaurants.csv
38104,38104,Memphis,TN,Shelby,35.13253,-90.00435,23408.0,1.76,1764.8,SUBURBAN,53351,millennial,-0.7883360176316013,1590.0,31577.0,112.0,0,Social Dining Market,Seafood-focused restaurant,mid-market trade area,MEM_compstore_restaurants.csv
38654,38654,Olive Branch,MS,DeSoto,34.93635,-89.82409,56449.0,2.73,243.5,RURAL,96145,millennial,10.70602078838988,351.0,8323.0,98.0,9,Premium Dining Market,Fast-service restaurant,higher-income trade area,MEM_compstore_restaurants.csv
38111,38111,Memphis,TN,Shelby,35.11014,-89.94429,42322.0,2.35,1656.5,SUBURBAN,50151,millennial,-3.833306823604263,1590.0,31577.0,79.0,0,Social Dining Market,Seafood-focused restaurant,mid-market trade area,MEM_compstore_restaurants.csv
38114,38114,Memphis,TN,Shelby,35.09648,-89.98596,22112.0,2.2,1031.6,SUBURBAN,29492,adult,-16.545893719806763,1590.0,31577.0,19.0,3,Family Value Market,Fast-service restaurant,value-oriented trade area,MEM_compstore_restaurants.csv
38133,38133,Memphis,TN,Shelby,35.21292,-89.79474,21383.0,2.69,632.7,RURAL,74775,millennial,0.3519804768162193,1590.0,31577.0,85.0,9,Premium Dining Market,Fast-service restaurant,higher-income trade area,MEM_compstore_restaurants.csv
38122,38122,Memphis,TN,Shelby,35.1571,-89.92247,24014.0,2.67,1473.8,SUBURBAN,45065,millennial,-5.901253918495298,1590.0,31577.0,56.0,0,Social Dining Market,Fast-service restaurant,value-oriented trade area,MEM_compstore_restaurants.csv
38109,38109,Memphis,TN,Shelby,35.0341,-90.13533,45204.0,2.7,274.5,RURAL,35018,millennial,2.5987879888331555,1590.0,31577.0,23.0,3,Family Value Market,Fast-service restaurant,value-oriented trade area,MEM_compstore_restaurants.csv
38104,38104,Memphis,TN,Shelby,35.13253,-90.00435,23408.0,1.76,1764.8,SUBURBAN,53351,millennial,-0.7883360176316013,1590.0,31577.0,112.0,0,Social Dining Market,Wings-focused restaurant,mid-market trade area,MEM_compstore_restaurants.csv
72301,72301,West Memphis,AR,Crittenden,35.13363,-90.17883,24404.0,2.47,313.2,RURAL,41022,millennial,-1.4895248859645582,66.0,1111.0,37.0,3,Family Value Market,Wings-focused restaurant,value-oriented trade area,MEM_compstore_restaurants.csv
38116,38116,Memphis,TN,Shelby,35.03213,-90.01001,40212.0,2.61,787.7,RURAL,42354,millennial,-0.5785491766800178,1590.0,31577.0,70.0,8,Social Dining Market,Wings-focused restaurant,value-oriented trade area,MEM_compstore_restaurants.csv
38060,38060,Oakland,TN,Fayette,35.21214,-89.50468,11713.0,2.56,108.0,RURAL,80478,adult,21.37823834196891,33.0,417.0,22.0,1,Premium Dining Market,Wings-focused restaurant,higher-income trade area,MEM_compstore_restaurants.csv
38671,38671,Southaven,MS,DeSoto,34.96376,-89.99567,37288.0,2.61,648.3,RURAL,58854,millennial,1.8102389078498295,351.0,8323.0,83.0,0,Social Dining Market,Wings-focused restaurant,mid-market trade area,MEM_compstore_restaurants.csv
38117,38117,Memphis,TN,Shelby,35.11504,-89.90551,26430.0,2.29,1059.9,SUBURBAN,91680,adult,0.6627056672760512,1590.0,31577.0,84.0,4,Premium Dining Market,Fast-service restaurant,higher-income trade area,MEM_compstore_restaurants.csv
38018,38018,Cordova,TN,Shelby,35.13781,-89.76647,38338.0,2.71,797.3,RURAL,82355,millennial,2.837982832618026,1590.0,31577.0,82.0,9,Premium Dining Market,Fast-service restaurant,higher-income trade area,MEM_compstore_restaurants.csv
38127,38127,Memphis,TN,Shelby,35.23795,-90.01753,40565.0,2.89,404.3,RURAL,34781,millennial,-9.74122777740694,1590.0,31577.0,29.0,3,Family Value Market,Wings-focused restaurant,value-oriented trade area,MEM_compstore_restaurants.csv
38133,38133,Memphis,TN,Shelby,35.21292,-89.79474,21383.0,2.69,632.7,RURAL,74775,millennial,0.3519804768162193,1590.0,31577.0,85.0,9,Premium Dining Market,Beverage-led restaurant,higher-income trade area,MEM_compstore_restaurants.csv
38017,38017,Collierville,TN,Shelby,35.06722,-89.65347,55570.0,2.83,267.7,RURAL,131354,adult,3.716008137516565,1590.0,31577.0,74.0,9,Premium Dining Market,Beverage-led restaurant,higher-income trade area,MEM_compstore_restaurants.csv
38068,38068,Somerville,TN,Fayette,35.25972,-89.3349,10801.0,2.69,15.6,RURAL,67538,adult,7.099652949925632,33.0,417.0,7.0,5,Social Dining Market,Wings-focused restaurant,mid-market trade area,MEM_compstore_restaurants.csv
38611,38611,Byhalia,MS,Marshall,34.85467,-89.67116,17023.0,2.7,33.3,RURAL,55758,millennial,13.102119460500964,32.0,405.0,10.0,11,Healthy Lifestyle Market,Wings-focused restaurant,mid-market trade area,MEM_compstore_restaurants.csv
38104,38104,Memphis,TN,Shelby,35.13253,-90.00435,23408.0,1.76,1764.8,SUBURBAN,53351,millennial,-0.7883360176316013,1590.0,31577.0,112.0,0,Social Dining Market,Wings-focused restaurant,mid-market trade area,MEM_compstore_restaurants.csv
38118,38118,Memphis,TN,Shelby,35.03655,-89.93021,39373.0,2.97,495.6,RURAL,41830,young,1.0263515767326097,1590.0,31577.0,54.0,8,Social Dining Market,Wings-focused restaurant,value-oriented trade area,MEM_compstore_restaurants.csv
38119,38119,Memphis,TN,Shelby,35.07986,-89.84593,22990.0,2.31,1027.6,SUBURBAN,92500,adult,-2.1327316844749054,1590.0,31577.0,63.0,4,Premium Dining Market,Health-oriented restaurant,higher-income trade area,MEM_compstore_restaurants.csv
38133,38133,Memphis,TN,Shelby,35.21292,-89.79474,21383.0,2.69,632.7,RURAL,74775,millennial,0.3519804768162193,1590.0,31577.0,85.0,9,Premium Dining Market,General restaurant,higher-income trade area,MEM_compstore_restaurants.csv
38018,38018,Cordova,TN,Shelby,35.13781,-89.76647,38338.0,2.71,797.3,RURAL,82355,millennial,2.837982832618026,1590.0,31577.0,82.0,9,Premium Dining Market,General restaurant,higher-income trade area,MEM_compstore_restaurants.csv
38654,38654,Olive Branch,MS,DeSoto,34.93635,-89.82409,56449.0,2.73,243.5,RURAL,96145,millennial,10.70602078838988,351.0,8323.0,98.0,9,Premium Dining Market,General restaurant,higher-income trade area,MEM_compstore_restaurants.csv
38654,38654,Olive Branch,MS,DeSoto,34.93635,-89.82409,56449.0,2.73,243.5,RURAL,96145,millennial,10.70602078838988,351.0,8323.0,98.0,9,Premium Dining Market,Health-oriented restaurant,higher-income trade area,MEM_compstore_restaurants.csv
38016,38016,Cordova,TN,Shelby,35.17956,-89.76046,46394.0,2.49,940.8,RURAL,72749,millennial,0.23549746138057684,1590.0,31577.0,83.0,4,Premium Dining Market,Health-oriented restaurant,higher-income trade area,MEM_compstore_restaurants.csv
38115,38115,Memphis,TN,Shelby,35.05499,-89.86362,36574.0,2.25,1731.5,SUBURBAN,39176,young,-11.693266050172635,1590.0,31577.0,65.0,8,Social Dining Market,Health-oriented restaurant,value-oriented trade area,MEM_compstore_restaurants.csv
38117,38117,Memphis,TN,Shelby,35.11504,-89.90551,26430.0,2.29,1059.9,SUBURBAN,91680,adult,0.6627056672760512,1590.0,31577.0,84.0,4,Premium Dining Market,Health-oriented restaurant,higher-income trade area,MEM_compstore_restaurants.csv
38141,38141,Memphis,TN,Shelby,35.01599,-89.85472,23123.0,2.91,1184.3,SUBURBAN,67584,millennial,4.110760918505178,1590.0,31577.0,20.0,5,Social Dining Market,Health-oriented restaurant,mid-market trade area,MEM_compstore_restaurants.csv
38611,38611,Byhalia,MS,Marshall,34.85467,-89.67116,17023.0,2.7,33.3,RURAL,55758,millennial,13.102119460500964,32.0,405.0,10.0,11,Healthy Lifestyle Market,Health-oriented restaurant,mid-market trade area,MEM_compstore_restaurants.csv
38611,38611,Byhalia,MS,Marshall,34.85467,-89.67116,17023.0,2.7,33.3,RURAL,55758,millennial,13.102119460500964,32.0,405.0,10.0,11,Healthy Lifestyle Market,Health-oriented restaurant,mid-market trade area,MEM_compstore_restaurants.csv
38127,38127,Memphis,TN,Shelby,35.23795,-90.01753,40565.0,2.89,404.3,RURAL,34781,millennial,-9.74122777740694,1590.0,31577.0,29.0,3,Family Value Market,Mexican cuisine restaurant,value-oriented trade area,MEM_compstore_restaurants.csv
38109,38109,Memphis,TN,Shelby,35.0341,-90.13533,45204.0,2.7,274.5,RURAL,35018,millennial,2.5987879888331555,1590.0,31577.0,23.0,3,Family Value Market,Mexican cuisine restaurant,value-oriented trade area,MEM_compstore_restaurants.csv
38115,38115,Memphis,TN,Shelby,35.05499,-89.86362,36574.0,2.25,1731.5,SUBURBAN,39176,young,-11.693266050172635,1590.0,31577.0,65.0,8,Social Dining Market,Mexican cuisine restaurant,value-oriented trade area,MEM_compstore_restaurants.csv
38134,38134,Memphis,TN,Shelby,35.17674,-89.85992,42789.0,2.67,913.5,RURAL,57630,millennial,-2.9683885890516577,1590.0,31577.0,90.0,0,Social Dining Market,Asian cuisine restaurant,mid-market trade area,MEM_compstore_restaurants.csv
38637,38637,Horn Lake,MS,DeSoto,34.95105,-90.05004,26652.0,2.66,649.4,RURAL,57111,millennial,-1.2852327863994963,351.0,8323.0,44.0,0,Social Dining Market,General restaurant,mid-market trade area,MEM_compstore_restaurants.csv
38117,38117,Memphis,TN,Shelby,35.11504,-89.90551,26430.0,2.29,1059.9,SUBURBAN,91680,adult,0.6627056672760512,1590.0,31577.0,84.0,4,Premium Dining Market,Beverage-led restaurant,higher-income trade area,MEM_compstore_restaurants.csv
38611,38611,Byhalia,MS,Marshall,34.85467,-89.67116,17023.0,2.7,33.3,RURAL,55758,millennial,13.102119460500964,32.0,405.0,10.0,11,Healthy Lifestyle Market,Fast-service restaurant,mid-market trade area,MEM_compstore_restaurants.csv
38134,38134,Memphis,TN,Shelby,35.17674,-89.85992,42789.0,2.67,913.5,RURAL,57630,millennial,-2.9683885890516577,1590.0,31577.0,90.0,0,Social Dining Market,Asian cuisine restaurant,mid-market trade area,MEM_compstore_restaurants.csv
38104,38104,Memphis,TN,Shelby,35.13253,-90.00435,23408.0,1.76,1764.8,SUBURBAN,53351,millennial,-0.7883360176316013,1590.0,31577.0,112.0,0,Social Dining Market,Asian cuisine restaurant,mid-market trade area,MEM_compstore_restaurants.csv
38104,38104,Memphis,TN,Shelby,35.13253,-90.00435,23408.0,1.76,1764.8,SUBURBAN,53351,millennial,-0.7883360176316013,1590.0,31577.0,112.0,0,Social Dining Market,Beverage-led restaurant,mid-market trade area,MEM_compstore_restaurants.csv
38117,38117,Memphis,TN,Shelby,35.11504,-89.90551,26430.0,2.29,1059.9,SUBURBAN,91680,adult,0.6627056672760512,1590.0,31577.0,84.0,4,Premium Dining Market,Mexican cuisine restaurant,higher-income trade area,MEM_compstore_restaurants.csv
38104,38104,Memphis,TN,Shelby,35.13253,-90.00435,23408.0,1.76,1764.8,SUBURBAN,53351,millennial,-0.7883360176316013,1590.0,31577.0,112.0,0,Social Dining Market,Health-oriented restaurant,mid-market trade area,MEM_compstore_restaurants.csv
38128,38128,Memphis,TN,Shelby,35.22623,-89.92612,44400.0,2.78,688.7,RURAL,40497,millennial,-1.9975720119192142,1590.0,31577.0,43.0,8,Social Dining Market,Health-oriented restaurant,value-oriented trade area,MEM_compstore_restaurants.csv
38133,38133,Memphis,TN,Shelby,35.21292,-89.79474,21383.0,2.69,632.7,RURAL,74775,millennial,0.3519804768162193,1590.0,31577.0,85.0,9,Premium Dining Market,General restaurant,higher-income trade area,MEM_compstore_restaurants.csv
38018,38018,Cordova,TN,Shelby,35.13781,-89.76647,38338.0,2.71,797.3,RURAL,82355,millennial,2.837982832618026,1590.0,31577.0,82.0,9,Premium Dining Market,Beverage-led restaurant,higher-income trade area,MEM_compstore_restaurants.csv
38115,38115,Memphis,TN,Shelby,35.05499,-89.86362,36574.0,2.25,1731.5,SUBURBAN,39176,young,-11.693266050172635,1590.0,31577.0,65.0,8,Social Dining Market,Mexican cuisine restaurant,value-oriented trade area,MEM_compstore_restaurants.csv
38635,38635,Holly Springs,MS,Marshall,34.7677,-89.47896,15608.0,2.58,17.4,RURAL,55723,millennial,0.0,32.0,405.0,10.0,0,Social Dining Market,Fast-service restaurant,mid-market trade area,MEM_compstore_restaurants.csv
38128,38128,Memphis,TN,Shelby,35.22623,-89.92612,44400.0,2.78,688.7,RURAL,40497,millennial,-1.9975720119192142,1590.0,31577.0,43.0,8,Social Dining Market,Fast-service restaurant,value-oriented trade area,MEM_compstore_restaurants.csv
38671,38671,Southaven,MS,DeSoto,34.96376,-89.99567,37288.0,2.61,648.3,RURAL,58854,millennial,1.8102389078498295,351.0,8323.0,83.0,0,Social Dining Market,Fast-service restaurant,mid-market trade area,MEM_compstore_restaurants.csv
38103,38103,Memphis,TN,Shelby,35.15308,-90.05518,13981.0,1.53,2115.1,SUBURBAN,89851,millennial,-0.40604074654509187,1590.0,31577.0,91.0,4,Premium Dining Market,Wings-focused restaurant,higher-income trade area,MEM_compstore_restaurants.csv
38017,38017,Collierville,TN,Shelby,35.06722,-89.65347,55570.0,2.83,267.7,RURAL,131354,adult,3.716008137516565,1590.0,31577.0,74.0,9,Premium Dining Market,Asian cuisine restaurant,higher-income trade area,MEM_compstore_restaurants.csv
38115,38115,Memphis,TN,Shelby,35.05499,-89.86362,36574.0,2.25,1731.5,SUBURBAN,39176,young,-11.693266050172635,1590.0,31577.0,65.0,8,Social Dining Market,Wings-focused restaurant,value-oriented trade area,MEM_compstore_restaurants.csv
38103,38103,Memphis,TN,Shelby,35.15308,-90.05518,13981.0,1.53,2115.1,SUBURBAN,89851,millennial,-0.40604074654509187,1590.0,31577.0,91.0,4,Premium Dining Market,Beverage-led restaurant,higher-income trade area,MEM_compstore_restaurants.csv
38671,38671,Southaven,MS,DeSoto,34.96376,-89.99567,37288.0,2.61,648.3,RURAL,58854,millennial,1.8102389078498295,351.0,8323.0,83.0,0,Social Dining Market,Beverage-led restaurant,mid-market trade area,MEM_compstore_restaurants.csv
38139,38139,Germantown,TN,Shelby,35.08615,-89.75581,16627.0,2.85,730.4,RURAL,174396,adult,3.7890137328339577,1590.0,31577.0,17.0,13,Social Dining Market,General restaurant,higher-income trade area,MEM_compstore_restaurants.csv
38104,38104,Memphis,TN,Shelby,35.13253,-90.00435,23408.0,1.76,1764.8,SUBURBAN,53351,millennial,-0.7883360176316013,1590.0,31577.0,112.0,0,Social Dining Market,Wings-focused restaurant,mid-market trade area,MEM_compstore_restaurants.csv
38672,38672,Southaven,MS,DeSoto,34.93727,-89.94943,15602.0,2.94,487.4,RURAL,103692,millennial,15.467732386027237,351.0,8323.0,37.0,4,Premium Dining Market,Beverage-led restaurant,higher-income trade area,MEM_compstore_restaurants.csv
38138,38138,Germantown,TN,Shelby,35.08477,-89.7993,25465.0,2.52,819.5,RURAL,122627,adult,2.5326139474955713,1590.0,31577.0,82.0,4,Premium Dining Market,Wings-focused restaurant,higher-income trade area,MEM_compstore_restaurants.csv
72335,72335,Forrest City,AR,St. Francis,34.99042,-90.75645,16320.0,2.49,39.8,RURAL,40237,millennial,-16.406290016903142,26.0,369.0,13.0,3,Family Value Market,General restaurant,value-oriented trade area,MEM_compstore_restaurants.csv
38017,38017,Collierville,TN,Shelby,35.06722,-89.65347,55570.0,2.83,267.7,RURAL,131354,adult,3.716008137516565,1590.0,31577.0,74.0,9,Premium Dining Market,General restaurant,higher-income trade area,MEM_compstore_restaurants.csv
38671,38671,Southaven,MS,DeSoto,34.96376,-89.99567,37288.0,2.61,648.3,RURAL,58854,millennial,1.8102389078498295,351.0,8323.0,83.0,0,Social Dining Market,General restaurant,mid-market trade area,MEM_compstore_restaurants.csv
38114,38114,Memphis,TN,Shelby,35.09648,-89.98596,22112.0,2.2,1031.6,SUBURBAN,29492,adult,-16.545893719806763,1590.0,31577.0,19.0,3,Family Value Market,General restaurant,value-oriented trade area,MEM_compstore_restaurants.csv
38128,38128,Memphis,TN,Shelby,35.22623,-89.92612,44400.0,2.78,688.7,RURAL,40497,millennial,-1.9975720119192142,1590.0,31577.0,43.0,8,Social Dining Market,Wings-focused restaurant,value-oriented trade area,MEM_compstore_restaurants.csv
38016,38016,Cordova,TN,Shelby,35.17956,-89.76046,46394.0,2.49,940.8,RURAL,72749,millennial,0.23549746138057684,1590.0,31577.0,83.0,4,Premium Dining Market,Asian cuisine restaurant,higher-income trade area,MEM_compstore_restaurants.csv
38053,38053,Millington,TN,Shelby,35.33583,-89.95,25556.0,2.63,60.2,RURAL,57012,adult,-3.827193015466827,1590.0,31577.0,41.0,0,Social Dining Market,Fast-service restaurant,mid-market trade area,MEM_compstore_restaurants.csv
38103,38103,Memphis,TN,Shelby,35.15308,-90.05518,13981.0,1.53,2115.1,SUBURBAN,89851,millennial,-0.40604074654509187,1590.0,31577.0,91.0,4,Premium Dining Market,Beverage-led restaurant,higher-income trade area,MEM_compstore_restaurants.csv
38104,38104,Memphis,TN,Shelby,35.13253,-90.00435,23408.0,1.76,1764.8,SUBURBAN,53351,millennial,-0.7883360176316013,1590.0,31577.0,112.0,0,Social Dining Market,Asian cuisine restaurant,mid-market trade area,MEM_compstore_restaurants.csv
38068,38068,Somerville,TN,Fayette,35.25972,-89.3349,10801.0,2.69,15.6,RURAL,67538,adult,7.099652949925632,33.0,417.0,7.0,5,Social Dining Market,General restaurant,mid-market trade area,MEM_compstore_restaurants.csv
38127,38127,Memphis,TN,Shelby,35.23795,-90.01753,40565.0,2.89,404.3,RURAL,34781,millennial,-9.74122777740694,1590.0,31577.0,29.0,3,Family Value Market,Fast-service restaurant,value-oriented trade area,MEM_compstore_restaurants.csv
38104,38104,Memphis,TN,Shelby,35.13253,-90.00435,23408.0,1.76,1764.8,SUBURBAN,53351,millennial,-0.7883360176316013,1590.0,31577.0,112.0,0,Social Dining Market,Wings-focused restaurant,mid-market trade area,MEM_compstore_restaurants.csv
38606,38606,Batesville,MS,Panola,34.30375,-89.9581,15509.0,2.68,24.9,RURAL,59444,millennial,2.6474286848898005,44.0,813.0,5.0,5,Social Dining Market,General restaurant,mid-market trade area,MEM_compstore_restaurants.csv
38654,38654,Olive Branch,MS,DeSoto,34.93635,-89.82409,56449.0,2.73,243.5,RURAL,96145,millennial,10.70602078838988,351.0,8323.0,98.0,9,Premium Dining Market,Mexican cuisine restaurant,higher-income trade area,MEM_compstore_restaurants.csv
38103,38103,Memphis,TN,Shelby,35.15308,-90.05518,13981.0,1.53,2115.1,SUBURBAN,89851,millennial,-0.40604074654509187,1590.0,31577.0,91.0,4,Premium Dining Market,Asian cuisine restaurant,higher-income trade area,MEM_compstore_restaurants.csv
72364,72364,Marion,AR,Crittenden,35.2126,-90.18573,16314.0,2.68,77.4,RURAL,73762,millennial,2.391263415552627,66.0,1111.0,19.0,5,Social Dining Market,General restaurant,higher-income trade area,MEM_compstore_restaurants.csv
38672,38672,Southaven,MS,DeSoto,34.93727,-89.94943,15602.0,2.94,487.4,RURAL,103692,millennial,15.467732386027237,351.0,8323.0,37.0,4,Premium Dining Market,Mexican cuisine restaurant,higher-income trade area,MEM_compstore_restaurants.csv
38002,38002,Arlington,TN,Shelby,35.28854,-89.70926,42797.0,2.86,145.7,RURAL,109364,adult,5.297214841058951,1590.0,31577.0,59.0,9,Premium Dining Market,General restaurant,higher-income trade area,MEM_compstore_restaurants.csv
72335,72335,Forrest City,AR,St. Francis,34.99042,-90.75645,16320.0,2.49,39.8,RURAL,40237,millennial,-16.406290016903142,26.0,369.0,13.0,3,Family Value Market,Fast-service restaurant,value-oriented trade area,MEM_compstore_restaurants.csv
38654,38654,Olive Branch,MS,DeSoto,34.93635,-89.82409,56449.0,2.73,243.5,RURAL,96145,millennial,10.70602078838988,351.0,8323.0,98.0,9,Premium Dining Market,Beverage-led restaurant,higher-income trade area,MEM_compstore_restaurants.csv
38664,38664,Robinsonville,MS,Tunica,34.80434,-90.33217,3292.0,2.8,13.5,RURAL,45133,young,3.9141414141414144,19.0,339.0,8.0,1,Premium Dining Market,General restaurant,mid-market trade area,MEM_compstore_restaurants.csv
38134,38134,Memphis,TN,Shelby,35.17674,-89.85992,42789.0,2.67,913.5,RURAL,57630,millennial,-2.9683885890516577,1590.0,31577.0,90.0,0,Social Dining Market,Mexican cuisine restaurant,mid-market trade area,MEM_compstore_restaurants.csv
38139,38139,Germantown,TN,Shelby,35.08615,-89.75581,16627.0,2.85,730.4,RURAL,174396,adult,3.7890137328339577,1590.0,31577.0,17.0,13,Social Dining Market,Asian cuisine restaurant,higher-income trade area,MEM_compstore_restaurants.csv
38016,38016,Cordova,TN,Shelby,35.17956,-89.76046,46394.0,2.49,940.8,RURAL,72749,millennial,0.23549746138057684,1590.0,31577.0,83.0,4,Premium Dining Market,Beverage-led restaurant,higher-income trade area,MEM_compstore_restaurants.csv
38018,38018,Cordova,TN,Shelby,35.13781,-89.76647,38338.0,2.71,797.3,RURAL,82355,millennial,2.837982832618026,1590.0,31577.0,82.0,9,Premium Dining Market,Mexican cuisine restaurant,higher-income trade area,MEM_compstore_restaurants.csv
38019,38019,Covington,TN,Tipton,35.56114,-89.6304,15466.0,2.55,43.3,RURAL,57124,millennial,-2.262386248736097,70.0,1131.0,23.0,1,Premium Dining Market,General restaurant,mid-market trade area,MEM_compstore_restaurants.csv
38117,38117,Memphis,TN,Shelby,35.11504,-89.90551,26430.0,2.29,1059.9,SUBURBAN,91680,adult,0.6627056672760512,1590.0,31577.0,84.0,4,Premium Dining Market,Beverage-led restaurant,higher-income trade area,MEM_compstore_restaurants.csv
38103,38103,Memphis,TN,Shelby,35.15308,-90.05518,13981.0,1.53,2115.1,SUBURBAN,89851,millennial,-0.40604074654509187,1590.0,31577.0,91.0,4,Premium Dining Market,Fast-service restaurant,higher-income trade area,MEM_compstore_restaurants.csv
38120,38120,Memphis,TN,Shelby,35.12344,-89.85237,13554.0,2.17,534.1,RURAL,112700,adult,-9.204180064308682,1590.0,31577.0,13.0,13,Social Dining Market,Fast-service restaurant,higher-income trade area,MEM_compstore_restaurants.csv
38116,38116,Memphis,TN,Shelby,35.03213,-90.01001,40212.0,2.61,787.7,RURAL,42354,millennial,-0.5785491766800178,1590.0,31577.0,70.0,8,Social Dining Market,Chicken-focused restaurant,value-oriented trade area,MEM_compstore_restaurants.csv
38122,38122,Memphis,TN,Shelby,35.1571,-89.92247,24014.0,2.67,1473.8,SUBURBAN,45065,millennial,-5.901253918495298,1590.0,31577.0,56.0,0,Social Dining Market,Mexican cuisine restaurant,value-oriented trade area,MEM_compstore_restaurants.csv
38122,38122,Memphis,TN,Shelby,35.1571,-89.92247,24014.0,2.67,1473.8,SUBURBAN,45065,millennial,-5.901253918495298,1590.0,31577.0,56.0,0,Social Dining Market,General restaurant,value-oriented trade area,MEM_compstore_restaurants.csv
38115,38115,Memphis,TN,Shelby,35.05499,-89.86362,36574.0,2.25,1731.5,SUBURBAN,39176,young,-11.693266050172635,1590.0,31577.0,65.0,8,Social Dining Market,Fast-service restaurant,value-oriented trade area,MEM_compstore_restaurants.csv
38104,38104,Memphis,TN,Shelby,35.13253,-90.00435,23408.0,1.76,1764.8,SUBURBAN,53351,millennial,-0.7883360176316013,1590.0,31577.0,112.0,0,Social Dining Market,Seafood-focused restaurant,mid-market trade area,MEM_compstore_restaurants.csv
38104,38104,Memphis,TN,Shelby,35.13253,-90.00435,23408.0,1.76,1764.8,SUBURBAN,53351,millennial,-0.7883360176316013,1590.0,31577.0,112.0,0,Social Dining Market,Fast-service restaurant,mid-market trade area,MEM_compstore_restaurants.csv
72301,72301,West Memphis,AR,Crittenden,35.13363,-90.17883,24404.0,2.47,313.2,RURAL,41022,millennial,-1.4895248859645582,66.0,1111.0,37.0,3,Family Value Market,Health-oriented restaurant,value-oriented trade area,MEM_compstore_restaurants.csv
38133,38133,Memphis,TN,Shelby,35.21292,-89.79474,21383.0,2.69,632.7,RURAL,74775,millennial,0.3519804768162193,1590.0,31577.0,85.0,9,Premium Dining Market,Asian cuisine restaurant,higher-income trade area,MEM_compstore_restaurants.csv
38654,38654,Olive Branch,MS,DeSoto,34.93635,-89.82409,56449.0,2.73,243.5,RURAL,96145,millennial,10.70602078838988,351.0,8323.0,98.0,9,Premium Dining Market,Fast-service restaurant,higher-income trade area,MEM_compstore_restaurants.csv
38637,38637,Horn Lake,MS,DeSoto,34.95105,-90.05004,26652.0,2.66,649.4,RURAL,57111,millennial,-1.2852327863994963,351.0,8323.0,44.0,0,Social Dining Market,Chicken-focused restaurant,mid-market trade area,MEM_compstore_restaurants.csv
38133,38133,Memphis,TN,Shelby,35.21292,-89.79474,21383.0,2.69,632.7,RURAL,74775,millennial,0.3519804768162193,1590.0,31577.0,85.0,9,Premium Dining Market,Asian cuisine restaurant,higher-income trade area,MEM_compstore_restaurants.csv
38115,38115,Memphis,TN,Shelby,35.05499,-89.86362,36574.0,2.25,1731.5,SUBURBAN,39176,young,-11.693266050172635,1590.0,31577.0,65.0,8,Social Dining Market,Fast-service restaurant,value-oriented trade area,MEM_compstore_restaurants.csv
38116,38116,Memphis,TN,Shelby,35.03213,-90.01001,40212.0,2.61,787.7,RURAL,42354,millennial,-0.5785491766800178,1590.0,31577.0,70.0,8,Social Dining Market,Fast-service restaurant,value-oriented trade area,MEM_compstore_restaurants.csv
38053,38053,Millington,TN,Shelby,35.33583,-89.95,25556.0,2.63,60.2,RURAL,57012,adult,-3.827193015466827,1590.0,31577.0,41.0,0,Social Dining Market,Fast-service restaurant,mid-market trade area,MEM_compstore_restaurants.csv
38668,38668,Senatobia,MS,Tate,34.60109,-89.92505,14076.0,2.51,35.6,RURAL,67077,millennial,-0.4526166902404526,44.0,560.0,16.0,5,Social Dining Market,Fast-service restaurant,mid-market trade area,MEM_compstore_restaurants.csv
38134,38134,Memphis,TN,Shelby,35.17674,-89.85992,42789.0,2.67,913.5,RURAL,57630,millennial,-2.9683885890516577,1590.0,31577.0,90.0,0,Social Dining Market,Seafood-focused restaurant,mid-market trade area,MEM_compstore_restaurants.csv
38671,38671,Southaven,MS,DeSoto,34.96376,-89.99567,37288.0,2.61,648.3,RURAL,58854,millennial,1.8102389078498295,351.0,8323.0,83.0,0,Social Dining Market,Mexican cuisine restaurant,mid-market trade area,MEM_compstore_restaurants.csv
38125,38125,Memphis,TN,Shelby,35.02537,-89.78936,43305.0,2.8,875.1,RURAL,80116,millennial,16.983629585607,1590.0,31577.0,50.0,9,Premium Dining Market,Chicken-focused restaurant,higher-income trade area,MEM_compstore_restaurants.csv
38117,38117,Memphis,TN,Shelby,35.11504,-89.90551,26430.0,2.29,1059.9,SUBURBAN,91680,adult,0.6627056672760512,1590.0,31577.0,84.0,4,Premium Dining Market,Wings-focused restaurant,higher-income trade area,MEM_compstore_restaurants.csv
38016,38016,Cordova,TN,Shelby,35.17956,-89.76046,46394.0,2.49,940.8,RURAL,72749,millennial,0.23549746138057684,1590.0,31577.0,83.0,4,Premium Dining Market,Mexican cuisine restaurant,higher-income trade area,MEM_compstore_restaurants.csv
38134,38134,Memphis,TN,Shelby,35.17674,-89.85992,42789.0,2.67,913.5,RURAL,57630,millennial,-2.9683885890516577,1590.0,31577.0,90.0,0,Social Dining Market,Fast-service restaurant,mid-market trade area,MEM_compstore_restaurants.csv
38112,38112,Memphis,TN,Shelby,35.14791,-89.97661,16334.0,2.25,1350.5,SUBURBAN,49560,millennial,-3.1427893738140416,1590.0,31577.0,28.0,0,Social Dining Market,General restaurant,mid-market trade area,MEM_compstore_restaurants.csv
38115,38115,Memphis,TN,Shelby,35.05499,-89.86362,36574.0,2.25,1731.5,SUBURBAN,39176,young,-11.693266050172635,1590.0,31577.0,65.0,8,Social Dining Market,Seafood-focused restaurant,value-oriented trade area,MEM_compstore_restaurants.csv
38133,38133,Memphis,TN,Shelby,35.21292,-89.79474,21383.0,2.69,632.7,RURAL,74775,millennial,0.3519804768162193,1590.0,31577.0,85.0,9,Premium Dining Market,Fast-service restaurant,higher-income trade area,MEM_compstore_restaurants.csv
38017,38017,Collierville,TN,Shelby,35.06722,-89.65347,55570.0,2.83,267.7,RURAL,131354,adult,3.716008137516565,1590.0,31577.0,74.0,9,Premium Dining Market,Fast-service restaurant,higher-income trade area,MEM_compstore_restaurants.csv
38111,38111,Memphis,TN,Shelby,35.11014,-89.94429,42322.0,2.35,1656.5,SUBURBAN,50151,millennial,-3.833306823604263,1590.0,31577.0,79.0,0,Social Dining Market,Health-oriented restaurant,mid-market trade area,MEM_compstore_restaurants.csv
38018,38018,Cordova,TN,Shelby,35.13781,-89.76647,38338.0,2.71,797.3,RURAL,82355,millennial,2.837982832618026,1590.0,31577.0,82.0,9,Premium Dining Market,Asian cuisine restaurant,higher-income trade area,MEM_compstore_restaurants.csv
72326,72326,Colt,AR,St. Francis,35.11183,-90.89333,2446.0,2.51,8.0,RURAL,48988,adult,56.39386189258312,26.0,369.0,1.0,7,Family Value Market,Fast-service restaurant,mid-market trade area,MEM_compstore_restaurants.csv
38122,38122,Memphis,TN,Shelby,35.1571,-89.92247,24014.0,2.67,1473.8,SUBURBAN,45065,millennial,-5.901253918495298,1590.0,31577.0,56.0,0,Social Dining Market,Chicken-focused restaurant,value-oriented trade area,MEM_compstore_restaurants.csv
38104,38104,Memphis,TN,Shelby,35.13253,-90.00435,23408.0,1.76,1764.8,SUBURBAN,53351,millennial,-0.7883360176316013,1590.0,31577.0,112.0,0,Social Dining Market,Fast-service restaurant,mid-market trade area,MEM_compstore_restaurants.csv
38133,38133,Memphis,TN,Shelby,35.21292,-89.79474,21383.0,2.69,632.7,RURAL,74775,millennial,0.3519804768162193,1590.0,31577.0,85.0,9,Premium Dining Market,Fast-service restaurant,higher-income trade area,MEM_compstore_restaurants.csv
38114,38114,Memphis,TN,Shelby,35.09648,-89.98596,22112.0,2.2,1031.6,SUBURBAN,29492,adult,-16.545893719806763,1590.0,31577.0,19.0,3,Family Value Market,Health-oriented restaurant,value-oriented trade area,MEM_compstore_restaurants.csv
38119,38119,Memphis,TN,Shelby,35.07986,-89.84593,22990.0,2.31,1027.6,SUBURBAN,92500,adult,-2.1327316844749054,1590.0,31577.0,63.0,4,Premium Dining Market,Health-oriented restaurant,higher-income trade area,MEM_compstore_restaurants.csv
38671,38671,Southaven,MS,DeSoto,34.96376,-89.99567,37288.0,2.61,648.3,RURAL,58854,millennial,1.8102389078498295,351.0,8323.0,83.0,0,Social Dining Market,Beverage-led restaurant,mid-market trade area,MEM_compstore_restaurants.csv
38016,38016,Cordova,TN,Shelby,35.17956,-89.76046,46394.0,2.49,940.8,RURAL,72749,millennial,0.23549746138057684,1590.0,31577.0,83.0,4,Premium Dining Market,Wings-focused restaurant,higher-income trade area,MEM_compstore_restaurants.csv
38103,38103,Memphis,TN,Shelby,35.15308,-90.05518,13981.0,1.53,2115.1,SUBURBAN,89851,millennial,-0.40604074654509187,1590.0,31577.0,91.0,4,Premium Dining Market,Beverage-led restaurant,higher-income trade area,MEM_compstore_restaurants.csv
38671,38671,Southaven,MS,DeSoto,34.96376,-89.99567,37288.0,2.61,648.3,RURAL,58854,millennial,1.8102389078498295,351.0,8323.0,83.0,0,Social Dining Market,Fast-service restaurant,mid-market trade area,MEM_compstore_restaurants.csv
38053,38053,Millington,TN,Shelby,35.33583,-89.95,25556.0,2.63,60.2,RURAL,57012,adult,-3.827193015466827,1590.0,31577.0,41.0,0,Social Dining Market,Mexican cuisine restaurant,mid-market trade area,MEM_compstore_restaurants.csv
38118,38118,Memphis,TN,Shelby,35.03655,-89.93021,39373.0,2.97,495.6,RURAL,41830,young,1.0263515767326097,1590.0,31577.0,54.0,8,Social Dining Market,Mexican cuisine restaurant,value-oriented trade area,MEM_compstore_restaurants.csv
38117,38117,Memphis,TN,Shelby,35.11504,-89.90551,26430.0,2.29,1059.9,SUBURBAN,91680,adult,0.6627056672760512,1590.0,31577.0,84.0,4,Premium Dining Market,Beverage-led restaurant,higher-income trade area,MEM_compstore_restaurants.csv
38017,38017,Collierville,TN,Shelby,35.06722,-89.65347,55570.0,2.83,267.7,RURAL,131354,adult,3.716008137516565,1590.0,31577.0,74.0,9,Premium Dining Market,Beverage-led restaurant,higher-income trade area,MEM_compstore_restaurants.csv
38133,38133,Memphis,TN,Shelby,35.21292,-89.79474,21383.0,2.69,632.7,RURAL,74775,millennial,0.3519804768162193,1590.0,31577.0,85.0,9,Premium Dining Market,Beverage-led restaurant,higher-income trade area,MEM_compstore_restaurants.csv
38125,38125,Memphis,TN,Shelby,35.02537,-89.78936,43305.0,2.8,875.1,RURAL,80116,millennial,16.983629585607,1590.0,31577.0,50.0,9,Premium Dining Market,Fast-service restaurant,higher-income trade area,MEM_compstore_restaurants.csv
38654,38654,Olive Branch,MS,DeSoto,34.93635,-89.82409,56449.0,2.73,243.5,RURAL,96145,millennial,10.70602078838988,351.0,8323.0,98.0,9,Premium Dining Market,Mexican cuisine restaurant,higher-income trade area,MEM_compstore_restaurants.csv
38060,38060,Oakland,TN,Fayette,35.21214,-89.50468,11713.0,2.56,108.0,RURAL,80478,adult,21.37823834196891,33.0,417.0,22.0,1,Premium Dining Market,Beverage-led restaurant,higher-income trade area,MEM_compstore_restaurants.csv
38104,38104,Memphis,TN,Shelby,35.13253,-90.00435,23408.0,1.76,1764.8,SUBURBAN,53351,millennial,-0.7883360176316013,1590.0,31577.0,112.0,0,Social Dining Market,Wings-focused restaurant,mid-market trade area,MEM_compstore_restaurants.csv
38120,38120,Memphis,TN,Shelby,35.12344,-89.85237,13554.0,2.17,534.1,RURAL,112700,adult,-9.204180064308682,1590.0,31577.0,13.0,13,Social Dining Market,Health-oriented restaurant,higher-income trade area,MEM_compstore_restaurants.csv
38654,38654,Olive Branch,MS,DeSoto,34.93635,-89.82409,56449.0,2.73,243.5,RURAL,96145,millennial,10.70602078838988,351.0,8323.0,98.0,9,Premium Dining Market,Mexican cuisine restaurant,higher-income trade area,MEM_compstore_restaurants.csv
38104,38104,Memphis,TN,Shelby,35.13253,-90.00435,23408.0,1.76,1764.8,SUBURBAN,53351,millennial,-0.7883360176316013,1590.0,31577.0,112.0,0,Social Dining Market,Wings-focused restaurant,mid-market trade area,MEM_compstore_restaurants.csv
38134,38134,Memphis,TN,Shelby,35.17674,-89.85992,42789.0,2.67,913.5,RURAL,57630,millennial,-2.9683885890516577,1590.0,31577.0,90.0,0,Social Dining Market,Asian cuisine restaurant,mid-market trade area,MEM_compstore_restaurants.csv
38106,38106,Memphis,TN,Shelby,35.10067,-90.0375,23140.0,2.44,778.4,RURAL,29098,adult,-7.001044932079415,1590.0,31577.0,22.0,3,Family Value Market,Wings-focused restaurant,value-oriented trade area,MEM_compstore_restaurants.csv
38116,38116,Memphis,TN,Shelby,35.03213,-90.01001,40212.0,2.61,787.7,RURAL,42354,millennial,-0.5785491766800178,1590.0,31577.0,70.0,8,Social Dining Market,Wings-focused restaurant,value-oriented trade area,MEM_compstore_restaurants.csv
38017,38017,Collierville,TN,Shelby,35.06722,-89.65347,55570.0,2.83,267.7,RURAL,131354,adult,3.716008137516565,1590.0,31577.0,74.0,9,Premium Dining Market,Health-oriented restaurant,higher-income trade area,MEM_compstore_restaurants.csv
38654,38654,Olive Branch,MS,DeSoto,34.93635,-89.82409,56449.0,2.73,243.5,RURAL,96145,millennial,10.70602078838988,351.0,8323.0,98.0,9,Premium Dining Market,Fast-service restaurant,higher-income trade area,MEM_compstore_restaurants.csv
38104,38104,Memphis,TN,Shelby,35.13253,-90.00435,23408.0,1.76,1764.8,SUBURBAN,53351,millennial,-0.7883360176316013,1590.0,31577.0,112.0,0,Social Dining Market,Health-oriented restaurant,mid-market trade area,MEM_compstore_restaurants.csv
38637,38637,Horn Lake,MS,DeSoto,34.95105,-90.05004,26652.0,2.66,649.4,RURAL,57111,millennial,-1.2852327863994963,351.0,8323.0,44.0,0,Social Dining Market,Health-oriented restaurant,mid-market trade area,MEM_compstore_restaurants.csv
38119,38119,Memphis,TN,Shelby,35.07986,-89.84593,22990.0,2.31,1027.6,SUBURBAN,92500,adult,-2.1327316844749054,1590.0,31577.0,63.0,4,Premium Dining Market,Health-oriented restaurant,higher-income trade area,MEM_compstore_restaurants.csv
38138,38138,Germantown,TN,Shelby,35.08477,-89.7993,25465.0,2.52,819.5,RURAL,122627,adult,2.5326139474955713,1590.0,31577.0,82.0,4,Premium Dining Market,General restaurant,higher-income trade area,MEM_compstore_restaurants.csv
38117,38117,Memphis,TN,Shelby,35.11504,-89.90551,26430.0,2.29,1059.9,SUBURBAN,91680,adult,0.6627056672760512,1590.0,31577.0,84.0,4,Premium Dining Market,General restaurant,higher-income trade area,MEM_compstore_restaurants.csv
38004,38004,Atoka,TN,Tipton,35.41909,-89.76687,11604.0,2.68,169.4,RURAL,89396,millennial,11.298676385958181,70.0,1131.0,16.0,1,Premium Dining Market,General restaurant,higher-income trade area,MEM_compstore_restaurants.csv
38117,38117,Memphis,TN,Shelby,35.11504,-89.90551,26430.0,2.29,1059.9,SUBURBAN,91680,adult,0.6627056672760512,1590.0,31577.0,84.0,4,Premium Dining Market,Beverage-led restaurant,higher-income trade area,MEM_compstore_restaurants.csv
38119,38119,Memphis,TN,Shelby,35.07986,-89.84593,22990.0,2.31,1027.6,SUBURBAN,92500,adult,-2.1327316844749054,1590.0,31577.0,63.0,4,Premium Dining Market,Mexican cuisine restaurant,higher-income trade area,MEM_compstore_restaurants.csv
38116,38116,Memphis,TN,Shelby,35.03213,-90.01001,40212.0,2.61,787.7,RURAL,42354,millennial,-0.5785491766800178,1590.0,31577.0,70.0,8,Social Dining Market,Mexican cuisine restaurant,value-oriented trade area,MEM_compstore_restaurants.csv
38672,38672,Southaven,MS,DeSoto,34.93727,-89.94943,15602.0,2.94,487.4,RURAL,103692,millennial,15.467732386027237,351.0,8323.0,37.0,4,Premium Dining Market,Mexican cuisine restaurant,higher-income trade area,MEM_compstore_restaurants.csv
38118,38118,Memphis,TN,Shelby,35.03655,-89.93021,39373.0,2.97,495.6,RURAL,41830,young,1.0263515767326097,1590.0,31577.0,54.0,8,Social Dining Market,Mexican cuisine restaurant,value-oriented trade area,MEM_compstore_restaurants.csv
38134,38134,Memphis,TN,Shelby,35.17674,-89.85992,42789.0,2.67,913.5,RURAL,57630,millennial,-2.9683885890516577,1590.0,31577.0,90.0,0,Social Dining Market,Mexican cuisine restaurant,mid-market trade area,MEM_compstore_restaurants.csv
38125,38125,Memphis,TN,Shelby,35.02537,-89.78936,43305.0,2.8,875.1,RURAL,80116,millennial,16.983629585607,1590.0,31577.0,50.0,9,Premium Dining Market,Mexican cuisine restaurant,higher-income trade area,MEM_compstore_restaurants.csv
38118,38118,Memphis,TN,Shelby,35.03655,-89.93021,39373.0,2.97,495.6,RURAL,41830,young,1.0263515767326097,1590.0,31577.0,54.0,8,Social Dining Market,Mexican cuisine restaurant,value-oriented trade area,MEM_compstore_restaurants.csv
38128,38128,Memphis,TN,Shelby,35.22623,-89.92612,44400.0,2.78,688.7,RURAL,40497,millennial,-1.9975720119192142,1590.0,31577.0,43.0,8,Social Dining Market,Mexican cuisine restaurant,value-oriented trade area,MEM_compstore_restaurants.csv
38118,38118,Memphis,TN,Shelby,35.03655,-89.93021,39373.0,2.97,495.6,RURAL,41830,young,1.0263515767326097,1590.0,31577.0,54.0,8,Social Dining Market,Wings-focused restaurant,value-oriented trade area,MEM_compstore_restaurants.csv
38104,38104,Memphis,TN,Shelby,35.13253,-90.00435,23408.0,1.76,1764.8,SUBURBAN,53351,millennial,-0.7883360176316013,1590.0,31577.0,112.0,0,Social Dining Market,Fast-service restaurant,mid-market trade area,MEM_compstore_restaurants.csv
38116,38116,Memphis,TN,Shelby,35.03213,-90.01001,40212.0,2.61,787.7,RURAL,42354,millennial,-0.5785491766800178,1590.0,31577.0,70.0,8,Social Dining Market,Wings-focused restaurant,value-oriented trade area,MEM_compstore_restaurants.csv
38016,38016,Cordova,TN,Shelby,35.17956,-89.76046,46394.0,2.49,940.8,RURAL,72749,millennial,0.23549746138057684,1590.0,31577.0,83.0,4,Premium Dining Market,Beverage-led restaurant,higher-income trade area,MEM_compstore_restaurants.csv
38106,38106,Memphis,TN,Shelby,35.10067,-90.0375,23140.0,2.44,778.4,RURAL,29098,adult,-7.001044932079415,1590.0,31577.0,22.0,3,Family Value Market,Wings-focused restaurant,value-oriented trade area,MEM_compstore_restaurants.csv
38002,38002,Arlington,TN,Shelby,35.28854,-89.70926,42797.0,2.86,145.7,RURAL,109364,adult,5.297214841058951,1590.0,31577.0,59.0,9,Premium Dining Market,Seafood-focused restaurant,higher-income trade area,MEM_compstore_restaurants.csv
38117,38117,Memphis,TN,Shelby,35.11504,-89.90551,26430.0,2.29,1059.9,SUBURBAN,91680,adult,0.6627056672760512,1590.0,31577.0,84.0,4,Premium Dining Market,Asian cuisine restaurant,higher-income trade area,MEM_compstore_restaurants.csv
38125,38125,Memphis,TN,Shelby,35.02537,-89.78936,43305.0,2.8,875.1,RURAL,80116,millennial,16.983629585607,1590.0,31577.0,50.0,9,Premium Dining Market,Fast-service restaurant,higher-income trade area,MEM_compstore_restaurants.csv
38139,38139,Germantown,TN,Shelby,35.08615,-89.75581,16627.0,2.85,730.4,RURAL,174396,adult,3.7890137328339577,1590.0,31577.0,17.0,13,Social Dining Market,Wings-focused restaurant,higher-income trade area,MEM_compstore_restaurants.csv
38103,38103,Memphis,TN,Shelby,35.15308,-90.05518,13981.0,1.53,2115.1,SUBURBAN,89851,millennial,-0.40604074654509187,1590.0,31577.0,91.0,4,Premium Dining Market,Health-oriented restaurant,higher-income trade area,MEM_compstore_restaurants.csv
38016,38016,Cordova,TN,Shelby,35.17956,-89.76046,46394.0,2.49,940.8,RURAL,72749,millennial,0.23549746138057684,1590.0,31577.0,83.0,4,Premium Dining Market,Wings-focused restaurant,higher-income trade area,MEM_compstore_restaurants.csv
38103,38103,Memphis,TN,Shelby,35.15308,-90.05518,13981.0,1.53,2115.1,SUBURBAN,89851,millennial,-0.40604074654509187,1590.0,31577.0,91.0,4,Premium Dining Market,Seafood-focused restaurant,higher-income trade area,MEM_compstore_restaurants.csv
38119,38119,Memphis,TN,Shelby,35.07986,-89.84593,22990.0,2.31,1027.6,SUBURBAN,92500,adult,-2.1327316844749054,1590.0,31577.0,63.0,4,Premium Dining Market,Asian cuisine restaurant,higher-income trade area,MEM_compstore_restaurants.csv
38017,38017,Collierville,TN,Shelby,35.06722,-89.65347,55570.0,2.83,267.7,RURAL,131354,adult,3.716008137516565,1590.0,31577.0,74.0,9,Premium Dining Market,General restaurant,higher-income trade area,MEM_compstore_restaurants.csv
38134,38134,Memphis,TN,Shelby,35.17674,-89.85992,42789.0,2.67,913.5,RURAL,57630,millennial,-2.9683885890516577,1590.0,31577.0,90.0,0,Social Dining Market,General restaurant,mid-market trade area,MEM_compstore_restaurants.csv
38117,38117,Memphis,TN,Shelby,35.11504,-89.90551,26430.0,2.29,1059.9,SUBURBAN,91680,adult,0.6627056672760512,1590.0,31577.0,84.0,4,Premium Dining Market,Mexican cuisine restaurant,higher-income trade area,MEM_compstore_restaurants.csv
38122,38122,Memphis,TN,Shelby,35.1571,-89.92247,24014.0,2.67,1473.8,SUBURBAN,45065,millennial,-5.901253918495298,1590.0,31577.0,56.0,0,Social Dining Market,Mexican cuisine restaurant,value-oriented trade area,MEM_compstore_restaurants.csv
38127,38127,Memphis,TN,Shelby,35.23795,-90.01753,40565.0,2.89,404.3,RURAL,34781,millennial,-9.74122777740694,1590.0,31577.0,29.0,3,Family Value Market,Wings-focused restaurant,value-oriented trade area,MEM_compstore_restaurants.csv
38018,38018,Cordova,TN,Shelby,35.13781,-89.76647,38338.0,2.71,797.3,RURAL,82355,millennial,2.837982832618026,1590.0,31577.0,82.0,9,Premium Dining Market,Health-oriented restaurant,higher-income trade area,MEM_compstore_restaurants.csv
38114,38114,Memphis,TN,Shelby,35.09648,-89.98596,22112.0,2.2,1031.6,SUBURBAN,29492,adult,-16.545893719806763,1590.0,31577.0,19.0,3,Family Value Market,General restaurant,value-oriented trade area,MEM_compstore_restaurants.csv
38141,38141,Memphis,TN,Shelby,35.01599,-89.85472,23123.0,2.91,1184.3,SUBURBAN,67584,millennial,4.110760918505178,1590.0,31577.0,20.0,5,Social Dining Market,Fast-service restaurant,mid-market trade area,MEM_compstore_restaurants.csv
38103,38103,Memphis,TN,Shelby,35.15308,-90.05518,13981.0,1.53,2115.1,SUBURBAN,89851,millennial,-0.40604074654509187,1590.0,31577.0,91.0,4,Premium Dining Market,Beverage-led restaurant,higher-income trade area,MEM_compstore_restaurants.csv
38116,38116,Memphis,TN,Shelby,35.03213,-90.01001,40212.0,2.61,787.7,RURAL,42354,millennial,-0.5785491766800178,1590.0,31577.0,70.0,8,Social Dining Market,Beverage-led restaurant,value-oriented trade area,MEM_compstore_restaurants.csv
38109,38109,Memphis,TN,Shelby,35.0341,-90.13533,45204.0,2.7,274.5,RURAL,35018,millennial,2.5987879888331555,1590.0,31577.0,23.0,3,Family Value Market,Wings-focused restaurant,value-oriented trade area,MEM_compstore_restaurants.csv
38117,38117,Memphis,TN,Shelby,35.11504,-89.90551,26430.0,2.29,1059.9,SUBURBAN,91680,adult,0.6627056672760512,1590.0,31577.0,84.0,4,Premium Dining Market,General restaurant,higher-income trade area,MEM_compstore_restaurants.csv
38107,38107,Memphis,TN,Shelby,35.17054,-90.02397,14509.0,2.21,985.8,RURAL,34325,millennial,-13.130164052209317,1590.0,31577.0,15.0,11,Healthy Lifestyle Market,Beverage-led restaurant,value-oriented trade area,MEM_compstore_restaurants.csv
38127,38127,Memphis,TN,Shelby,35.23795,-90.01753,40565.0,2.89,404.3,RURAL,34781,millennial,-9.74122777740694,1590.0,31577.0,29.0,3,Family Value Market,Seafood-focused restaurant,value-oriented trade area,MEM_compstore_restaurants.csv
38117,38117,Memphis,TN,Shelby,35.11504,-89.90551,26430.0,2.29,1059.9,SUBURBAN,91680,adult,0.6627056672760512,1590.0,31577.0,84.0,4,Premium Dining Market,Seafood-focused restaurant,higher-income trade area,MEM_compstore_restaurants.csv
38103,38103,Memphis,TN,Shelby,35.15308,-90.05518,13981.0,1.53,2115.1,SUBURBAN,89851,millennial,-0.40604074654509187,1590.0,31577.0,91.0,4,Premium Dining Market,Asian cuisine restaurant,higher-income trade area,MEM_compstore_restaurants.csv
38117,38117,Memphis,TN,Shelby,35.11504,-89.90551,26430.0,2.29,1059.9,SUBURBAN,91680,adult,0.6627056672760512,1590.0,31577.0,84.0,4,Premium Dining Market,General restaurant,higher-income trade area,MEM_compstore_restaurants.csv
38112,38112,Memphis,TN,Shelby,35.14791,-89.97661,16334.0,2.25,1350.5,SUBURBAN,49560,millennial,-3.1427893738140416,1590.0,31577.0,28.0,0,Social Dining Market,General restaurant,mid-market trade area,MEM_compstore_restaurants.csv
38017,38017,Collierville,TN,Shelby,35.06722,-89.65347,55570.0,2.83,267.7,RURAL,131354,adult,3.716008137516565,1590.0,31577.0,74.0,9,Premium Dining Market,Seafood-focused restaurant,higher-income trade area,MEM_compstore_restaurants.csv
38103,38103,Memphis,TN,Shelby,35.15308,-90.05518,13981.0,1.53,2115.1,SUBURBAN,89851,millennial,-0.40604074654509187,1590.0,31577.0,91.0,4,Premium Dining Market,Beverage-led restaurant,higher-income trade area,MEM_compstore_restaurants.csv
38017,38017,Collierville,TN,Shelby,35.06722,-89.65347,55570.0,2.83,267.7,RURAL,131354,adult,3.716008137516565,1590.0,31577.0,74.0,9,Premium Dining Market,Beverage-led restaurant,higher-income trade area,MEM_compstore_restaurants.csv
38133,38133,Memphis,TN,Shelby,35.21292,-89.79474,21383.0,2.69,632.7,RURAL,74775,millennial,0.3519804768162193,1590.0,31577.0,85.0,9,Premium Dining Market,Asian cuisine restaurant,higher-income trade area,MEM_compstore_restaurants.csv
38138,38138,Germantown,TN,Shelby,35.08477,-89.7993,25465.0,2.52,819.5,RURAL,122627,adult,2.5326139474955713,1590.0,31577.0,82.0,4,Premium Dining Market,Seafood-focused restaurant,higher-income trade area,MEM_compstore_restaurants.csv
38103,38103,Memphis,TN,Shelby,35.15308,-90.05518,13981.0,1.53,2115.1,SUBURBAN,89851,millennial,-0.40604074654509187,1590.0,31577.0,91.0,4,Premium Dining Market,Beverage-led restaurant,higher-income trade area,MEM_compstore_restaurants.csv
38672,38672,Southaven,MS,DeSoto,34.93727,-89.94943,15602.0,2.94,487.4,RURAL,103692,millennial,15.467732386027237,351.0,8323.0,37.0,4,Premium Dining Market,General restaurant,higher-income trade area,MEM_compstore_restaurants.csv
38104,38104,Memphis,TN,Shelby,35.13253,-90.00435,23408.0,1.76,1764.8,SUBURBAN,53351,millennial,-0.7883360176316013,1590.0,31577.0,112.0,0,Social Dining Market,Beverage-led restaurant,mid-market trade area,MEM_compstore_restaurants.csv
38103,38103,Memphis,TN,Shelby,35.15308,-90.05518,13981.0,1.53,2115.1,SUBURBAN,89851,millennial,-0.40604074654509187,1590.0,31577.0,91.0,4,Premium Dining Market,Beverage-led restaurant,higher-income trade area,MEM_compstore_restaurants.csv
38671,38671,Southaven,MS,DeSoto,34.96376,-89.99567,37288.0,2.61,648.3,RURAL,58854,millennial,1.8102389078498295,351.0,8323.0,83.0,0,Social Dining Market,General restaurant,mid-market trade area,MEM_compstore_restaurants.csv
38004,38004,Atoka,TN,Tipton,35.41909,-89.76687,11604.0,2.68,169.4,RURAL,89396,millennial,11.298676385958181,70.0,1131.0,16.0,1,Premium Dining Market,Mexican cuisine restaurant,higher-income trade area,MEM_compstore_restaurants.csv
38104,38104,Memphis,TN,Shelby,35.13253,-90.00435,23408.0,1.76,1764.8,SUBURBAN,53351,millennial,-0.7883360176316013,1590.0,31577.0,112.0,0,Social Dining Market,Beverage-led restaurant,mid-market trade area,MEM_compstore_restaurants.csv
38109,38109,Memphis,TN,Shelby,35.0341,-90.13533,45204.0,2.7,274.5,RURAL,35018,millennial,2.5987879888331555,1590.0,31577.0,23.0,3,Family Value Market,General restaurant,value-oriented trade area,MEM_compstore_restaurants.csv
38002,38002,Arlington,TN,Shelby,35.28854,-89.70926,42797.0,2.86,145.7,RURAL,109364,adult,5.297214841058951,1590.0,31577.0,59.0,9,Premium Dining Market,Fast-service restaurant,higher-income trade area,MEM_compstore_restaurants.csv
38632,38632,Hernando,MS,DeSoto,34.79973,-90.00629,29491.0,2.69,74.7,RURAL,80956,millennial,9.864769213575233,351.0,8323.0,28.0,5,Social Dining Market,Fast-service restaurant,higher-income trade area,MEM_compstore_restaurants.csv
38671,38671,Southaven,MS,DeSoto,34.96376,-89.99567,37288.0,2.61,648.3,RURAL,58854,millennial,1.8102389078498295,351.0,8323.0,83.0,0,Social Dining Market,Health-oriented restaurant,mid-market trade area,MEM_compstore_restaurants.csv
38138,38138,Germantown,TN,Shelby,35.08477,-89.7993,25465.0,2.52,819.5,RURAL,122627,adult,2.5326139474955713,1590.0,31577.0,82.0,4,Premium Dining Market,Mexican cuisine restaurant,higher-income trade area,MEM_compstore_restaurants.csv
38103,38103,Memphis,TN,Shelby,35.15308,-90.05518,13981.0,1.53,2115.1,SUBURBAN,89851,millennial,-0.40604074654509187,1590.0,31577.0,91.0,4,Premium Dining Market,Beverage-led restaurant,higher-income trade area,MEM_compstore_restaurants.csv
38117,38117,Memphis,TN,Shelby,35.11504,-89.90551,26430.0,2.29,1059.9,SUBURBAN,91680,adult,0.6627056672760512,1590.0,31577.0,84.0,4,Premium Dining Market,Health-oriented restaurant,higher-income trade area,MEM_compstore_restaurants.csv
38128,38128,Memphis,TN,Shelby,35.22623,-89.92612,44400.0,2.78,688.7,RURAL,40497,millennial,-1.9975720119192142,1590.0,31577.0,43.0,8,Social Dining Market,Fast-service restaurant,value-oriented trade area,MEM_compstore_restaurants.csv
38107,38107,Memphis,TN,Shelby,35.17054,-90.02397,14509.0,2.21,985.8,RURAL,34325,millennial,-13.130164052209317,1590.0,31577.0,15.0,11,Healthy Lifestyle Market,Wings-focused restaurant,value-oriented trade area,MEM_compstore_restaurants.csv
38138,38138,Germantown,TN,Shelby,35.08477,-89.7993,25465.0,2.52,819.5,RURAL,122627,adult,2.5326139474955713,1590.0,31577.0,82.0,4,Premium Dining Market,Asian cuisine restaurant,higher-income trade area,MEM_compstore_restaurants.csv
38116,38116,Memphis,TN,Shelby,35.03213,-90.01001,40212.0,2.61,787.7,RURAL,42354,millennial,-0.5785491766800178,1590.0,31577.0,70.0,8,Social Dining Market,Wings-focused restaurant,value-oriented trade area,MEM_compstore_restaurants.csv
38122,38122,Memphis,TN,Shelby,35.1571,-89.92247,24014.0,2.67,1473.8,SUBURBAN,45065,millennial,-5.901253918495298,1590.0,31577.0,56.0,0,Social Dining Market,Wings-focused restaurant,value-oriented trade area,MEM_compstore_restaurants.csv
38111,38111,Memphis,TN,Shelby,35.11014,-89.94429,42322.0,2.35,1656.5,SUBURBAN,50151,millennial,-3.833306823604263,1590.0,31577.0,79.0,0,Social Dining Market,Fast-service restaurant,mid-market trade area,MEM_compstore_restaurants.csv
72301,72301,West Memphis,AR,Crittenden,35.13363,-90.17883,24404.0,2.47,313.2,RURAL,41022,millennial,-1.4895248859645582,66.0,1111.0,37.0,3,Family Value Market,Wings-focused restaurant,value-oriented trade area,MEM_compstore_restaurants.csv
38104,38104,Memphis,TN,Shelby,35.13253,-90.00435,23408.0,1.76,1764.8,SUBURBAN,53351,millennial,-0.7883360176316013,1590.0,31577.0,112.0,0,Social Dining Market,Chicken-focused restaurant,mid-market trade area,MEM_compstore_restaurants.csv
72335,72335,Forrest City,AR,St. Francis,34.99042,-90.75645,16320.0,2.49,39.8,RURAL,40237,millennial,-16.406290016903142,26.0,369.0,13.0,3,Family Value Market,Seafood-focused restaurant,value-oriented trade area,MEM_compstore_restaurants.csv
38111,38111,Memphis,TN,Shelby,35.11014,-89.94429,42322.0,2.35,1656.5,SUBURBAN,50151,millennial,-3.833306823604263,1590.0,31577.0,79.0,0,Social Dining Market,Fast-service restaurant,mid-market trade area,MEM_compstore_restaurants.csv
38115,38115,Memphis,TN,Shelby,35.05499,-89.86362,36574.0,2.25,1731.5,SUBURBAN,39176,young,-11.693266050172635,1590.0,31577.0,65.0,8,Social Dining Market,Health-oriented restaurant,value-oriented trade area,MEM_compstore_restaurants.csv
38664,38664,Robinsonville,MS,Tunica,34.80434,-90.33217,3292.0,2.8,13.5,RURAL,45133,young,3.9141414141414144,19.0,339.0,8.0,1,Premium Dining Market,General restaurant,mid-market trade area,MEM_compstore_restaurants.csv
38632,38632,Hernando,MS,DeSoto,34.79973,-90.00629,29491.0,2.69,74.7,RURAL,80956,millennial,9.864769213575233,351.0,8323.0,28.0,5,Social Dining Market,Asian cuisine restaurant,higher-income trade area,MEM_compstore_restaurants.csv
38104,38104,Memphis,TN,Shelby,35.13253,-90.00435,23408.0,1.76,1764.8,SUBURBAN,53351,millennial,-0.7883360176316013,1590.0,31577.0,112.0,0,Social Dining Market,Fast-service restaurant,mid-market trade area,MEM_compstore_restaurants.csv
38016,38016,Cordova,TN,Shelby,35.17956,-89.76046,46394.0,2.49,940.8,RURAL,72749,millennial,0.23549746138057684,1590.0,31577.0,83.0,4,Premium Dining Market,Fast-service restaurant,higher-income trade area,MEM_compstore_restaurants.csv
38002,38002,Arlington,TN,Shelby,35.28854,-89.70926,42797.0,2.86,145.7,RURAL,109364,adult,5.297214841058951,1590.0,31577.0,59.0,9,Premium Dining Market,Seafood-focused restaurant,higher-income trade area,MEM_compstore_restaurants.csv
38104,38104,Memphis,TN,Shelby,35.13253,-90.00435,23408.0,1.76,1764.8,SUBURBAN,53351,millennial,-0.7883360176316013,1590.0,31577.0,112.0,0,Social Dining Market,Seafood-focused restaurant,mid-market trade area,MEM_compstore_restaurants.csv
38017,38017,Collierville,TN,Shelby,35.06722,-89.65347,55570.0,2.83,267.7,RURAL,131354,adult,3.716008137516565,1590.0,31577.0,74.0,9,Premium Dining Market,Seafood-focused restaurant,higher-income trade area,MEM_compstore_restaurants.csv
38115,38115,Memphis,TN,Shelby,35.05499,-89.86362,36574.0,2.25,1731.5,SUBURBAN,39176,young,-11.693266050172635,1590.0,31577.0,65.0,8,Social Dining Market,Wings-focused restaurant,value-oriented trade area,MEM_compstore_restaurants.csv
38111,38111,Memphis,TN,Shelby,35.11014,-89.94429,42322.0,2.35,1656.5,SUBURBAN,50151,millennial,-3.833306823604263,1590.0,31577.0,79.0,0,Social Dining Market,Fast-service restaurant,mid-market trade area,MEM_compstore_restaurants.csv
38671,38671,Southaven,MS,DeSoto,34.96376,-89.99567,37288.0,2.61,648.3,RURAL,58854,millennial,1.8102389078498295,351.0,8323.0,83.0,0,Social Dining Market,Wings-focused restaurant,mid-market trade area,MEM_compstore_restaurants.csv
38119,38119,Memphis,TN,Shelby,35.07986,-89.84593,22990.0,2.31,1027.6,SUBURBAN,92500,adult,-2.1327316844749054,1590.0,31577.0,63.0,4,Premium Dining Market,Wings-focused restaurant,higher-income trade area,MEM_compstore_restaurants.csv
38111,38111,Memphis,TN,Shelby,35.11014,-89.94429,42322.0,2.35,1656.5,SUBURBAN,50151,millennial,-3.833306823604263,1590.0,31577.0,79.0,0,Social Dining Market,Asian cuisine restaurant,mid-market trade area,MEM_compstore_restaurants.csv
38115,38115,Memphis,TN,Shelby,35.05499,-89.86362,36574.0,2.25,1731.5,SUBURBAN,39176,young,-11.693266050172635,1590.0,31577.0,65.0,8,Social Dining Market,Fast-service restaurant,value-oriented trade area,MEM_compstore_restaurants.csv
38116,38116,Memphis,TN,Shelby,35.03213,-90.01001,40212.0,2.61,787.7,RURAL,42354,millennial,-0.5785491766800178,1590.0,31577.0,70.0,8,Social Dining Market,Fast-service restaurant,value-oriented trade area,MEM_compstore_restaurants.csv
38105,38105,Memphis,TN,Shelby,35.1512,-90.03541,5215.0,1.56,1264.1,SUBURBAN,26250,adult,-19.719827586206897,1590.0,31577.0,16.0,0,Social Dining Market,Wings-focused restaurant,value-oriented trade area,MEM_compstore_restaurants.csv
38104,38104,Memphis,TN,Shelby,35.13253,-90.00435,23408.0,1.76,1764.8,SUBURBAN,53351,millennial,-0.7883360176316013,1590.0,31577.0,112.0,0,Social Dining Market,Health-oriented restaurant,mid-market trade area,MEM_compstore_restaurants.csv
38117,38117,Memphis,TN,Shelby,35.11504,-89.90551,26430.0,2.29,1059.9,SUBURBAN,91680,adult,0.6627056672760512,1590.0,31577.0,84.0,4,Premium Dining Market,Fast-service restaurant,higher-income trade area,MEM_compstore_restaurants.csv
38654,38654,Olive Branch,MS,DeSoto,34.93635,-89.82409,56449.0,2.73,243.5,RURAL,96145,millennial,10.70602078838988,351.0,8323.0,98.0,9,Premium Dining Market,Fast-service restaurant,higher-income trade area,MEM_compstore_restaurants.csv
38134,38134,Memphis,TN,Shelby,35.17674,-89.85992,42789.0,2.67,913.5,RURAL,57630,millennial,-2.9683885890516577,1590.0,31577.0,90.0,0,Social Dining Market,Fast-service restaurant,mid-market trade area,MEM_compstore_restaurants.csv
38672,38672,Southaven,MS,DeSoto,34.93727,-89.94943,15602.0,2.94,487.4,RURAL,103692,millennial,15.467732386027237,351.0,8323.0,37.0,4,Premium Dining Market,General restaurant,higher-income trade area,MEM_compstore_restaurants.csv
38134,38134,Memphis,TN,Shelby,35.17674,-89.85992,42789.0,2.67,913.5,RURAL,57630,millennial,-2.9683885890516577,1590.0,31577.0,90.0,0,Social Dining Market,Health-oriented restaurant,mid-market trade area,MEM_compstore_restaurants.csv
38637,38637,Horn Lake,MS,DeSoto,34.95105,-90.05004,26652.0,2.66,649.4,RURAL,57111,millennial,-1.2852327863994963,351.0,8323.0,44.0,0,Social Dining Market,Asian cuisine restaurant,mid-market trade area,MEM_compstore_restaurants.csv
38016,38016,Cordova,TN,Shelby,35.17956,-89.76046,46394.0,2.49,940.8,RURAL,72749,millennial,0.23549746138057684,1590.0,31577.0,83.0,4,Premium Dining Market,Chicken-focused restaurant,higher-income trade area,MEM_compstore_restaurants.csv
38111,38111,Memphis,TN,Shelby,35.11014,-89.94429,42322.0,2.35,1656.5,SUBURBAN,50151,millennial,-3.833306823604263,1590.0,31577.0,79.0,0,Social Dining Market,Asian cuisine restaurant,mid-market trade area,MEM_compstore_restaurants.csv
38138,38138,Germantown,TN,Shelby,35.08477,-89.7993,25465.0,2.52,819.5,RURAL,122627,adult,2.5326139474955713,1590.0,31577.0,82.0,4,Premium Dining Market,Beverage-led restaurant,higher-income trade area,MEM_compstore_restaurants.csv
38117,38117,Memphis,TN,Shelby,35.11504,-89.90551,26430.0,2.29,1059.9,SUBURBAN,91680,adult,0.6627056672760512,1590.0,31577.0,84.0,4,Premium Dining Market,Fast-service restaurant,higher-income trade area,MEM_compstore_restaurants.csv
38133,38133,Memphis,TN,Shelby,35.21292,-89.79474,21383.0,2.69,632.7,RURAL,74775,millennial,0.3519804768162193,1590.0,31577.0,85.0,9,Premium Dining Market,General restaurant,higher-income trade area,MEM_compstore_restaurants.csv
38138,38138,Germantown,TN,Shelby,35.08477,-89.7993,25465.0,2.52,819.5,RURAL,122627,adult,2.5326139474955713,1590.0,31577.0,82.0,4,Premium Dining Market,Fast-service restaurant,higher-income trade area,MEM_compstore_restaurants.csv
72301,72301,West Memphis,AR,Crittenden,35.13363,-90.17883,24404.0,2.47,313.2,RURAL,41022,millennial,-1.4895248859645582,66.0,1111.0,37.0,3,Family Value Market,Fast-service restaurant,value-oriented trade area,MEM_compstore_restaurants.csv
38018,38018,Cordova,TN,Shelby,35.13781,-89.76647,38338.0,2.71,797.3,RURAL,82355,millennial,2.837982832618026,1590.0,31577.0,82.0,9,Premium Dining Market,Wings-focused restaurant,higher-income trade area,MEM_compstore_restaurants.csv
38138,38138,Germantown,TN,Shelby,35.08477,-89.7993,25465.0,2.52,819.5,RURAL,122627,adult,2.5326139474955713,1590.0,31577.0,82.0,4,Premium Dining Market,Health-oriented restaurant,higher-income trade area,MEM_compstore_restaurants.csv
38104,38104,Memphis,TN,Shelby,35.13253,-90.00435,23408.0,1.76,1764.8,SUBURBAN,53351,millennial,-0.7883360176316013,1590.0,31577.0,112.0,0,Social Dining Market,Mexican cuisine restaurant,mid-market trade area,MEM_compstore_restaurants.csv
38104,38104,Memphis,TN,Shelby,35.13253,-90.00435,23408.0,1.76,1764.8,SUBURBAN,53351,millennial,-0.7883360176316013,1590.0,31577.0,112.0,0,Social Dining Market,Beverage-led restaurant,mid-market trade area,MEM_compstore_restaurants.csv
38122,38122,Memphis,TN,Shelby,35.1571,-89.92247,24014.0,2.67,1473.8,SUBURBAN,45065,millennial,-5.901253918495298,1590.0,31577.0,56.0,0,Social Dining Market,Beverage-led restaurant,value-oriented trade area,MEM_compstore_restaurants.csv
38125,38125,Memphis,TN,Shelby,35.02537,-89.78936,43305.0,2.8,875.1,RURAL,80116,millennial,16.983629585607,1590.0,31577.0,50.0,9,Premium Dining Market,Beverage-led restaurant,higher-income trade area,MEM_compstore_restaurants.csv
38116,38116,Memphis,TN,Shelby,35.03213,-90.01001,40212.0,2.61,787.7,RURAL,42354,millennial,-0.5785491766800178,1590.0,31577.0,70.0,8,Social Dining Market,Fast-service restaurant,value-oriented trade area,MEM_compstore_restaurants.csv
38017,38017,Collierville,TN,Shelby,35.06722,-89.65347,55570.0,2.83,267.7,RURAL,131354,adult,3.716008137516565,1590.0,31577.0,74.0,9,Premium Dining Market,Health-oriented restaurant,higher-income trade area,MEM_compstore_restaurants.csv
38134,38134,Memphis,TN,Shelby,35.17674,-89.85992,42789.0,2.67,913.5,RURAL,57630,millennial,-2.9683885890516577,1590.0,31577.0,90.0,0,Social Dining Market,Wings-focused restaurant,mid-market trade area,MEM_compstore_restaurants.csv
38654,38654,Olive Branch,MS,DeSoto,34.93635,-89.82409,56449.0,2.73,243.5,RURAL,96145,millennial,10.70602078838988,351.0,8323.0,98.0,9,Premium Dining Market,Seafood-focused restaurant,higher-income trade area,MEM_compstore_restaurants.csv
38117,38117,Memphis,TN,Shelby,35.11504,-89.90551,26430.0,2.29,1059.9,SUBURBAN,91680,adult,0.6627056672760512,1590.0,31577.0,84.0,4,Premium Dining Market,Chicken-focused restaurant,higher-income trade area,MEM_compstore_restaurants.csv
38134,38134,Memphis,TN,Shelby,35.17674,-89.85992,42789.0,2.67,913.5,RURAL,57630,millennial,-2.9683885890516577,1590.0,31577.0,90.0,0,Social Dining Market,Health-oriented restaurant,mid-market trade area,MEM_compstore_restaurants.csv
72335,72335,Forrest City,AR,St. Francis,34.99042,-90.75645,16320.0,2.49,39.8,RURAL,40237,millennial,-16.406290016903142,26.0,369.0,13.0,3,Family Value Market,Wings-focused restaurant,value-oriented trade area,MEM_compstore_restaurants.csv
38654,38654,Olive Branch,MS,DeSoto,34.93635,-89.82409,56449.0,2.73,243.5,RURAL,96145,millennial,10.70602078838988,351.0,8323.0,98.0,9,Premium Dining Market,Wings-focused restaurant,higher-income trade area,MEM_compstore_restaurants.csv
38016,38016,Cordova,TN,Shelby,35.17956,-89.76046,46394.0,2.49,940.8,RURAL,72749,millennial,0.23549746138057684,1590.0,31577.0,83.0,4,Premium Dining Market,Asian cuisine restaurant,higher-income trade area,MEM_compstore_restaurants.csv
72301,72301,West Memphis,AR,Crittenden,35.13363,-90.17883,24404.0,2.47,313.2,RURAL,41022,millennial,-1.4895248859645582,66.0,1111.0,37.0,3,Family Value Market,Wings-focused restaurant,value-oriented trade area,MEM_compstore_restaurants.csv
38116,38116,Memphis,TN,Shelby,35.03213,-90.01001,40212.0,2.61,787.7,RURAL,42354,millennial,-0.5785491766800178,1590.0,31577.0,70.0,8,Social Dining Market,Wings-focused restaurant,value-oriented trade area,MEM_compstore_restaurants.csv
38654,38654,Olive Branch,MS,DeSoto,34.93635,-89.82409,56449.0,2.73,243.5,RURAL,96145,millennial,10.70602078838988,351.0,8323.0,98.0,9,Premium Dining Market,Wings-focused restaurant,higher-income trade area,MEM_compstore_restaurants.csv
72396,72396,Wynne,AR,Cross,35.22966,-90.83559,12771.0,2.53,20.3,RURAL,51644,adult,-1.3136542771037787,24.0,341.0,13.0,11,Healthy Lifestyle Market,Fast-service restaurant,mid-market trade area,MEM_compstore_restaurants.csv
38122,38122,Memphis,TN,Shelby,35.1571,-89.92247,24014.0,2.67,1473.8,SUBURBAN,45065,millennial,-5.901253918495298,1590.0,31577.0,56.0,0,Social Dining Market,Health-oriented restaurant,value-oriented trade area,MEM_compstore_restaurants.csv
38116,38116,Memphis,TN,Shelby,35.03213,-90.01001,40212.0,2.61,787.7,RURAL,42354,millennial,-0.5785491766800178,1590.0,31577.0,70.0,8,Social Dining Market,General restaurant,value-oriented trade area,MEM_compstore_restaurants.csv
38118,38118,Memphis,TN,Shelby,35.03655,-89.93021,39373.0,2.97,495.6,RURAL,41830,young,1.0263515767326097,1590.0,31577.0,54.0,8,Social Dining Market,Fast-service restaurant,value-oriented trade area,MEM_compstore_restaurants.csv
38116,38116,Memphis,TN,Shelby,35.03213,-90.01001,40212.0,2.61,787.7,RURAL,42354,millennial,-0.5785491766800178,1590.0,31577.0,70.0,8,Social Dining Market,Health-oriented restaurant,value-oriented trade area,MEM_compstore_restaurants.csv
38122,38122,Memphis,TN,Shelby,35.1571,-89.92247,24014.0,2.67,1473.8,SUBURBAN,45065,millennial,-5.901253918495298,1590.0,31577.0,56.0,0,Social Dining Market,Health-oriented restaurant,value-oriented trade area,MEM_compstore_restaurants.csv
38016,38016,Cordova,TN,Shelby,35.17956,-89.76046,46394.0,2.49,940.8,RURAL,72749,millennial,0.23549746138057684,1590.0,31577.0,83.0,4,Premium Dining Market,General restaurant,higher-income trade area,MEM_compstore_restaurants.csv
38138,38138,Germantown,TN,Shelby,35.08477,-89.7993,25465.0,2.52,819.5,RURAL,122627,adult,2.5326139474955713,1590.0,31577.0,82.0,4,Premium Dining Market,Beverage-led restaurant,higher-income trade area,MEM_compstore_restaurants.csv
38141,38141,Memphis,TN,Shelby,35.01599,-89.85472,23123.0,2.91,1184.3,SUBURBAN,67584,millennial,4.110760918505178,1590.0,31577.0,20.0,5,Social Dining Market,Wings-focused restaurant,mid-market trade area,MEM_compstore_restaurants.csv
38122,38122,Memphis,TN,Shelby,35.1571,-89.92247,24014.0,2.67,1473.8,SUBURBAN,45065,millennial,-5.901253918495298,1590.0,31577.0,56.0,0,Social Dining Market,Mexican cuisine restaurant,value-oriented trade area,MEM_compstore_restaurants.csv
38116,38116,Memphis,TN,Shelby,35.03213,-90.01001,40212.0,2.61,787.7,RURAL,42354,millennial,-0.5785491766800178,1590.0,31577.0,70.0,8,Social Dining Market,General restaurant,value-oriented trade area,MEM_compstore_restaurants.csv
38019,38019,Covington,TN,Tipton,35.56114,-89.6304,15466.0,2.55,43.3,RURAL,57124,millennial,-2.262386248736097,70.0,1131.0,23.0,1,Premium Dining Market,General restaurant,mid-market trade area,MEM_compstore_restaurants.csv
38133,38133,Memphis,TN,Shelby,35.21292,-89.79474,21383.0,2.69,632.7,RURAL,74775,millennial,0.3519804768162193,1590.0,31577.0,85.0,9,Premium Dining Market,General restaurant,higher-income trade area,MEM_compstore_restaurants.csv
72301,72301,West Memphis,AR,Crittenden,35.13363,-90.17883,24404.0,2.47,313.2,RURAL,41022,millennial,-1.4895248859645582,66.0,1111.0,37.0,3,Family Value Market,Fast-service restaurant,value-oriented trade area,MEM_compstore_restaurants.csv
38002,38002,Arlington,TN,Shelby,35.28854,-89.70926,42797.0,2.86,145.7,RURAL,109364,adult,5.297214841058951,1590.0,31577.0,59.0,9,Premium Dining Market,Chicken-focused restaurant,higher-income trade area,MEM_compstore_restaurants.csv
38672,38672,Southaven,MS,DeSoto,34.93727,-89.94943,15602.0,2.94,487.4,RURAL,103692,millennial,15.467732386027237,351.0,8323.0,37.0,4,Premium Dining Market,Fast-service restaurant,higher-income trade area,MEM_compstore_restaurants.csv
38119,38119,Memphis,TN,Shelby,35.07986,-89.84593,22990.0,2.31,1027.6,SUBURBAN,92500,adult,-2.1327316844749054,1590.0,31577.0,63.0,4,Premium Dining Market,Wings-focused restaurant,higher-income trade area,MEM_compstore_restaurants.csv
38116,38116,Memphis,TN,Shelby,35.03213,-90.01001,40212.0,2.61,787.7,RURAL,42354,millennial,-0.5785491766800178,1590.0,31577.0,70.0,8,Social Dining Market,Wings-focused restaurant,value-oriented trade area,MEM_compstore_restaurants.csv
38104,38104,Memphis,TN,Shelby,35.13253,-90.00435,23408.0,1.76,1764.8,SUBURBAN,53351,millennial,-0.7883360176316013,1590.0,31577.0,112.0,0,Social Dining Market,Wings-focused restaurant,mid-market trade area,MEM_compstore_restaurants.csv
38128,38128,Memphis,TN,Shelby,35.22623,-89.92612,44400.0,2.78,688.7,RURAL,40497,millennial,-1.9975720119192142,1590.0,31577.0,43.0,8,Social Dining Market,Wings-focused restaurant,value-oriented trade area,MEM_compstore_restaurants.csv
38122,38122,Memphis,TN,Shelby,35.1571,-89.92247,24014.0,2.67,1473.8,SUBURBAN,45065,millennial,-5.901253918495298,1590.0,31577.0,56.0,0,Social Dining Market,Wings-focused restaurant,value-oriented trade area,MEM_compstore_restaurants.csv
38104,38104,Memphis,TN,Shelby,35.13253,-90.00435,23408.0,1.76,1764.8,SUBURBAN,53351,millennial,-0.7883360176316013,1590.0,31577.0,112.0,0,Social Dining Market,Wings-focused restaurant,mid-market trade area,MEM_compstore_restaurants.csv
38635,38635,Holly Springs,MS,Marshall,34.7677,-89.47896,15608.0,2.58,17.4,RURAL,55723,millennial,0.0,32.0,405.0,10.0,0,Social Dining Market,Wings-focused restaurant,mid-market trade area,MEM_compstore_restaurants.csv
38119,38119,Memphis,TN,Shelby,35.07986,-89.84593,22990.0,2.31,1027.6,SUBURBAN,92500,adult,-2.1327316844749054,1590.0,31577.0,63.0,4,Premium Dining Market,Mexican cuisine restaurant,higher-income trade area,MEM_compstore_restaurants.csv
38654,38654,Olive Branch,MS,DeSoto,34.93635,-89.82409,56449.0,2.73,243.5,RURAL,96145,millennial,10.70602078838988,351.0,8323.0,98.0,9,Premium Dining Market,Fast-service restaurant,higher-income trade area,MEM_compstore_restaurants.csv
38117,38117,Memphis,TN,Shelby,35.11504,-89.90551,26430.0,2.29,1059.9,SUBURBAN,91680,adult,0.6627056672760512,1590.0,31577.0,84.0,4,Premium Dining Market,Seafood-focused restaurant,higher-income trade area,MEM_compstore_restaurants.csv
38126,38126,Memphis,TN,Shelby,35.12695,-90.04378,6034.0,2.21,1235.7,SUBURBAN,19844,young,2.8464291801602184,1590.0,31577.0,7.0,3,Family Value Market,General restaurant,value-oriented trade area,MEM_compstore_restaurants.csv
38103,38103,Memphis,TN,Shelby,35.15308,-90.05518,13981.0,1.53,2115.1,SUBURBAN,89851,millennial,-0.40604074654509187,1590.0,31577.0,91.0,4,Premium Dining Market,Mexican cuisine restaurant,higher-income trade area,MEM_compstore_restaurants.csv
38109,38109,Memphis,TN,Shelby,35.0341,-90.13533,45204.0,2.7,274.5,RURAL,35018,millennial,2.5987879888331555,1590.0,31577.0,23.0,3,Family Value Market,General restaurant,value-oriented trade area,MEM_compstore_restaurants.csv
38016,38016,Cordova,TN,Shelby,35.17956,-89.76046,46394.0,2.49,940.8,RURAL,72749,millennial,0.23549746138057684,1590.0,31577.0,83.0,4,Premium Dining Market,Wings-focused restaurant,higher-income trade area,MEM_compstore_restaurants.csv
38016,38016,Cordova,TN,Shelby,35.17956,-89.76046,46394.0,2.49,940.8,RURAL,72749,millennial,0.23549746138057684,1590.0,31577.0,83.0,4,Premium Dining Market,Health-oriented restaurant,higher-income trade area,MEM_compstore_restaurants.csv
38141,38141,Memphis,TN,Shelby,35.01599,-89.85472,23123.0,2.91,1184.3,SUBURBAN,67584,millennial,4.110760918505178,1590.0,31577.0,20.0,5,Social Dining Market,Seafood-focused restaurant,mid-market trade area,MEM_compstore_restaurants.csv
38118,38118,Memphis,TN,Shelby,35.03655,-89.93021,39373.0,2.97,495.6,RURAL,41830,young,1.0263515767326097,1590.0,31577.0,54.0,8,Social Dining Market,Mexican cuisine restaurant,value-oriented trade area,MEM_compstore_restaurants.csv
38106,38106,Memphis,TN,Shelby,35.10067,-90.0375,23140.0,2.44,778.4,RURAL,29098,adult,-7.001044932079415,1590.0,31577.0,22.0,3,Family Value Market,General restaurant,value-oriented trade area,MEM_compstore_restaurants.csv
38119,38119,Memphis,TN,Shelby,35.07986,-89.84593,22990.0,2.31,1027.6,SUBURBAN,92500,adult,-2.1327316844749054,1590.0,31577.0,63.0,4,Premium Dining Market,Health-oriented restaurant,higher-income trade area,MEM_compstore_restaurants.csv
38654,38654,Olive Branch,MS,DeSoto,34.93635,-89.82409,56449.0,2.73,243.5,RURAL,96145,millennial,10.70602078838988,351.0,8323.0,98.0,9,Premium Dining Market,Health-oriented restaurant,higher-income trade area,MEM_compstore_restaurants.csv
38138,38138,Germantown,TN,Shelby,35.08477,-89.7993,25465.0,2.52,819.5,RURAL,122627,adult,2.5326139474955713,1590.0,31577.0,82.0,4,Premium Dining Market,Mexican cuisine restaurant,higher-income trade area,MEM_compstore_restaurants.csv
38119,38119,Memphis,TN,Shelby,35.07986,-89.84593,22990.0,2.31,1027.6,SUBURBAN,92500,adult,-2.1327316844749054,1590.0,31577.0,63.0,4,Premium Dining Market,Mexican cuisine restaurant,higher-income trade area,MEM_compstore_restaurants.csv
38111,38111,Memphis,TN,Shelby,35.11014,-89.94429,42322.0,2.35,1656.5,SUBURBAN,50151,millennial,-3.833306823604263,1590.0,31577.0,79.0,0,Social Dining Market,Health-oriented restaurant,mid-market trade area,MEM_compstore_restaurants.csv
38018,38018,Cordova,TN,Shelby,35.13781,-89.76647,38338.0,2.71,797.3,RURAL,82355,millennial,2.837982832618026,1590.0,31577.0,82.0,9,Premium Dining Market,Health-oriented restaurant,higher-income trade area,MEM_compstore_restaurants.csv
38107,38107,Memphis,TN,Shelby,35.17054,-90.02397,14509.0,2.21,985.8,RURAL,34325,millennial,-13.130164052209317,1590.0,31577.0,15.0,11,Healthy Lifestyle Market,General restaurant,value-oriented trade area,MEM_compstore_restaurants.csv
38018,38018,Cordova,TN,Shelby,35.13781,-89.76647,38338.0,2.71,797.3,RURAL,82355,millennial,2.837982832618026,1590.0,31577.0,82.0,9,Premium Dining Market,General restaurant,higher-income trade area,MEM_compstore_restaurants.csv
38115,38115,Memphis,TN,Shelby,35.05499,-89.86362,36574.0,2.25,1731.5,SUBURBAN,39176,young,-11.693266050172635,1590.0,31577.0,65.0,8,Social Dining Market,General restaurant,value-oriented trade area,MEM_compstore_restaurants.csv
38112,38112,Memphis,TN,Shelby,35.14791,-89.97661,16334.0,2.25,1350.5,SUBURBAN,49560,millennial,-3.1427893738140416,1590.0,31577.0,28.0,0,Social Dining Market,Beverage-led restaurant,mid-market trade area,MEM_compstore_restaurants.csv
38138,38138,Germantown,TN,Shelby,35.08477,-89.7993,25465.0,2.52,819.5,RURAL,122627,adult,2.5326139474955713,1590.0,31577.0,82.0,4,Premium Dining Market,Wings-focused restaurant,higher-income trade area,MEM_compstore_restaurants.csv
38117,38117,Memphis,TN,Shelby,35.11504,-89.90551,26430.0,2.29,1059.9,SUBURBAN,91680,adult,0.6627056672760512,1590.0,31577.0,84.0,4,Premium Dining Market,General restaurant,higher-income trade area,MEM_compstore_restaurants.csv
38104,38104,Memphis,TN,Shelby,35.13253,-90.00435,23408.0,1.76,1764.8,SUBURBAN,53351,millennial,-0.7883360176316013,1590.0,31577.0,112.0,0,Social Dining Market,Seafood-focused restaurant,mid-market trade area,MEM_compstore_restaurants.csv
38116,38116,Memphis,TN,Shelby,35.03213,-90.01001,40212.0,2.61,787.7,RURAL,42354,millennial,-0.5785491766800178,1590.0,31577.0,70.0,8,Social Dining Market,Fast-service restaurant,value-oriented trade area,MEM_compstore_restaurants.csv
38133,38133,Memphis,TN,Shelby,35.21292,-89.79474,21383.0,2.69,632.7,RURAL,74775,millennial,0.3519804768162193,1590.0,31577.0,85.0,9,Premium Dining Market,Seafood-focused restaurant,higher-income trade area,MEM_compstore_restaurants.csv
38017,38017,Collierville,TN,Shelby,35.06722,-89.65347,55570.0,2.83,267.7,RURAL,131354,adult,3.716008137516565,1590.0,31577.0,74.0,9,Premium Dining Market,Fast-service restaurant,higher-income trade area,MEM_compstore_restaurants.csv
72301,72301,West Memphis,AR,Crittenden,35.13363,-90.17883,24404.0,2.47,313.2,RURAL,41022,millennial,-1.4895248859645582,66.0,1111.0,37.0,3,Family Value Market,General restaurant,value-oriented trade area,MEM_compstore_restaurants.csv
38104,38104,Memphis,TN,Shelby,35.13253,-90.00435,23408.0,1.76,1764.8,SUBURBAN,53351,millennial,-0.7883360176316013,1590.0,31577.0,112.0,0,Social Dining Market,Beverage-led restaurant,mid-market trade area,MEM_compstore_restaurants.csv
38112,38112,Memphis,TN,Shelby,35.14791,-89.97661,16334.0,2.25,1350.5,SUBURBAN,49560,millennial,-3.1427893738140416,1590.0,31577.0,28.0,0,Social Dining Market,Beverage-led restaurant,mid-market trade area,MEM_compstore_restaurants.csv
38103,38103,Memphis,TN,Shelby,35.15308,-90.05518,13981.0,1.53,2115.1,SUBURBAN,89851,millennial,-0.40604074654509187,1590.0,31577.0,91.0,4,Premium Dining Market,Asian cuisine restaurant,higher-income trade area,MEM_compstore_restaurants.csv
38654,38654,Olive Branch,MS,DeSoto,34.93635,-89.82409,56449.0,2.73,243.5,RURAL,96145,millennial,10.70602078838988,351.0,8323.0,98.0,9,Premium Dining Market,Fast-service restaurant,higher-income trade area,MEM_compstore_restaurants.csv
38104,38104,Memphis,TN,Shelby,35.13253,-90.00435,23408.0,1.76,1764.8,SUBURBAN,53351,millennial,-0.7883360176316013,1590.0,31577.0,112.0,0,Social Dining Market,Beverage-led restaurant,mid-market trade area,MEM_compstore_restaurants.csv
38002,38002,Arlington,TN,Shelby,35.28854,-89.70926,42797.0,2.86,145.7,RURAL,109364,adult,5.297214841058951,1590.0,31577.0,59.0,9,Premium Dining Market,Fast-service restaurant,higher-income trade area,MEM_compstore_restaurants.csv
38122,38122,Memphis,TN,Shelby,35.1571,-89.92247,24014.0,2.67,1473.8,SUBURBAN,45065,millennial,-5.901253918495298,1590.0,31577.0,56.0,0,Social Dining Market,Health-oriented restaurant,value-oriented trade area,MEM_compstore_restaurants.csv
38018,38018,Cordova,TN,Shelby,35.13781,-89.76647,38338.0,2.71,797.3,RURAL,82355,millennial,2.837982832618026,1590.0,31577.0,82.0,9,Premium Dining Market,General restaurant,higher-income trade area,MEM_compstore_restaurants.csv
38103,38103,Memphis,TN,Shelby,35.15308,-90.05518,13981.0,1.53,2115.1,SUBURBAN,89851,millennial,-0.40604074654509187,1590.0,31577.0,91.0,4,Premium Dining Market,Seafood-focused restaurant,higher-income trade area,MEM_compstore_restaurants.csv
38002,38002,Arlington,TN,Shelby,35.28854,-89.70926,42797.0,2.86,145.7,RURAL,109364,adult,5.297214841058951,1590.0,31577.0,59.0,9,Premium Dining Market,Asian cuisine restaurant,higher-income trade area,MEM_compstore_restaurants.csv
38060,38060,Oakland,TN,Fayette,35.21214,-89.50468,11713.0,2.56,108.0,RURAL,80478,adult,21.37823834196891,33.0,417.0,22.0,1,Premium Dining Market,Wings-focused restaurant,higher-income trade area,MEM_compstore_restaurants.csv
38019,38019,Covington,TN,Tipton,35.56114,-89.6304,15466.0,2.55,43.3,RURAL,57124,millennial,-2.262386248736097,70.0,1131.0,23.0,1,Premium Dining Market,Seafood-focused restaurant,mid-market trade area,MEM_compstore_restaurants.csv
38654,38654,Olive Branch,MS,DeSoto,34.93635,-89.82409,56449.0,2.73,243.5,RURAL,96145,millennial,10.70602078838988,351.0,8323.0,98.0,9,Premium Dining Market,Fast-service restaurant,higher-income trade area,MEM_compstore_restaurants.csv
38654,38654,Olive Branch,MS,DeSoto,34.93635,-89.82409,56449.0,2.73,243.5,RURAL,96145,millennial,10.70602078838988,351.0,8323.0,98.0,9,Premium Dining Market,Fast-service restaurant,higher-income trade area,MEM_compstore_restaurants.csv
38664,38664,Robinsonville,MS,Tunica,34.80434,-90.33217,3292.0,2.8,13.5,RURAL,45133,young,3.9141414141414144,19.0,339.0,8.0,1,Premium Dining Market,Beverage-led restaurant,mid-market trade area,MEM_compstore_restaurants.csv
38103,38103,Memphis,TN,Shelby,35.15308,-90.05518,13981.0,1.53,2115.1,SUBURBAN,89851,millennial,-0.40604074654509187,1590.0,31577.0,91.0,4,Premium Dining Market,Beverage-led restaurant,higher-income trade area,MEM_compstore_restaurants.csv
38104,38104,Memphis,TN,Shelby,35.13253,-90.00435,23408.0,1.76,1764.8,SUBURBAN,53351,millennial,-0.7883360176316013,1590.0,31577.0,112.0,0,Social Dining Market,Fast-service restaurant,mid-market trade area,MEM_compstore_restaurants.csv
38114,38114,Memphis,TN,Shelby,35.09648,-89.98596,22112.0,2.2,1031.6,SUBURBAN,29492,adult,-16.545893719806763,1590.0,31577.0,19.0,3,Family Value Market,General restaurant,value-oriented trade area,MEM_compstore_restaurants.csv
38109,38109,Memphis,TN,Shelby,35.0341,-90.13533,45204.0,2.7,274.5,RURAL,35018,millennial,2.5987879888331555,1590.0,31577.0,23.0,3,Family Value Market,Wings-focused restaurant,value-oriented trade area,MEM_compstore_restaurants.csv
38138,38138,Germantown,TN,Shelby,35.08477,-89.7993,25465.0,2.52,819.5,RURAL,122627,adult,2.5326139474955713,1590.0,31577.0,82.0,4,Premium Dining Market,Asian cuisine restaurant,higher-income trade area,MEM_compstore_restaurants.csv
38654,38654,Olive Branch,MS,DeSoto,34.93635,-89.82409,56449.0,2.73,243.5,RURAL,96145,millennial,10.70602078838988,351.0,8323.0,98.0,9,Premium Dining Market,Fast-service restaurant,higher-income trade area,MEM_compstore_restaurants.csv
38134,38134,Memphis,TN,Shelby,35.17674,-89.85992,42789.0,2.67,913.5,RURAL,57630,millennial,-2.9683885890516577,1590.0,31577.0,90.0,0,Social Dining Market,Fast-service restaurant,mid-market trade area,MEM_compstore_restaurants.csv
38671,38671,Southaven,MS,DeSoto,34.96376,-89.99567,37288.0,2.61,648.3,RURAL,58854,millennial,1.8102389078498295,351.0,8323.0,83.0,0,Social Dining Market,Wings-focused restaurant,mid-market trade area,MEM_compstore_restaurants.csv
38133,38133,Memphis,TN,Shelby,35.21292,-89.79474,21383.0,2.69,632.7,RURAL,74775,millennial,0.3519804768162193,1590.0,31577.0,85.0,9,Premium Dining Market,Wings-focused restaurant,higher-income trade area,MEM_compstore_restaurants.csv
38017,38017,Collierville,TN,Shelby,35.06722,-89.65347,55570.0,2.83,267.7,RURAL,131354,adult,3.716008137516565,1590.0,31577.0,74.0,9,Premium Dining Market,Fast-service restaurant,higher-income trade area,MEM_compstore_restaurants.csv
38114,38114,Memphis,TN,Shelby,35.09648,-89.98596,22112.0,2.2,1031.6,SUBURBAN,29492,adult,-16.545893719806763,1590.0,31577.0,19.0,3,Family Value Market,Wings-focused restaurant,value-oriented trade area,MEM_compstore_restaurants.csv
38139,38139,Germantown,TN,Shelby,35.08615,-89.75581,16627.0,2.85,730.4,RURAL,174396,adult,3.7890137328339577,1590.0,31577.0,17.0,13,Social Dining Market,Health-oriented restaurant,higher-income trade area,MEM_compstore_restaurants.csv
38111,38111,Memphis,TN,Shelby,35.11014,-89.94429,42322.0,2.35,1656.5,SUBURBAN,50151,millennial,-3.833306823604263,1590.0,31577.0,79.0,0,Social Dining Market,Mexican cuisine restaurant,mid-market trade area,MEM_compstore_restaurants.csv
38111,38111,Memphis,TN,Shelby,35.11014,-89.94429,42322.0,2.35,1656.5,SUBURBAN,50151,millennial,-3.833306823604263,1590.0,31577.0,79.0,0,Social Dining Market,General restaurant,mid-market trade area,MEM_compstore_restaurants.csv
38637,38637,Horn Lake,MS,DeSoto,34.95105,-90.05004,26652.0,2.66,649.4,RURAL,57111,millennial,-1.2852327863994963,351.0,8323.0,44.0,0,Social Dining Market,Fast-service restaurant,mid-market trade area,MEM_compstore_restaurants.csv
38125,38125,Memphis,TN,Shelby,35.02537,-89.78936,43305.0,2.8,875.1,RURAL,80116,millennial,16.983629585607,1590.0,31577.0,50.0,9,Premium Dining Market,Wings-focused restaurant,higher-income trade area,MEM_compstore_restaurants.csv
38632,38632,Hernando,MS,DeSoto,34.79973,-90.00629,29491.0,2.69,74.7,RURAL,80956,millennial,9.864769213575233,351.0,8323.0,28.0,5,Social Dining Market,Wings-focused restaurant,higher-income trade area,MEM_compstore_restaurants.csv
72301,72301,West Memphis,AR,Crittenden,35.13363,-90.17883,24404.0,2.47,313.2,RURAL,41022,millennial,-1.4895248859645582,66.0,1111.0,37.0,3,Family Value Market,Wings-focused restaurant,value-oriented trade area,MEM_compstore_restaurants.csv
38134,38134,Memphis,TN,Shelby,35.17674,-89.85992,42789.0,2.67,913.5,RURAL,57630,millennial,-2.9683885890516577,1590.0,31577.0,90.0,0,Social Dining Market,Beverage-led restaurant,mid-market trade area,MEM_compstore_restaurants.csv
38138,38138,Germantown,TN,Shelby,35.08477,-89.7993,25465.0,2.52,819.5,RURAL,122627,adult,2.5326139474955713,1590.0,31577.0,82.0,4,Premium Dining Market,General restaurant,higher-income trade area,MEM_compstore_restaurants.csv
38112,38112,Memphis,TN,Shelby,35.14791,-89.97661,16334.0,2.25,1350.5,SUBURBAN,49560,millennial,-3.1427893738140416,1590.0,31577.0,28.0,0,Social Dining Market,Fast-service restaurant,mid-market trade area,MEM_compstore_restaurants.csv
38133,38133,Memphis,TN,Shelby,35.21292,-89.79474,21383.0,2.69,632.7,RURAL,74775,millennial,0.3519804768162193,1590.0,31577.0,85.0,9,Premium Dining Market,Health-oriented restaurant,higher-income trade area,MEM_compstore_restaurants.csv
38108,38108,Memphis,TN,Shelby,35.1763,-89.96382,17629.0,2.67,892.7,RURAL,29757,millennial,-0.09067724567866252,1590.0,31577.0,10.0,3,Family Value Market,Fast-service restaurant,value-oriented trade area,MEM_compstore_restaurants.csv
38017,38017,Collierville,TN,Shelby,35.06722,-89.65347,55570.0,2.83,267.7,RURAL,131354,adult,3.716008137516565,1590.0,31577.0,74.0,9,Premium Dining Market,General restaurant,higher-income trade area,MEM_compstore_restaurants.csv
38103,38103,Memphis,TN,Shelby,35.15308,-90.05518,13981.0,1.53,2115.1,SUBURBAN,89851,millennial,-0.40604074654509187,1590.0,31577.0,91.0,4,Premium Dining Market,Chicken-focused restaurant,higher-income trade area,MEM_compstore_restaurants.csv
38654,38654,Olive Branch,MS,DeSoto,34.93635,-89.82409,56449.0,2.73,243.5,RURAL,96145,millennial,10.70602078838988,351.0,8323.0,98.0,9,Premium Dining Market,Chicken-focused restaurant,higher-income trade area,MEM_compstore_restaurants.csv
38128,38128,Memphis,TN,Shelby,35.22623,-89.92612,44400.0,2.78,688.7,RURAL,40497,millennial,-1.9975720119192142,1590.0,31577.0,43.0,8,Social Dining Market,General restaurant,value-oriented trade area,MEM_compstore_restaurants.csv
38112,38112,Memphis,TN,Shelby,35.14791,-89.97661,16334.0,2.25,1350.5,SUBURBAN,49560,millennial,-3.1427893738140416,1590.0,31577.0,28.0,0,Social Dining Market,Wings-focused restaurant,mid-market trade area,MEM_compstore_restaurants.csv
38116,38116,Memphis,TN,Shelby,35.03213,-90.01001,40212.0,2.61,787.7,RURAL,42354,millennial,-0.5785491766800178,1590.0,31577.0,70.0,8,Social Dining Market,Wings-focused restaurant,value-oriented trade area,MEM_compstore_restaurants.csv
38654,38654,Olive Branch,MS,DeSoto,34.93635,-89.82409,56449.0,2.73,243.5,RURAL,96145,millennial,10.70602078838988,351.0,8323.0,98.0,9,Premium Dining Market,Health-oriented restaurant,higher-income trade area,MEM_compstore_restaurants.csv
38108,38108,Memphis,TN,Shelby,35.1763,-89.96382,17629.0,2.67,892.7,RURAL,29757,millennial,-0.09067724567866252,1590.0,31577.0,10.0,3,Family Value Market,General restaurant,value-oriented trade area,MEM_compstore_restaurants.csv
38117,38117,Memphis,TN,Shelby,35.11504,-89.90551,26430.0,2.29,1059.9,SUBURBAN,91680,adult,0.6627056672760512,1590.0,31577.0,84.0,4,Premium Dining Market,Fast-service restaurant,higher-income trade area,MEM_compstore_restaurants.csv
38103,38103,Memphis,TN,Shelby,35.15308,-90.05518,13981.0,1.53,2115.1,SUBURBAN,89851,millennial,-0.40604074654509187,1590.0,31577.0,91.0,4,Premium Dining Market,Health-oriented restaurant,higher-income trade area,MEM_compstore_restaurants.csv
38637,38637,Horn Lake,MS,DeSoto,34.95105,-90.05004,26652.0,2.66,649.4,RURAL,57111,millennial,-1.2852327863994963,351.0,8323.0,44.0,0,Social Dining Market,Wings-focused restaurant,mid-market trade area,MEM_compstore_restaurants.csv
38125,38125,Memphis,TN,Shelby,35.02537,-89.78936,43305.0,2.8,875.1,RURAL,80116,millennial,16.983629585607,1590.0,31577.0,50.0,9,Premium Dining Market,Asian cuisine restaurant,higher-income trade area,MEM_compstore_restaurants.csv
38122,38122,Memphis,TN,Shelby,35.1571,-89.92247,24014.0,2.67,1473.8,SUBURBAN,45065,millennial,-5.901253918495298,1590.0,31577.0,56.0,0,Social Dining Market,Wings-focused restaurant,value-oriented trade area,MEM_compstore_restaurants.csv
38116,38116,Memphis,TN,Shelby,35.03213,-90.01001,40212.0,2.61,787.7,RURAL,42354,millennial,-0.5785491766800178,1590.0,31577.0,70.0,8,Social Dining Market,Wings-focused restaurant,value-oriented trade area,MEM_compstore_restaurants.csv
38118,38118,Memphis,TN,Shelby,35.03655,-89.93021,39373.0,2.97,495.6,RURAL,41830,young,1.0263515767326097,1590.0,31577.0,54.0,8,Social Dining Market,Mexican cuisine restaurant,value-oriented trade area,MEM_compstore_restaurants.csv
38128,38128,Memphis,TN,Shelby,35.22623,-89.92612,44400.0,2.78,688.7,RURAL,40497,millennial,-1.9975720119192142,1590.0,31577.0,43.0,8,Social Dining Market,Wings-focused restaurant,value-oriented trade area,MEM_compstore_restaurants.csv
38117,38117,Memphis,TN,Shelby,35.11504,-89.90551,26430.0,2.29,1059.9,SUBURBAN,91680,adult,0.6627056672760512,1590.0,31577.0,84.0,4,Premium Dining Market,Wings-focused restaurant,higher-income trade area,MEM_compstore_restaurants.csv
38104,38104,Memphis,TN,Shelby,35.13253,-90.00435,23408.0,1.76,1764.8,SUBURBAN,53351,millennial,-0.7883360176316013,1590.0,31577.0,112.0,0,Social Dining Market,Health-oriented restaurant,mid-market trade area,MEM_compstore_restaurants.csv
38111,38111,Memphis,TN,Shelby,35.11014,-89.94429,42322.0,2.35,1656.5,SUBURBAN,50151,millennial,-3.833306823604263,1590.0,31577.0,79.0,0,Social Dining Market,Wings-focused restaurant,mid-market trade area,MEM_compstore_restaurants.csv
38654,38654,Olive Branch,MS,DeSoto,34.93635,-89.82409,56449.0,2.73,243.5,RURAL,96145,millennial,10.70602078838988,351.0,8323.0,98.0,9,Premium Dining Market,Health-oriented restaurant,higher-income trade area,MEM_compstore_restaurants.csv
38671,38671,Southaven,MS,DeSoto,34.96376,-89.99567,37288.0,2.61,648.3,RURAL,58854,millennial,1.8102389078498295,351.0,8323.0,83.0,0,Social Dining Market,Wings-focused restaurant,mid-market trade area,MEM_compstore_restaurants.csv
38119,38119,Memphis,TN,Shelby,35.07986,-89.84593,22990.0,2.31,1027.6,SUBURBAN,92500,adult,-2.1327316844749054,1590.0,31577.0,63.0,4,Premium Dining Market,Asian cuisine restaurant,higher-income trade area,MEM_compstore_restaurants.csv
38103,38103,Memphis,TN,Shelby,35.15308,-90.05518,13981.0,1.53,2115.1,SUBURBAN,89851,millennial,-0.40604074654509187,1590.0,31577.0,91.0,4,Premium Dining Market,Health-oriented restaurant,higher-income trade area,MEM_compstore_restaurants.csv
38134,38134,Memphis,TN,Shelby,35.17674,-89.85992,42789.0,2.67,913.5,RURAL,57630,millennial,-2.9683885890516577,1590.0,31577.0,90.0,0,Social Dining Market,General restaurant,mid-market trade area,MEM_compstore_restaurants.csv
38127,38127,Memphis,TN,Shelby,35.23795,-90.01753,40565.0,2.89,404.3,RURAL,34781,millennial,-9.74122777740694,1590.0,31577.0,29.0,3,Family Value Market,Seafood-focused restaurant,value-oriented trade area,MEM_compstore_restaurants.csv
38105,38105,Memphis,TN,Shelby,35.1512,-90.03541,5215.0,1.56,1264.1,SUBURBAN,26250,adult,-19.719827586206897,1590.0,31577.0,16.0,0,Social Dining Market,Fast-service restaurant,value-oriented trade area,MEM_compstore_restaurants.csv
38115,38115,Memphis,TN,Shelby,35.05499,-89.86362,36574.0,2.25,1731.5,SUBURBAN,39176,young,-11.693266050172635,1590.0,31577.0,65.0,8,Social Dining Market,General restaurant,value-oriented trade area,MEM_compstore_restaurants.csv
38004,38004,Atoka,TN,Tipton,35.41909,-89.76687,11604.0,2.68,169.4,RURAL,89396,millennial,11.298676385958181,70.0,1131.0,16.0,1,Premium Dining Market,General restaurant,higher-income trade area,MEM_compstore_restaurants.csv
38116,38116,Memphis,TN,Shelby,35.03213,-90.01001,40212.0,2.61,787.7,RURAL,42354,millennial,-0.5785491766800178,1590.0,31577.0,70.0,8,Social Dining Market,Health-oriented restaurant,value-oriented trade area,MEM_compstore_restaurants.csv
38105,38105,Memphis,TN,Shelby,35.1512,-90.03541,5215.0,1.56,1264.1,SUBURBAN,26250,adult,-19.719827586206897,1590.0,31577.0,16.0,0,Social Dining Market,Health-oriented restaurant,value-oriented trade area,MEM_compstore_restaurants.csv
72301,72301,West Memphis,AR,Crittenden,35.13363,-90.17883,24404.0,2.47,313.2,RURAL,41022,millennial,-1.4895248859645582,66.0,1111.0,37.0,3,Family Value Market,Health-oriented restaurant,value-oriented trade area,MEM_compstore_restaurants.csv
38103,38103,Memphis,TN,Shelby,35.15308,-90.05518,13981.0,1.53,2115.1,SUBURBAN,89851,millennial,-0.40604074654509187,1590.0,31577.0,91.0,4,Premium Dining Market,Chicken-focused restaurant,higher-income trade area,MEM_compstore_restaurants.csv
38671,38671,Southaven,MS,DeSoto,34.96376,-89.99567,37288.0,2.61,648.3,RURAL,58854,millennial,1.8102389078498295,351.0,8323.0,83.0,0,Social Dining Market,Wings-focused restaurant,mid-market trade area,MEM_compstore_restaurants.csv
38133,38133,Memphis,TN,Shelby,35.21292,-89.79474,21383.0,2.69,632.7,RURAL,74775,millennial,0.3519804768162193,1590.0,31577.0,85.0,9,Premium Dining Market,General restaurant,higher-income trade area,MEM_compstore_restaurants.csv
38018,38018,Cordova,TN,Shelby,35.13781,-89.76647,38338.0,2.71,797.3,RURAL,82355,millennial,2.837982832618026,1590.0,31577.0,82.0,9,Premium Dining Market,General restaurant,higher-income trade area,MEM_compstore_restaurants.csv
38111,38111,Memphis,TN,Shelby,35.11014,-89.94429,42322.0,2.35,1656.5,SUBURBAN,50151,millennial,-3.833306823604263,1590.0,31577.0,79.0,0,Social Dining Market,Beverage-led restaurant,mid-market trade area,MEM_compstore_restaurants.csv
38111,38111,Memphis,TN,Shelby,35.11014,-89.94429,42322.0,2.35,1656.5,SUBURBAN,50151,millennial,-3.833306823604263,1590.0,31577.0,79.0,0,Social Dining Market,General restaurant,mid-market trade area,MEM_compstore_restaurants.csv
38115,38115,Memphis,TN,Shelby,35.05499,-89.86362,36574.0,2.25,1731.5,SUBURBAN,39176,young,-11.693266050172635,1590.0,31577.0,65.0,8,Social Dining Market,Mexican cuisine restaurant,value-oriented trade area,MEM_compstore_restaurants.csv
38134,38134,Memphis,TN,Shelby,35.17674,-89.85992,42789.0,2.67,913.5,RURAL,57630,millennial,-2.9683885890516577,1590.0,31577.0,90.0,0,Social Dining Market,Fast-service restaurant,mid-market trade area,MEM_compstore_restaurants.csv
38632,38632,Hernando,MS,DeSoto,34.79973,-90.00629,29491.0,2.69,74.7,RURAL,80956,millennial,9.864769213575233,351.0,8323.0,28.0,5,Social Dining Market,General restaurant,higher-income trade area,MEM_compstore_restaurants.csv
38116,38116,Memphis,TN,Shelby,35.03213,-90.01001,40212.0,2.61,787.7,RURAL,42354,millennial,-0.5785491766800178,1590.0,31577.0,70.0,8,Social Dining Market,General restaurant,value-oriented trade area,MEM_compstore_restaurants.csv
38053,38053,Millington,TN,Shelby,35.33583,-89.95,25556.0,2.63,60.2,RURAL,57012,adult,-3.827193015466827,1590.0,31577.0,41.0,0,Social Dining Market,General restaurant,mid-market trade area,MEM_compstore_restaurants.csv
38119,38119,Memphis,TN,Shelby,35.07986,-89.84593,22990.0,2.31,1027.6,SUBURBAN,92500,adult,-2.1327316844749054,1590.0,31577.0,63.0,4,Premium Dining Market,General restaurant,higher-income trade area,MEM_compstore_restaurants.csv
38141,38141,Memphis,TN,Shelby,35.01599,-89.85472,23123.0,2.91,1184.3,SUBURBAN,67584,millennial,4.110760918505178,1590.0,31577.0,20.0,5,Social Dining Market,Fast-service restaurant,mid-market trade area,MEM_compstore_restaurants.csv
38133,38133,Memphis,TN,Shelby,35.21292,-89.79474,21383.0,2.69,632.7,RURAL,74775,millennial,0.3519804768162193,1590.0,31577.0,85.0,9,Premium Dining Market,Chicken-focused restaurant,higher-income trade area,MEM_compstore_restaurants.csv
72364,72364,Marion,AR,Crittenden,35.2126,-90.18573,16314.0,2.68,77.4,RURAL,73762,millennial,2.391263415552627,66.0,1111.0,19.0,5,Social Dining Market,Wings-focused restaurant,higher-income trade area,MEM_compstore_restaurants.csv
38017,38017,Collierville,TN,Shelby,35.06722,-89.65347,55570.0,2.83,267.7,RURAL,131354,adult,3.716008137516565,1590.0,31577.0,74.0,9,Premium Dining Market,General restaurant,higher-income trade area,MEM_compstore_restaurants.csv
38115,38115,Memphis,TN,Shelby,35.05499,-89.86362,36574.0,2.25,1731.5,SUBURBAN,39176,young,-11.693266050172635,1590.0,31577.0,65.0,8,Social Dining Market,Seafood-focused restaurant,value-oriented trade area,MEM_compstore_restaurants.csv
38112,38112,Memphis,TN,Shelby,35.14791,-89.97661,16334.0,2.25,1350.5,SUBURBAN,49560,millennial,-3.1427893738140416,1590.0,31577.0,28.0,0,Social Dining Market,General restaurant,mid-market trade area,MEM_compstore_restaurants.csv
38125,38125,Memphis,TN,Shelby,35.02537,-89.78936,43305.0,2.8,875.1,RURAL,80116,millennial,16.983629585607,1590.0,31577.0,50.0,9,Premium Dining Market,Wings-focused restaurant,higher-income trade area,MEM_compstore_restaurants.csv
38103,38103,Memphis,TN,Shelby,35.15308,-90.05518,13981.0,1.53,2115.1,SUBURBAN,89851,millennial,-0.40604074654509187,1590.0,31577.0,91.0,4,Premium Dining Market,Mexican cuisine restaurant,higher-income trade area,MEM_compstore_restaurants.csv
38127,38127,Memphis,TN,Shelby,35.23795,-90.01753,40565.0,2.89,404.3,RURAL,34781,millennial,-9.74122777740694,1590.0,31577.0,29.0,3,Family Value Market,Asian cuisine restaurant,value-oriented trade area,MEM_compstore_restaurants.csv
38118,38118,Memphis,TN,Shelby,35.03655,-89.93021,39373.0,2.97,495.6,RURAL,41830,young,1.0263515767326097,1590.0,31577.0,54.0,8,Social Dining Market,Health-oriented restaurant,value-oriented trade area,MEM_compstore_restaurants.csv
38125,38125,Memphis,TN,Shelby,35.02537,-89.78936,43305.0,2.8,875.1,RURAL,80116,millennial,16.983629585607,1590.0,31577.0,50.0,9,Premium Dining Market,Asian cuisine restaurant,higher-income trade area,MEM_compstore_restaurants.csv
38018,38018,Cordova,TN,Shelby,35.13781,-89.76647,38338.0,2.71,797.3,RURAL,82355,millennial,2.837982832618026,1590.0,31577.0,82.0,9,Premium Dining Market,General restaurant,higher-income trade area,MEM_compstore_restaurants.csv
38122,38122,Memphis,TN,Shelby,35.1571,-89.92247,24014.0,2.67,1473.8,SUBURBAN,45065,millennial,-5.901253918495298,1590.0,31577.0,56.0,0,Social Dining Market,General restaurant,value-oriented trade area,MEM_compstore_restaurants.csv
38139,38139,Germantown,TN,Shelby,35.08615,-89.75581,16627.0,2.85,730.4,RURAL,174396,adult,3.7890137328339577,1590.0,31577.0,17.0,13,Social Dining Market,Beverage-led restaurant,higher-income trade area,MEM_compstore_restaurants.csv
38016,38016,Cordova,TN,Shelby,35.17956,-89.76046,46394.0,2.49,940.8,RURAL,72749,millennial,0.23549746138057684,1590.0,31577.0,83.0,4,Premium Dining Market,Asian cuisine restaurant,higher-income trade area,MEM_compstore_restaurants.csv
38127,38127,Memphis,TN,Shelby,35.23795,-90.01753,40565.0,2.89,404.3,RURAL,34781,millennial,-9.74122777740694,1590.0,31577.0,29.0,3,Family Value Market,Wings-focused restaurant,value-oriented trade area,MEM_compstore_restaurants.csv
38104,38104,Memphis,TN,Shelby,35.13253,-90.00435,23408.0,1.76,1764.8,SUBURBAN,53351,millennial,-0.7883360176316013,1590.0,31577.0,112.0,0,Social Dining Market,General restaurant,mid-market trade area,MEM_compstore_restaurants.csv
38133,38133,Memphis,TN,Shelby,35.21292,-89.79474,21383.0,2.69,632.7,RURAL,74775,millennial,0.3519804768162193,1590.0,31577.0,85.0,9,Premium Dining Market,General restaurant,higher-income trade area,MEM_compstore_restaurants.csv
38060,38060,Oakland,TN,Fayette,35.21214,-89.50468,11713.0,2.56,108.0,RURAL,80478,adult,21.37823834196891,33.0,417.0,22.0,1,Premium Dining Market,Mexican cuisine restaurant,higher-income trade area,MEM_compstore_restaurants.csv
38115,38115,Memphis,TN,Shelby,35.05499,-89.86362,36574.0,2.25,1731.5,SUBURBAN,39176,young,-11.693266050172635,1590.0,31577.0,65.0,8,Social Dining Market,Mexican cuisine restaurant,value-oriented trade area,MEM_compstore_restaurants.csv
38117,38117,Memphis,TN,Shelby,35.11504,-89.90551,26430.0,2.29,1059.9,SUBURBAN,91680,adult,0.6627056672760512,1590.0,31577.0,84.0,4,Premium Dining Market,General restaurant,higher-income trade area,MEM_compstore_restaurants.csv
38118,38118,Memphis,TN,Shelby,35.03655,-89.93021,39373.0,2.97,495.6,RURAL,41830,young,1.0263515767326097,1590.0,31577.0,54.0,8,Social Dining Market,Wings-focused restaurant,value-oriented trade area,MEM_compstore_restaurants.csv
38105,38105,Memphis,TN,Shelby,35.1512,-90.03541,5215.0,1.56,1264.1,SUBURBAN,26250,adult,-19.719827586206897,1590.0,31577.0,16.0,0,Social Dining Market,Beverage-led restaurant,value-oriented trade area,MEM_compstore_restaurants.csv
38103,38103,Memphis,TN,Shelby,35.15308,-90.05518,13981.0,1.53,2115.1,SUBURBAN,89851,millennial,-0.40604074654509187,1590.0,31577.0,91.0,4,Premium Dining Market,Beverage-led restaurant,higher-income trade area,MEM_compstore_restaurants.csv
38671,38671,Southaven,MS,DeSoto,34.96376,-89.99567,37288.0,2.61,648.3,RURAL,58854,millennial,1.8102389078498295,351.0,8323.0,83.0,0,Social Dining Market,Fast-service restaurant,mid-market trade area,MEM_compstore_restaurants.csv
38111,38111,Memphis,TN,Shelby,35.11014,-89.94429,42322.0,2.35,1656.5,SUBURBAN,50151,millennial,-3.833306823604263,1590.0,31577.0,79.0,0,Social Dining Market,Wings-focused restaurant,mid-market trade area,MEM_compstore_restaurants.csv
38117,38117,Memphis,TN,Shelby,35.11504,-89.90551,26430.0,2.29,1059.9,SUBURBAN,91680,adult,0.6627056672760512,1590.0,31577.0,84.0,4,Premium Dining Market,Mexican cuisine restaurant,higher-income trade area,MEM_compstore_restaurants.csv
72365,72365,Marked Tree,AR,Poinsett,35.56181,-90.41857,2580.0,2.62,11.2,RURAL,36587,adult,-12.005457025920874,30.0,392.0,2.0,12,Family Value Market,General restaurant,value-oriented trade area,MEM_compstore_restaurants.csv
38017,38017,Collierville,TN,Shelby,35.06722,-89.65347,55570.0,2.83,267.7,RURAL,131354,adult,3.716008137516565,1590.0,31577.0,74.0,9,Premium Dining Market,Beverage-led restaurant,higher-income trade area,MEM_compstore_restaurants.csv
38125,38125,Memphis,TN,Shelby,35.02537,-89.78936,43305.0,2.8,875.1,RURAL,80116,millennial,16.983629585607,1590.0,31577.0,50.0,9,Premium Dining Market,Fast-service restaurant,higher-income trade area,MEM_compstore_restaurants.csv
38112,38112,Memphis,TN,Shelby,35.14791,-89.97661,16334.0,2.25,1350.5,SUBURBAN,49560,millennial,-3.1427893738140416,1590.0,31577.0,28.0,0,Social Dining Market,General restaurant,mid-market trade area,MEM_compstore_restaurants.csv
38104,38104,Memphis,TN,Shelby,35.13253,-90.00435,23408.0,1.76,1764.8,SUBURBAN,53351,millennial,-0.7883360176316013,1590.0,31577.0,112.0,0,Social Dining Market,Beverage-led restaurant,mid-market trade area,MEM_compstore_restaurants.csv
38104,38104,Memphis,TN,Shelby,35.13253,-90.00435,23408.0,1.76,1764.8,SUBURBAN,53351,millennial,-0.7883360176316013,1590.0,31577.0,112.0,0,Social Dining Market,Wings-focused restaurant,mid-market trade area,MEM_compstore_restaurants.csv
38111,38111,Memphis,TN,Shelby,35.11014,-89.94429,42322.0,2.35,1656.5,SUBURBAN,50151,millennial,-3.833306823604263,1590.0,31577.0,79.0,0,Social Dining Market,Asian cuisine restaurant,mid-market trade area,MEM_compstore_restaurants.csv
38107,38107,Memphis,TN,Shelby,35.17054,-90.02397,14509.0,2.21,985.8,RURAL,34325,millennial,-13.130164052209317,1590.0,31577.0,15.0,11,Healthy Lifestyle Market,General restaurant,value-oriented trade area,MEM_compstore_restaurants.csv
38111,38111,Memphis,TN,Shelby,35.11014,-89.94429,42322.0,2.35,1656.5,SUBURBAN,50151,millennial,-3.833306823604263,1590.0,31577.0,79.0,0,Social Dining Market,Mexican cuisine restaurant,mid-market trade area,MEM_compstore_restaurants.csv
38119,38119,Memphis,TN,Shelby,35.07986,-89.84593,22990.0,2.31,1027.6,SUBURBAN,92500,adult,-2.1327316844749054,1590.0,31577.0,63.0,4,Premium Dining Market,Mexican cuisine restaurant,higher-income trade area,MEM_compstore_restaurants.csv
38016,38016,Cordova,TN,Shelby,35.17956,-89.76046,46394.0,2.49,940.8,RURAL,72749,millennial,0.23549746138057684,1590.0,31577.0,83.0,4,Premium Dining Market,Beverage-led restaurant,higher-income trade area,MEM_compstore_restaurants.csv
38133,38133,Memphis,TN,Shelby,35.21292,-89.79474,21383.0,2.69,632.7,RURAL,74775,millennial,0.3519804768162193,1590.0,31577.0,85.0,9,Premium Dining Market,Fast-service restaurant,higher-income trade area,MEM_compstore_restaurants.csv
38117,38117,Memphis,TN,Shelby,35.11504,-89.90551,26430.0,2.29,1059.9,SUBURBAN,91680,adult,0.6627056672760512,1590.0,31577.0,84.0,4,Premium Dining Market,General restaurant,higher-income trade area,MEM_compstore_restaurants.csv
38114,38114,Memphis,TN,Shelby,35.09648,-89.98596,22112.0,2.2,1031.6,SUBURBAN,29492,adult,-16.545893719806763,1590.0,31577.0,19.0,3,Family Value Market,Wings-focused restaurant,value-oriented trade area,MEM_compstore_restaurants.csv
38016,38016,Cordova,TN,Shelby,35.17956,-89.76046,46394.0,2.49,940.8,RURAL,72749,millennial,0.23549746138057684,1590.0,31577.0,83.0,4,Premium Dining Market,Beverage-led restaurant,higher-income trade area,MEM_compstore_restaurants.csv
38125,38125,Memphis,TN,Shelby,35.02537,-89.78936,43305.0,2.8,875.1,RURAL,80116,millennial,16.983629585607,1590.0,31577.0,50.0,9,Premium Dining Market,Seafood-focused restaurant,higher-income trade area,MEM_compstore_restaurants.csv
38134,38134,Memphis,TN,Shelby,35.17674,-89.85992,42789.0,2.67,913.5,RURAL,57630,millennial,-2.9683885890516577,1590.0,31577.0,90.0,0,Social Dining Market,Chicken-focused restaurant,mid-market trade area,MEM_compstore_restaurants.csv
38002,38002,Arlington,TN,Shelby,35.28854,-89.70926,42797.0,2.86,145.7,RURAL,109364,adult,5.297214841058951,1590.0,31577.0,59.0,9,Premium Dining Market,Fast-service restaurant,higher-income trade area,MEM_compstore_restaurants.csv
38141,38141,Memphis,TN,Shelby,35.01599,-89.85472,23123.0,2.91,1184.3,SUBURBAN,67584,millennial,4.110760918505178,1590.0,31577.0,20.0,5,Social Dining Market,Wings-focused restaurant,mid-market trade area,MEM_compstore_restaurants.csv
38018,38018,Cordova,TN,Shelby,35.13781,-89.76647,38338.0,2.71,797.3,RURAL,82355,millennial,2.837982832618026,1590.0,31577.0,82.0,9,Premium Dining Market,Chicken-focused restaurant,higher-income trade area,MEM_compstore_restaurants.csv
38138,38138,Germantown,TN,Shelby,35.08477,-89.7993,25465.0,2.52,819.5,RURAL,122627,adult,2.5326139474955713,1590.0,31577.0,82.0,4,Premium Dining Market,Wings-focused restaurant,higher-income trade area,MEM_compstore_restaurants.csv
38053,38053,Millington,TN,Shelby,35.33583,-89.95,25556.0,2.63,60.2,RURAL,57012,adult,-3.827193015466827,1590.0,31577.0,41.0,0,Social Dining Market,Wings-focused restaurant,mid-market trade area,MEM_compstore_restaurants.csv
38117,38117,Memphis,TN,Shelby,35.11504,-89.90551,26430.0,2.29,1059.9,SUBURBAN,91680,adult,0.6627056672760512,1590.0,31577.0,84.0,4,Premium Dining Market,Fast-service restaurant,higher-income trade area,MEM_compstore_restaurants.csv
38018,38018,Cordova,TN,Shelby,35.13781,-89.76647,38338.0,2.71,797.3,RURAL,82355,millennial,2.837982832618026,1590.0,31577.0,82.0,9,Premium Dining Market,Mexican cuisine restaurant,higher-income trade area,MEM_compstore_restaurants.csv
38654,38654,Olive Branch,MS,DeSoto,34.93635,-89.82409,56449.0,2.73,243.5,RURAL,96145,millennial,10.70602078838988,351.0,8323.0,98.0,9,Premium Dining Market,Mexican cuisine restaurant,higher-income trade area,MEM_compstore_restaurants.csv
38104,38104,Memphis,TN,Shelby,35.13253,-90.00435,23408.0,1.76,1764.8,SUBURBAN,53351,millennial,-0.7883360176316013,1590.0,31577.0,112.0,0,Social Dining Market,Health-oriented restaurant,mid-market trade area,MEM_compstore_restaurants.csv
72364,72364,Marion,AR,Crittenden,35.2126,-90.18573,16314.0,2.68,77.4,RURAL,73762,millennial,2.391263415552627,66.0,1111.0,19.0,5,Social Dining Market,General restaurant,higher-income trade area,MEM_compstore_restaurants.csv
38611,38611,Byhalia,MS,Marshall,34.85467,-89.67116,17023.0,2.7,33.3,RURAL,55758,millennial,13.102119460500964,32.0,405.0,10.0,11,Healthy Lifestyle Market,Beverage-led restaurant,mid-market trade area,MEM_compstore_restaurants.csv
38116,38116,Memphis,TN,Shelby,35.03213,-90.01001,40212.0,2.61,787.7,RURAL,42354,millennial,-0.5785491766800178,1590.0,31577.0,70.0,8,Social Dining Market,Fast-service restaurant,value-oriented trade area,MEM_compstore_restaurants.csv
38134,38134,Memphis,TN,Shelby,35.17674,-89.85992,42789.0,2.67,913.5,RURAL,57630,millennial,-2.9683885890516577,1590.0,31577.0,90.0,0,Social Dining Market,Wings-focused restaurant,mid-market trade area,MEM_compstore_restaurants.csv
38103,38103,Memphis,TN,Shelby,35.15308,-90.05518,13981.0,1.53,2115.1,SUBURBAN,89851,millennial,-0.40604074654509187,1590.0,31577.0,91.0,4,Premium Dining Market,General restaurant,higher-income trade area,MEM_compstore_restaurants.csv
38016,38016,Cordova,TN,Shelby,35.17956,-89.76046,46394.0,2.49,940.8,RURAL,72749,millennial,0.23549746138057684,1590.0,31577.0,83.0,4,Premium Dining Market,Wings-focused restaurant,higher-income trade area,MEM_compstore_restaurants.csv
38133,38133,Memphis,TN,Shelby,35.21292,-89.79474,21383.0,2.69,632.7,RURAL,74775,millennial,0.3519804768162193,1590.0,31577.0,85.0,9,Premium Dining Market,Asian cuisine restaurant,higher-income trade area,MEM_compstore_restaurants.csv
38018,38018,Cordova,TN,Shelby,35.13781,-89.76647,38338.0,2.71,797.3,RURAL,82355,millennial,2.837982832618026,1590.0,31577.0,82.0,9,Premium Dining Market,Beverage-led restaurant,higher-income trade area,MEM_compstore_restaurants.csv
38116,38116,Memphis,TN,Shelby,35.03213,-90.01001,40212.0,2.61,787.7,RURAL,42354,millennial,-0.5785491766800178,1590.0,31577.0,70.0,8,Social Dining Market,Beverage-led restaurant,value-oriented trade area,MEM_compstore_restaurants.csv
38018,38018,Cordova,TN,Shelby,35.13781,-89.76647,38338.0,2.71,797.3,RURAL,82355,millennial,2.837982832618026,1590.0,31577.0,82.0,9,Premium Dining Market,Asian cuisine restaurant,higher-income trade area,MEM_compstore_restaurants.csv
38120,38120,Memphis,TN,Shelby,35.12344,-89.85237,13554.0,2.17,534.1,RURAL,112700,adult,-9.204180064308682,1590.0,31577.0,13.0,13,Social Dining Market,Health-oriented restaurant,higher-income trade area,MEM_compstore_restaurants.csv
38133,38133,Memphis,TN,Shelby,35.21292,-89.79474,21383.0,2.69,632.7,RURAL,74775,millennial,0.3519804768162193,1590.0,31577.0,85.0,9,Premium Dining Market,General restaurant,higher-income trade area,MEM_compstore_restaurants.csv
38138,38138,Germantown,TN,Shelby,35.08477,-89.7993,25465.0,2.52,819.5,RURAL,122627,adult,2.5326139474955713,1590.0,31577.0,82.0,4,Premium Dining Market,Chicken-focused restaurant,higher-income trade area,MEM_compstore_restaurants.csv
38018,38018,Cordova,TN,Shelby,35.13781,-89.76647,38338.0,2.71,797.3,RURAL,82355,millennial,2.837982832618026,1590.0,31577.0,82.0,9,Premium Dining Market,Wings-focused restaurant,higher-income trade area,MEM_compstore_restaurants.csv
38654,38654,Olive Branch,MS,DeSoto,34.93635,-89.82409,56449.0,2.73,243.5,RURAL,96145,millennial,10.70602078838988,351.0,8323.0,98.0,9,Premium Dining Market,Health-oriented restaurant,higher-income trade area,MEM_compstore_restaurants.csv
38654,38654,Olive Branch,MS,DeSoto,34.93635,-89.82409,56449.0,2.73,243.5,RURAL,96145,millennial,10.70602078838988,351.0,8323.0,98.0,9,Premium Dining Market,General restaurant,higher-income trade area,MEM_compstore_restaurants.csv
38671,38671,Southaven,MS,DeSoto,34.96376,-89.99567,37288.0,2.61,648.3,RURAL,58854,millennial,1.8102389078498295,351.0,8323.0,83.0,0,Social Dining Market,Wings-focused restaurant,mid-market trade area,MEM_compstore_restaurants.csv
38134,38134,Memphis,TN,Shelby,35.17674,-89.85992,42789.0,2.67,913.5,RURAL,57630,millennial,-2.9683885890516577,1590.0,31577.0,90.0,0,Social Dining Market,General restaurant,mid-market trade area,MEM_compstore_restaurants.csv
38133,38133,Memphis,TN,Shelby,35.21292,-89.79474,21383.0,2.69,632.7,RURAL,74775,millennial,0.3519804768162193,1590.0,31577.0,85.0,9,Premium Dining Market,Wings-focused restaurant,higher-income trade area,MEM_compstore_restaurants.csv
38107,38107,Memphis,TN,Shelby,35.17054,-90.02397,14509.0,2.21,985.8,RURAL,34325,millennial,-13.130164052209317,1590.0,31577.0,15.0,11,Healthy Lifestyle Market,Beverage-led restaurant,value-oriented trade area,MEM_compstore_restaurants.csv
38654,38654,Olive Branch,MS,DeSoto,34.93635,-89.82409,56449.0,2.73,243.5,RURAL,96145,millennial,10.70602078838988,351.0,8323.0,98.0,9,Premium Dining Market,General restaurant,higher-income trade area,MEM_compstore_restaurants.csv
72364,72364,Marion,AR,Crittenden,35.2126,-90.18573,16314.0,2.68,77.4,RURAL,73762,millennial,2.391263415552627,66.0,1111.0,19.0,5,Social Dining Market,Beverage-led restaurant,higher-income trade area,MEM_compstore_restaurants.csv
38111,38111,Memphis,TN,Shelby,35.11014,-89.94429,42322.0,2.35,1656.5,SUBURBAN,50151,millennial,-3.833306823604263,1590.0,31577.0,79.0,0,Social Dining Market,Fast-service restaurant,mid-market trade area,MEM_compstore_restaurants.csv
38671,38671,Southaven,MS,DeSoto,34.96376,-89.99567,37288.0,2.61,648.3,RURAL,58854,millennial,1.8102389078498295,351.0,8323.0,83.0,0,Social Dining Market,Fast-service restaurant,mid-market trade area,MEM_compstore_restaurants.csv
38118,38118,Memphis,TN,Shelby,35.03655,-89.93021,39373.0,2.97,495.6,RURAL,41830,young,1.0263515767326097,1590.0,31577.0,54.0,8,Social Dining Market,Wings-focused restaurant,value-oriented trade area,MEM_compstore_restaurants.csv
38138,38138,Germantown,TN,Shelby,35.08477,-89.7993,25465.0,2.52,819.5,RURAL,122627,adult,2.5326139474955713,1590.0,31577.0,82.0,4,Premium Dining Market,General restaurant,higher-income trade area,MEM_compstore_restaurants.csv
38134,38134,Memphis,TN,Shelby,35.17674,-89.85992,42789.0,2.67,913.5,RURAL,57630,millennial,-2.9683885890516577,1590.0,31577.0,90.0,0,Social Dining Market,Wings-focused restaurant,mid-market trade area,MEM_compstore_restaurants.csv
38119,38119,Memphis,TN,Shelby,35.07986,-89.84593,22990.0,2.31,1027.6,SUBURBAN,92500,adult,-2.1327316844749054,1590.0,31577.0,63.0,4,Premium Dining Market,Asian cuisine restaurant,higher-income trade area,MEM_compstore_restaurants.csv
38134,38134,Memphis,TN,Shelby,35.17674,-89.85992,42789.0,2.67,913.5,RURAL,57630,millennial,-2.9683885890516577,1590.0,31577.0,90.0,0,Social Dining Market,Beverage-led restaurant,mid-market trade area,MEM_compstore_restaurants.csv
38019,38019,Covington,TN,Tipton,35.56114,-89.6304,15466.0,2.55,43.3,RURAL,57124,millennial,-2.262386248736097,70.0,1131.0,23.0,1,Premium Dining Market,General restaurant,mid-market trade area,MEM_compstore_restaurants.csv
38053,38053,Millington,TN,Shelby,35.33583,-89.95,25556.0,2.63,60.2,RURAL,57012,adult,-3.827193015466827,1590.0,31577.0,41.0,0,Social Dining Market,General restaurant,mid-market trade area,MEM_compstore_restaurants.csv
38104,38104,Memphis,TN,Shelby,35.13253,-90.00435,23408.0,1.76,1764.8,SUBURBAN,53351,millennial,-0.7883360176316013,1590.0,31577.0,112.0,0,Social Dining Market,Health-oriented restaurant,mid-market trade area,MEM_compstore_restaurants.csv
38672,38672,Southaven,MS,DeSoto,34.93727,-89.94943,15602.0,2.94,487.4,RURAL,103692,millennial,15.467732386027237,351.0,8323.0,37.0,4,Premium Dining Market,Beverage-led restaurant,higher-income trade area,MEM_compstore_restaurants.csv
38002,38002,Arlington,TN,Shelby,35.28854,-89.70926,42797.0,2.86,145.7,RURAL,109364,adult,5.297214841058951,1590.0,31577.0,59.0,9,Premium Dining Market,General restaurant,higher-income trade area,MEM_compstore_restaurants.csv
38104,38104,Memphis,TN,Shelby,35.13253,-90.00435,23408.0,1.76,1764.8,SUBURBAN,53351,millennial,-0.7883360176316013,1590.0,31577.0,112.0,0,Social Dining Market,Mexican cuisine restaurant,mid-market trade area,MEM_compstore_restaurants.csv
38126,38126,Memphis,TN,Shelby,35.12695,-90.04378,6034.0,2.21,1235.7,SUBURBAN,19844,young,2.8464291801602184,1590.0,31577.0,7.0,3,Family Value Market,General restaurant,value-oriented trade area,MEM_compstore_restaurants.csv
38133,38133,Memphis,TN,Shelby,35.21292,-89.79474,21383.0,2.69,632.7,RURAL,74775,millennial,0.3519804768162193,1590.0,31577.0,85.0,9,Premium Dining Market,Seafood-focused restaurant,higher-income trade area,MEM_compstore_restaurants.csv
38109,38109,Memphis,TN,Shelby,35.0341,-90.13533,45204.0,2.7,274.5,RURAL,35018,millennial,2.5987879888331555,1590.0,31577.0,23.0,3,Family Value Market,Chicken-focused restaurant,value-oriented trade area,MEM_compstore_restaurants.csv
38118,38118,Memphis,TN,Shelby,35.03655,-89.93021,39373.0,2.97,495.6,RURAL,41830,young,1.0263515767326097,1590.0,31577.0,54.0,8,Social Dining Market,Wings-focused restaurant,value-oriented trade area,MEM_compstore_restaurants.csv
38138,38138,Germantown,TN,Shelby,35.08477,-89.7993,25465.0,2.52,819.5,RURAL,122627,adult,2.5326139474955713,1590.0,31577.0,82.0,4,Premium Dining Market,General restaurant,higher-income trade area,MEM_compstore_restaurants.csv
38138,38138,Germantown,TN,Shelby,35.08477,-89.7993,25465.0,2.52,819.5,RURAL,122627,adult,2.5326139474955713,1590.0,31577.0,82.0,4,Premium Dining Market,Fast-service restaurant,higher-income trade area,MEM_compstore_restaurants.csv
38112,38112,Memphis,TN,Shelby,35.14791,-89.97661,16334.0,2.25,1350.5,SUBURBAN,49560,millennial,-3.1427893738140416,1590.0,31577.0,28.0,0,Social Dining Market,Fast-service restaurant,mid-market trade area,MEM_compstore_restaurants.csv
38111,38111,Memphis,TN,Shelby,35.11014,-89.94429,42322.0,2.35,1656.5,SUBURBAN,50151,millennial,-3.833306823604263,1590.0,31577.0,79.0,0,Social Dining Market,Fast-service restaurant,mid-market trade area,MEM_compstore_restaurants.csv
38115,38115,Memphis,TN,Shelby,35.05499,-89.86362,36574.0,2.25,1731.5,SUBURBAN,39176,young,-11.693266050172635,1590.0,31577.0,65.0,8,Social Dining Market,Fast-service restaurant,value-oriented trade area,MEM_compstore_restaurants.csv
38016,38016,Cordova,TN,Shelby,35.17956,-89.76046,46394.0,2.49,940.8,RURAL,72749,millennial,0.23549746138057684,1590.0,31577.0,83.0,4,Premium Dining Market,Fast-service restaurant,higher-income trade area,MEM_compstore_restaurants.csv
38115,38115,Memphis,TN,Shelby,35.05499,-89.86362,36574.0,2.25,1731.5,SUBURBAN,39176,young,-11.693266050172635,1590.0,31577.0,65.0,8,Social Dining Market,Wings-focused restaurant,value-oriented trade area,MEM_compstore_restaurants.csv
38060,38060,Oakland,TN,Fayette,35.21214,-89.50468,11713.0,2.56,108.0,RURAL,80478,adult,21.37823834196891,33.0,417.0,22.0,1,Premium Dining Market,Seafood-focused restaurant,higher-income trade area,MEM_compstore_restaurants.csv
38017,38017,Collierville,TN,Shelby,35.06722,-89.65347,55570.0,2.83,267.7,RURAL,131354,adult,3.716008137516565,1590.0,31577.0,74.0,9,Premium Dining Market,Fast-service restaurant,higher-income trade area,MEM_compstore_restaurants.csv
38125,38125,Memphis,TN,Shelby,35.02537,-89.78936,43305.0,2.8,875.1,RURAL,80116,millennial,16.983629585607,1590.0,31577.0,50.0,9,Premium Dining Market,Asian cuisine restaurant,higher-income trade area,MEM_compstore_restaurants.csv
38106,38106,Memphis,TN,Shelby,35.10067,-90.0375,23140.0,2.44,778.4,RURAL,29098,adult,-7.001044932079415,1590.0,31577.0,22.0,3,Family Value Market,Chicken-focused restaurant,value-oriented trade area,MEM_compstore_restaurants.csv
38002,38002,Arlington,TN,Shelby,35.28854,-89.70926,42797.0,2.86,145.7,RURAL,109364,adult,5.297214841058951,1590.0,31577.0,59.0,9,Premium Dining Market,Chicken-focused restaurant,higher-income trade area,MEM_compstore_restaurants.csv
38018,38018,Cordova,TN,Shelby,35.13781,-89.76647,38338.0,2.71,797.3,RURAL,82355,millennial,2.837982832618026,1590.0,31577.0,82.0,9,Premium Dining Market,Mexican cuisine restaurant,higher-income trade area,MEM_compstore_restaurants.csv
38053,38053,Millington,TN,Shelby,35.33583,-89.95,25556.0,2.63,60.2,RURAL,57012,adult,-3.827193015466827,1590.0,31577.0,41.0,0,Social Dining Market,Mexican cuisine restaurant,mid-market trade area,MEM_compstore_restaurants.csv
38671,38671,Southaven,MS,DeSoto,34.96376,-89.99567,37288.0,2.61,648.3,RURAL,58854,millennial,1.8102389078498295,351.0,8323.0,83.0,0,Social Dining Market,General restaurant,mid-market trade area,MEM_compstore_restaurants.csv
38125,38125,Memphis,TN,Shelby,35.02537,-89.78936,43305.0,2.8,875.1,RURAL,80116,millennial,16.983629585607,1590.0,31577.0,50.0,9,Premium Dining Market,General restaurant,higher-income trade area,MEM_compstore_restaurants.csv
38133,38133,Memphis,TN,Shelby,35.21292,-89.79474,21383.0,2.69,632.7,RURAL,74775,millennial,0.3519804768162193,1590.0,31577.0,85.0,9,Premium Dining Market,Wings-focused restaurant,higher-income trade area,MEM_compstore_restaurants.csv
38134,38134,Memphis,TN,Shelby,35.17674,-89.85992,42789.0,2.67,913.5,RURAL,57630,millennial,-2.9683885890516577,1590.0,31577.0,90.0,0,Social Dining Market,General restaurant,mid-market trade area,MEM_compstore_restaurants.csv
72364,72364,Marion,AR,Crittenden,35.2126,-90.18573,16314.0,2.68,77.4,RURAL,73762,millennial,2.391263415552627,66.0,1111.0,19.0,5,Social Dining Market,Wings-focused restaurant,higher-income trade area,MEM_compstore_restaurants.csv
38654,38654,Olive Branch,MS,DeSoto,34.93635,-89.82409,56449.0,2.73,243.5,RURAL,96145,millennial,10.70602078838988,351.0,8323.0,98.0,9,Premium Dining Market,Beverage-led restaurant,higher-income trade area,MEM_compstore_restaurants.csv
38119,38119,Memphis,TN,Shelby,35.07986,-89.84593,22990.0,2.31,1027.6,SUBURBAN,92500,adult,-2.1327316844749054,1590.0,31577.0,63.0,4,Premium Dining Market,Beverage-led restaurant,higher-income trade area,MEM_compstore_restaurants.csv
38017,38017,Collierville,TN,Shelby,35.06722,-89.65347,55570.0,2.83,267.7,RURAL,131354,adult,3.716008137516565,1590.0,31577.0,74.0,9,Premium Dining Market,General restaurant,higher-income trade area,MEM_compstore_restaurants.csv
38017,38017,Collierville,TN,Shelby,35.06722,-89.65347,55570.0,2.83,267.7,RURAL,131354,adult,3.716008137516565,1590.0,31577.0,74.0,9,Premium Dining Market,General restaurant,higher-income trade area,MEM_compstore_restaurants.csv
38654,38654,Olive Branch,MS,DeSoto,34.93635,-89.82409,56449.0,2.73,243.5,RURAL,96145,millennial,10.70602078838988,351.0,8323.0,98.0,9,Premium Dining Market,Health-oriented restaurant,higher-income trade area,MEM_compstore_restaurants.csv
38133,38133,Memphis,TN,Shelby,35.21292,-89.79474,21383.0,2.69,632.7,RURAL,74775,millennial,0.3519804768162193,1590.0,31577.0,85.0,9,Premium Dining Market,Wings-focused restaurant,higher-income trade area,MEM_compstore_restaurants.csv
38671,38671,Southaven,MS,DeSoto,34.96376,-89.99567,37288.0,2.61,648.3,RURAL,58854,millennial,1.8102389078498295,351.0,8323.0,83.0,0,Social Dining Market,Health-oriented restaurant,mid-market trade area,MEM_compstore_restaurants.csv
38019,38019,Covington,TN,Tipton,35.56114,-89.6304,15466.0,2.55,43.3,RURAL,57124,millennial,-2.262386248736097,70.0,1131.0,23.0,1,Premium Dining Market,Fast-service restaurant,mid-market trade area,MEM_compstore_restaurants.csv
38119,38119,Memphis,TN,Shelby,35.07986,-89.84593,22990.0,2.31,1027.6,SUBURBAN,92500,adult,-2.1327316844749054,1590.0,31577.0,63.0,4,Premium Dining Market,Fast-service restaurant,higher-income trade area,MEM_compstore_restaurants.csv
38118,38118,Memphis,TN,Shelby,35.03655,-89.93021,39373.0,2.97,495.6,RURAL,41830,young,1.0263515767326097,1590.0,31577.0,54.0,8,Social Dining Market,Wings-focused restaurant,value-oriented trade area,MEM_compstore_restaurants.csv
38017,38017,Collierville,TN,Shelby,35.06722,-89.65347,55570.0,2.83,267.7,RURAL,131354,adult,3.716008137516565,1590.0,31577.0,74.0,9,Premium Dining Market,Asian cuisine restaurant,higher-income trade area,MEM_compstore_restaurants.csv
38114,38114,Memphis,TN,Shelby,35.09648,-89.98596,22112.0,2.2,1031.6,SUBURBAN,29492,adult,-16.545893719806763,1590.0,31577.0,19.0,3,Family Value Market,Wings-focused restaurant,value-oriented trade area,MEM_compstore_restaurants.csv
38106,38106,Memphis,TN,Shelby,35.10067,-90.0375,23140.0,2.44,778.4,RURAL,29098,adult,-7.001044932079415,1590.0,31577.0,22.0,3,Family Value Market,Wings-focused restaurant,value-oriented trade area,MEM_compstore_restaurants.csv
38671,38671,Southaven,MS,DeSoto,34.96376,-89.99567,37288.0,2.61,648.3,RURAL,58854,millennial,1.8102389078498295,351.0,8323.0,83.0,0,Social Dining Market,Chicken-focused restaurant,mid-market trade area,MEM_compstore_restaurants.csv
38002,38002,Arlington,TN,Shelby,35.28854,-89.70926,42797.0,2.86,145.7,RURAL,109364,adult,5.297214841058951,1590.0,31577.0,59.0,9,Premium Dining Market,Fast-service restaurant,higher-income trade area,MEM_compstore_restaurants.csv
38112,38112,Memphis,TN,Shelby,35.14791,-89.97661,16334.0,2.25,1350.5,SUBURBAN,49560,millennial,-3.1427893738140416,1590.0,31577.0,28.0,0,Social Dining Market,Health-oriented restaurant,mid-market trade area,MEM_compstore_restaurants.csv
38138,38138,Germantown,TN,Shelby,35.08477,-89.7993,25465.0,2.52,819.5,RURAL,122627,adult,2.5326139474955713,1590.0,31577.0,82.0,4,Premium Dining Market,Asian cuisine restaurant,higher-income trade area,MEM_compstore_restaurants.csv
38668,38668,Senatobia,MS,Tate,34.60109,-89.92505,14076.0,2.51,35.6,RURAL,67077,millennial,-0.4526166902404526,44.0,560.0,16.0,5,Social Dining Market,Wings-focused restaurant,mid-market trade area,MEM_compstore_restaurants.csv
38115,38115,Memphis,TN,Shelby,35.05499,-89.86362,36574.0,2.25,1731.5,SUBURBAN,39176,young,-11.693266050172635,1590.0,31577.0,65.0,8,Social Dining Market,Beverage-led restaurant,value-oriented trade area,MEM_compstore_restaurants.csv
38103,38103,Memphis,TN,Shelby,35.15308,-90.05518,13981.0,1.53,2115.1,SUBURBAN,89851,millennial,-0.40604074654509187,1590.0,31577.0,91.0,4,Premium Dining Market,Mexican cuisine restaurant,higher-income trade area,MEM_compstore_restaurants.csv
38635,38635,Holly Springs,MS,Marshall,34.7677,-89.47896,15608.0,2.58,17.4,RURAL,55723,millennial,0.0,32.0,405.0,10.0,0,Social Dining Market,Beverage-led restaurant,mid-market trade area,MEM_compstore_restaurants.csv
38127,38127,Memphis,TN,Shelby,35.23795,-90.01753,40565.0,2.89,404.3,RURAL,34781,millennial,-9.74122777740694,1590.0,31577.0,29.0,3,Family Value Market,Beverage-led restaurant,value-oriented trade area,MEM_compstore_restaurants.csv
38115,38115,Memphis,TN,Shelby,35.05499,-89.86362,36574.0,2.25,1731.5,SUBURBAN,39176,young,-11.693266050172635,1590.0,31577.0,65.0,8,Social Dining Market,Beverage-led restaurant,value-oriented trade area,MEM_compstore_restaurants.csv
38018,38018,Cordova,TN,Shelby,35.13781,-89.76647,38338.0,2.71,797.3,RURAL,82355,millennial,2.837982832618026,1590.0,31577.0,82.0,9,Premium Dining Market,Fast-service restaurant,higher-income trade area,MEM_compstore_restaurants.csv
38119,38119,Memphis,TN,Shelby,35.07986,-89.84593,22990.0,2.31,1027.6,SUBURBAN,92500,adult,-2.1327316844749054,1590.0,31577.0,63.0,4,Premium Dining Market,Beverage-led restaurant,higher-income trade area,MEM_compstore_restaurants.csv
38017,38017,Collierville,TN,Shelby,35.06722,-89.65347,55570.0,2.83,267.7,RURAL,131354,adult,3.716008137516565,1590.0,31577.0,74.0,9,Premium Dining Market,General restaurant,higher-income trade area,MEM_compstore_restaurants.csv
38018,38018,Cordova,TN,Shelby,35.13781,-89.76647,38338.0,2.71,797.3,RURAL,82355,millennial,2.837982832618026,1590.0,31577.0,82.0,9,Premium Dining Market,General restaurant,higher-income trade area,MEM_compstore_restaurants.csv
38654,38654,Olive Branch,MS,DeSoto,34.93635,-89.82409,56449.0,2.73,243.5,RURAL,96145,millennial,10.70602078838988,351.0,8323.0,98.0,9,Premium Dining Market,Chicken-focused restaurant,higher-income trade area,MEM_compstore_restaurants.csv
38119,38119,Memphis,TN,Shelby,35.07986,-89.84593,22990.0,2.31,1027.6,SUBURBAN,92500,adult,-2.1327316844749054,1590.0,31577.0,63.0,4,Premium Dining Market,Wings-focused restaurant,higher-income trade area,MEM_compstore_restaurants.csv
72364,72364,Marion,AR,Crittenden,35.2126,-90.18573,16314.0,2.68,77.4,RURAL,73762,millennial,2.391263415552627,66.0,1111.0,19.0,5,Social Dining Market,General restaurant,higher-income trade area,MEM_compstore_restaurants.csv
38117,38117,Memphis,TN,Shelby,35.11504,-89.90551,26430.0,2.29,1059.9,SUBURBAN,91680,adult,0.6627056672760512,1590.0,31577.0,84.0,4,Premium Dining Market,Asian cuisine restaurant,higher-income trade area,MEM_compstore_restaurants.csv
38125,38125,Memphis,TN,Shelby,35.02537,-89.78936,43305.0,2.8,875.1,RURAL,80116,millennial,16.983629585607,1590.0,31577.0,50.0,9,Premium Dining Market,Chicken-focused restaurant,higher-income trade area,MEM_compstore_restaurants.csv
38016,38016,Cordova,TN,Shelby,35.17956,-89.76046,46394.0,2.49,940.8,RURAL,72749,millennial,0.23549746138057684,1590.0,31577.0,83.0,4,Premium Dining Market,Asian cuisine restaurant,higher-income trade area,MEM_compstore_restaurants.csv
38117,38117,Memphis,TN,Shelby,35.11504,-89.90551,26430.0,2.29,1059.9,SUBURBAN,91680,adult,0.6627056672760512,1590.0,31577.0,84.0,4,Premium Dining Market,General restaurant,higher-income trade area,MEM_compstore_restaurants.csv
38116,38116,Memphis,TN,Shelby,35.03213,-90.01001,40212.0,2.61,787.7,RURAL,42354,millennial,-0.5785491766800178,1590.0,31577.0,70.0,8,Social Dining Market,Health-oriented restaurant,value-oriented trade area,MEM_compstore_restaurants.csv
38017,38017,Collierville,TN,Shelby,35.06722,-89.65347,55570.0,2.83,267.7,RURAL,131354,adult,3.716008137516565,1590.0,31577.0,74.0,9,Premium Dining Market,Fast-service restaurant,higher-income trade area,MEM_compstore_restaurants.csv
72301,72301,West Memphis,AR,Crittenden,35.13363,-90.17883,24404.0,2.47,313.2,RURAL,41022,millennial,-1.4895248859645582,66.0,1111.0,37.0,3,Family Value Market,Beverage-led restaurant,value-oriented trade area,MEM_compstore_restaurants.csv
38002,38002,Arlington,TN,Shelby,35.28854,-89.70926,42797.0,2.86,145.7,RURAL,109364,adult,5.297214841058951,1590.0,31577.0,59.0,9,Premium Dining Market,Beverage-led restaurant,higher-income trade area,MEM_compstore_restaurants.csv
38120,38120,Memphis,TN,Shelby,35.12344,-89.85237,13554.0,2.17,534.1,RURAL,112700,adult,-9.204180064308682,1590.0,31577.0,13.0,13,Social Dining Market,Health-oriented restaurant,higher-income trade area,MEM_compstore_restaurants.csv
72364,72364,Marion,AR,Crittenden,35.2126,-90.18573,16314.0,2.68,77.4,RURAL,73762,millennial,2.391263415552627,66.0,1111.0,19.0,5,Social Dining Market,Health-oriented restaurant,higher-income trade area,MEM_compstore_restaurants.csv
38111,38111,Memphis,TN,Shelby,35.11014,-89.94429,42322.0,2.35,1656.5,SUBURBAN,50151,millennial,-3.833306823604263,1590.0,31577.0,79.0,0,Social Dining Market,Health-oriented restaurant,mid-market trade area,MEM_compstore_restaurants.csv
38019,38019,Covington,TN,Tipton,35.56114,-89.6304,15466.0,2.55,43.3,RURAL,57124,millennial,-2.262386248736097,70.0,1131.0,23.0,1,Premium Dining Market,Health-oriented restaurant,mid-market trade area,MEM_compstore_restaurants.csv
38133,38133,Memphis,TN,Shelby,35.21292,-89.79474,21383.0,2.69,632.7,RURAL,74775,millennial,0.3519804768162193,1590.0,31577.0,85.0,9,Premium Dining Market,Health-oriented restaurant,higher-income trade area,MEM_compstore_restaurants.csv
38654,38654,Olive Branch,MS,DeSoto,34.93635,-89.82409,56449.0,2.73,243.5,RURAL,96145,millennial,10.70602078838988,351.0,8323.0,98.0,9,Premium Dining Market,Health-oriented restaurant,higher-income trade area,MEM_compstore_restaurants.csv
38111,38111,Memphis,TN,Shelby,35.11014,-89.94429,42322.0,2.35,1656.5,SUBURBAN,50151,millennial,-3.833306823604263,1590.0,31577.0,79.0,0,Social Dining Market,Mexican cuisine restaurant,mid-market trade area,MEM_compstore_restaurants.csv
38002,38002,Arlington,TN,Shelby,35.28854,-89.70926,42797.0,2.86,145.7,RURAL,109364,adult,5.297214841058951,1590.0,31577.0,59.0,9,Premium Dining Market,Mexican cuisine restaurant,higher-income trade area,MEM_compstore_restaurants.csv
38115,38115,Memphis,TN,Shelby,35.05499,-89.86362,36574.0,2.25,1731.5,SUBURBAN,39176,young,-11.693266050172635,1590.0,31577.0,65.0,8,Social Dining Market,Mexican cuisine restaurant,value-oriented trade area,MEM_compstore_restaurants.csv
38017,38017,Collierville,TN,Shelby,35.06722,-89.65347,55570.0,2.83,267.7,RURAL,131354,adult,3.716008137516565,1590.0,31577.0,74.0,9,Premium Dining Market,Fast-service restaurant,higher-income trade area,MEM_compstore_restaurants.csv
38104,38104,Memphis,TN,Shelby,35.13253,-90.00435,23408.0,1.76,1764.8,SUBURBAN,53351,millennial,-0.7883360176316013,1590.0,31577.0,112.0,0,Social Dining Market,General restaurant,mid-market trade area,MEM_compstore_restaurants.csv
38118,38118,Memphis,TN,Shelby,35.03655,-89.93021,39373.0,2.97,495.6,RURAL,41830,young,1.0263515767326097,1590.0,31577.0,54.0,8,Social Dining Market,Wings-focused restaurant,value-oriented trade area,MEM_compstore_restaurants.csv
38122,38122,Memphis,TN,Shelby,35.1571,-89.92247,24014.0,2.67,1473.8,SUBURBAN,45065,millennial,-5.901253918495298,1590.0,31577.0,56.0,0,Social Dining Market,Beverage-led restaurant,value-oriented trade area,MEM_compstore_restaurants.csv
38138,38138,Germantown,TN,Shelby,35.08477,-89.7993,25465.0,2.52,819.5,RURAL,122627,adult,2.5326139474955713,1590.0,31577.0,82.0,4,Premium Dining Market,Asian cuisine restaurant,higher-income trade area,MEM_compstore_restaurants.csv
38672,38672,Southaven,MS,DeSoto,34.93727,-89.94943,15602.0,2.94,487.4,RURAL,103692,millennial,15.467732386027237,351.0,8323.0,37.0,4,Premium Dining Market,Beverage-led restaurant,higher-income trade area,MEM_compstore_restaurants.csv
38654,38654,Olive Branch,MS,DeSoto,34.93635,-89.82409,56449.0,2.73,243.5,RURAL,96145,millennial,10.70602078838988,351.0,8323.0,98.0,9,Premium Dining Market,Fast-service restaurant,higher-income trade area,MEM_compstore_restaurants.csv
38133,38133,Memphis,TN,Shelby,35.21292,-89.79474,21383.0,2.69,632.7,RURAL,74775,millennial,0.3519804768162193,1590.0,31577.0,85.0,9,Premium Dining Market,Fast-service restaurant,higher-income trade area,MEM_compstore_restaurants.csv
38116,38116,Memphis,TN,Shelby,35.03213,-90.01001,40212.0,2.61,787.7,RURAL,42354,millennial,-0.5785491766800178,1590.0,31577.0,70.0,8,Social Dining Market,Wings-focused restaurant,value-oriented trade area,MEM_compstore_restaurants.csv
38134,38134,Memphis,TN,Shelby,35.17674,-89.85992,42789.0,2.67,913.5,RURAL,57630,millennial,-2.9683885890516577,1590.0,31577.0,90.0,0,Social Dining Market,Wings-focused restaurant,mid-market trade area,MEM_compstore_restaurants.csv
38133,38133,Memphis,TN,Shelby,35.21292,-89.79474,21383.0,2.69,632.7,RURAL,74775,millennial,0.3519804768162193,1590.0,31577.0,85.0,9,Premium Dining Market,Seafood-focused restaurant,higher-income trade area,MEM_compstore_restaurants.csv
38111,38111,Memphis,TN,Shelby,35.11014,-89.94429,42322.0,2.35,1656.5,SUBURBAN,50151,millennial,-3.833306823604263,1590.0,31577.0,79.0,0,Social Dining Market,Seafood-focused restaurant,mid-market trade area,MEM_compstore_restaurants.csv
38104,38104,Memphis,TN,Shelby,35.13253,-90.00435,23408.0,1.76,1764.8,SUBURBAN,53351,millennial,-0.7883360176316013,1590.0,31577.0,112.0,0,Social Dining Market,Fast-service restaurant,mid-market trade area,MEM_compstore_restaurants.csv
38018,38018,Cordova,TN,Shelby,35.13781,-89.76647,38338.0,2.71,797.3,RURAL,82355,millennial,2.837982832618026,1590.0,31577.0,82.0,9,Premium Dining Market,Beverage-led restaurant,higher-income trade area,MEM_compstore_restaurants.csv
38103,38103,Memphis,TN,Shelby,35.15308,-90.05518,13981.0,1.53,2115.1,SUBURBAN,89851,millennial,-0.40604074654509187,1590.0,31577.0,91.0,4,Premium Dining Market,Beverage-led restaurant,higher-income trade area,MEM_compstore_restaurants.csv
38119,38119,Memphis,TN,Shelby,35.07986,-89.84593,22990.0,2.31,1027.6,SUBURBAN,92500,adult,-2.1327316844749054,1590.0,31577.0,63.0,4,Premium Dining Market,Beverage-led restaurant,higher-income trade area,MEM_compstore_restaurants.csv
38116,38116,Memphis,TN,Shelby,35.03213,-90.01001,40212.0,2.61,787.7,RURAL,42354,millennial,-0.5785491766800178,1590.0,31577.0,70.0,8,Social Dining Market,Beverage-led restaurant,value-oriented trade area,MEM_compstore_restaurants.csv
38119,38119,Memphis,TN,Shelby,35.07986,-89.84593,22990.0,2.31,1027.6,SUBURBAN,92500,adult,-2.1327316844749054,1590.0,31577.0,63.0,4,Premium Dining Market,General restaurant,higher-income trade area,MEM_compstore_restaurants.csv
38134,38134,Memphis,TN,Shelby,35.17674,-89.85992,42789.0,2.67,913.5,RURAL,57630,millennial,-2.9683885890516577,1590.0,31577.0,90.0,0,Social Dining Market,General restaurant,mid-market trade area,MEM_compstore_restaurants.csv
72396,72396,Wynne,AR,Cross,35.22966,-90.83559,12771.0,2.53,20.3,RURAL,51644,adult,-1.3136542771037787,24.0,341.0,13.0,11,Healthy Lifestyle Market,General restaurant,mid-market trade area,MEM_compstore_restaurants.csv
38119,38119,Memphis,TN,Shelby,35.07986,-89.84593,22990.0,2.31,1027.6,SUBURBAN,92500,adult,-2.1327316844749054,1590.0,31577.0,63.0,4,Premium Dining Market,Seafood-focused restaurant,higher-income trade area,MEM_compstore_restaurants.csv
38672,38672,Southaven,MS,DeSoto,34.93727,-89.94943,15602.0,2.94,487.4,RURAL,103692,millennial,15.467732386027237,351.0,8323.0,37.0,4,Premium Dining Market,General restaurant,higher-income trade area,MEM_compstore_restaurants.csv
38105,38105,Memphis,TN,Shelby,35.1512,-90.03541,5215.0,1.56,1264.1,SUBURBAN,26250,adult,-19.719827586206897,1590.0,31577.0,16.0,0,Social Dining Market,Beverage-led restaurant,value-oriented trade area,MEM_compstore_restaurants.csv
38111,38111,Memphis,TN,Shelby,35.11014,-89.94429,42322.0,2.35,1656.5,SUBURBAN,50151,millennial,-3.833306823604263,1590.0,31577.0,79.0,0,Social Dining Market,Wings-focused restaurant,mid-market trade area,MEM_compstore_restaurants.csv
38141,38141,Memphis,TN,Shelby,35.01599,-89.85472,23123.0,2.91,1184.3,SUBURBAN,67584,millennial,4.110760918505178,1590.0,31577.0,20.0,5,Social Dining Market,Fast-service restaurant,mid-market trade area,MEM_compstore_restaurants.csv
38019,38019,Covington,TN,Tipton,35.56114,-89.6304,15466.0,2.55,43.3,RURAL,57124,millennial,-2.262386248736097,70.0,1131.0,23.0,1,Premium Dining Market,Seafood-focused restaurant,mid-market trade area,MEM_compstore_restaurants.csv
38118,38118,Memphis,TN,Shelby,35.03655,-89.93021,39373.0,2.97,495.6,RURAL,41830,young,1.0263515767326097,1590.0,31577.0,54.0,8,Social Dining Market,Fast-service restaurant,value-oriented trade area,MEM_compstore_restaurants.csv
38672,38672,Southaven,MS,DeSoto,34.93727,-89.94943,15602.0,2.94,487.4,RURAL,103692,millennial,15.467732386027237,351.0,8323.0,37.0,4,Premium Dining Market,Chicken-focused restaurant,higher-income trade area,MEM_compstore_restaurants.csv
38637,38637,Horn Lake,MS,DeSoto,34.95105,-90.05004,26652.0,2.66,649.4,RURAL,57111,millennial,-1.2852327863994963,351.0,8323.0,44.0,0,Social Dining Market,Mexican cuisine restaurant,mid-market trade area,MEM_compstore_restaurants.csv
38654,38654,Olive Branch,MS,DeSoto,34.93635,-89.82409,56449.0,2.73,243.5,RURAL,96145,millennial,10.70602078838988,351.0,8323.0,98.0,9,Premium Dining Market,Fast-service restaurant,higher-income trade area,MEM_compstore_restaurants.csv
38004,38004,Atoka,TN,Tipton,35.41909,-89.76687,11604.0,2.68,169.4,RURAL,89396,millennial,11.298676385958181,70.0,1131.0,16.0,1,Premium Dining Market,Fast-service restaurant,higher-income trade area,MEM_compstore_restaurants.csv
38116,38116,Memphis,TN,Shelby,35.03213,-90.01001,40212.0,2.61,787.7,RURAL,42354,millennial,-0.5785491766800178,1590.0,31577.0,70.0,8,Social Dining Market,Fast-service restaurant,value-oriented trade area,MEM_compstore_restaurants.csv
38122,38122,Memphis,TN,Shelby,35.1571,-89.92247,24014.0,2.67,1473.8,SUBURBAN,45065,millennial,-5.901253918495298,1590.0,31577.0,56.0,0,Social Dining Market,Wings-focused restaurant,value-oriented trade area,MEM_compstore_restaurants.csv
38114,38114,Memphis,TN,Shelby,35.09648,-89.98596,22112.0,2.2,1031.6,SUBURBAN,29492,adult,-16.545893719806763,1590.0,31577.0,19.0,3,Family Value Market,Fast-service restaurant,value-oriented trade area,MEM_compstore_restaurants.csv
38117,38117,Memphis,TN,Shelby,35.11504,-89.90551,26430.0,2.29,1059.9,SUBURBAN,91680,adult,0.6627056672760512,1590.0,31577.0,84.0,4,Premium Dining Market,General restaurant,higher-income trade area,MEM_compstore_restaurants.csv
38017,38017,Collierville,TN,Shelby,35.06722,-89.65347,55570.0,2.83,267.7,RURAL,131354,adult,3.716008137516565,1590.0,31577.0,74.0,9,Premium Dining Market,Wings-focused restaurant,higher-income trade area,MEM_compstore_restaurants.csv
38134,38134,Memphis,TN,Shelby,35.17674,-89.85992,42789.0,2.67,913.5,RURAL,57630,millennial,-2.9683885890516577,1590.0,31577.0,90.0,0,Social Dining Market,Fast-service restaurant,mid-market trade area,MEM_compstore_restaurants.csv
38111,38111,Memphis,TN,Shelby,35.11014,-89.94429,42322.0,2.35,1656.5,SUBURBAN,50151,millennial,-3.833306823604263,1590.0,31577.0,79.0,0,Social Dining Market,Fast-service restaurant,mid-market trade area,MEM_compstore_restaurants.csv
38138,38138,Germantown,TN,Shelby,35.08477,-89.7993,25465.0,2.52,819.5,RURAL,122627,adult,2.5326139474955713,1590.0,31577.0,82.0,4,Premium Dining Market,Wings-focused restaurant,higher-income trade area,MEM_compstore_restaurants.csv
38115,38115,Memphis,TN,Shelby,35.05499,-89.86362,36574.0,2.25,1731.5,SUBURBAN,39176,young,-11.693266050172635,1590.0,31577.0,65.0,8,Social Dining Market,Wings-focused restaurant,value-oriented trade area,MEM_compstore_restaurants.csv
38018,38018,Cordova,TN,Shelby,35.13781,-89.76647,38338.0,2.71,797.3,RURAL,82355,millennial,2.837982832618026,1590.0,31577.0,82.0,9,Premium Dining Market,Health-oriented restaurant,higher-income trade area,MEM_compstore_restaurants.csv
38111,38111,Memphis,TN,Shelby,35.11014,-89.94429,42322.0,2.35,1656.5,SUBURBAN,50151,millennial,-3.833306823604263,1590.0,31577.0,79.0,0,Social Dining Market,General restaurant,mid-market trade area,MEM_compstore_restaurants.csv
38053,38053,Millington,TN,Shelby,35.33583,-89.95,25556.0,2.63,60.2,RURAL,57012,adult,-3.827193015466827,1590.0,31577.0,41.0,0,Social Dining Market,Fast-service restaurant,mid-market trade area,MEM_compstore_restaurants.csv
38138,38138,Germantown,TN,Shelby,35.08477,-89.7993,25465.0,2.52,819.5,RURAL,122627,adult,2.5326139474955713,1590.0,31577.0,82.0,4,Premium Dining Market,Beverage-led restaurant,higher-income trade area,MEM_compstore_restaurants.csv
38002,38002,Arlington,TN,Shelby,35.28854,-89.70926,42797.0,2.86,145.7,RURAL,109364,adult,5.297214841058951,1590.0,31577.0,59.0,9,Premium Dining Market,Chicken-focused restaurant,higher-income trade area,MEM_compstore_restaurants.csv
38125,38125,Memphis,TN,Shelby,35.02537,-89.78936,43305.0,2.8,875.1,RURAL,80116,millennial,16.983629585607,1590.0,31577.0,50.0,9,Premium Dining Market,Fast-service restaurant,higher-income trade area,MEM_compstore_restaurants.csv
38002,38002,Arlington,TN,Shelby,35.28854,-89.70926,42797.0,2.86,145.7,RURAL,109364,adult,5.297214841058951,1590.0,31577.0,59.0,9,Premium Dining Market,Fast-service restaurant,higher-income trade area,MEM_compstore_restaurants.csv
38125,38125,Memphis,TN,Shelby,35.02537,-89.78936,43305.0,2.8,875.1,RURAL,80116,millennial,16.983629585607,1590.0,31577.0,50.0,9,Premium Dining Market,Fast-service restaurant,higher-income trade area,MEM_compstore_restaurants.csv
38119,38119,Memphis,TN,Shelby,35.07986,-89.84593,22990.0,2.31,1027.6,SUBURBAN,92500,adult,-2.1327316844749054,1590.0,31577.0,63.0,4,Premium Dining Market,Wings-focused restaurant,higher-income trade area,MEM_compstore_restaurants.csv
38109,38109,Memphis,TN,Shelby,35.0341,-90.13533,45204.0,2.7,274.5,RURAL,35018,millennial,2.5987879888331555,1590.0,31577.0,23.0,3,Family Value Market,Fast-service restaurant,value-oriented trade area,MEM_compstore_restaurants.csv
38133,38133,Memphis,TN,Shelby,35.21292,-89.79474,21383.0,2.69,632.7,RURAL,74775,millennial,0.3519804768162193,1590.0,31577.0,85.0,9,Premium Dining Market,Mexican cuisine restaurant,higher-income trade area,MEM_compstore_restaurants.csv
38002,38002,Arlington,TN,Shelby,35.28854,-89.70926,42797.0,2.86,145.7,RURAL,109364,adult,5.297214841058951,1590.0,31577.0,59.0,9,Premium Dining Market,Fast-service restaurant,higher-income trade area,MEM_compstore_restaurants.csv
38116,38116,Memphis,TN,Shelby,35.03213,-90.01001,40212.0,2.61,787.7,RURAL,42354,millennial,-0.5785491766800178,1590.0,31577.0,70.0,8,Social Dining Market,Mexican cuisine restaurant,value-oriented trade area,MEM_compstore_restaurants.csv
38672,38672,Southaven,MS,DeSoto,34.93727,-89.94943,15602.0,2.94,487.4,RURAL,103692,millennial,15.467732386027237,351.0,8323.0,37.0,4,Premium Dining Market,Health-oriented restaurant,higher-income trade area,MEM_compstore_restaurants.csv
38115,38115,Memphis,TN,Shelby,35.05499,-89.86362,36574.0,2.25,1731.5,SUBURBAN,39176,young,-11.693266050172635,1590.0,31577.0,65.0,8,Social Dining Market,Health-oriented restaurant,value-oriented trade area,MEM_compstore_restaurants.csv
38017,38017,Collierville,TN,Shelby,35.06722,-89.65347,55570.0,2.83,267.7,RURAL,131354,adult,3.716008137516565,1590.0,31577.0,74.0,9,Premium Dining Market,Chicken-focused restaurant,higher-income trade area,MEM_compstore_restaurants.csv
38654,38654,Olive Branch,MS,DeSoto,34.93635,-89.82409,56449.0,2.73,243.5,RURAL,96145,millennial,10.70602078838988,351.0,8323.0,98.0,9,Premium Dining Market,Chicken-focused restaurant,higher-income trade area,MEM_compstore_restaurants.csv
38118,38118,Memphis,TN,Shelby,35.03655,-89.93021,39373.0,2.97,495.6,RURAL,41830,young,1.0263515767326097,1590.0,31577.0,54.0,8,Social Dining Market,Fast-service restaurant,value-oriented trade area,MEM_compstore_restaurants.csv
38105,38105,Memphis,TN,Shelby,35.1512,-90.03541,5215.0,1.56,1264.1,SUBURBAN,26250,adult,-19.719827586206897,1590.0,31577.0,16.0,0,Social Dining Market,Health-oriented restaurant,value-oriented trade area,MEM_compstore_restaurants.csv
38133,38133,Memphis,TN,Shelby,35.21292,-89.79474,21383.0,2.69,632.7,RURAL,74775,millennial,0.3519804768162193,1590.0,31577.0,85.0,9,Premium Dining Market,Fast-service restaurant,higher-income trade area,MEM_compstore_restaurants.csv
38122,38122,Memphis,TN,Shelby,35.1571,-89.92247,24014.0,2.67,1473.8,SUBURBAN,45065,millennial,-5.901253918495298,1590.0,31577.0,56.0,0,Social Dining Market,Health-oriented restaurant,value-oriented trade area,MEM_compstore_restaurants.csv
72370,72370,Osceola,AR,Mississippi,35.68443,-90.07734,7265.0,2.73,22.4,RURAL,43949,millennial,-7.8980730223123725,66.0,932.0,4.0,11,Healthy Lifestyle Market,Chicken-focused restaurant,value-oriented trade area,MEM_compstore_restaurants.csv
38671,38671,Southaven,MS,DeSoto,34.96376,-89.99567,37288.0,2.61,648.3,RURAL,58854,millennial,1.8102389078498295,351.0,8323.0,83.0,0,Social Dining Market,Beverage-led restaurant,mid-market trade area,MEM_compstore_restaurants.csv
38016,38016,Cordova,TN,Shelby,35.17956,-89.76046,46394.0,2.49,940.8,RURAL,72749,millennial,0.23549746138057684,1590.0,31577.0,83.0,4,Premium Dining Market,Beverage-led restaurant,higher-income trade area,MEM_compstore_restaurants.csv
38004,38004,Atoka,TN,Tipton,35.41909,-89.76687,11604.0,2.68,169.4,RURAL,89396,millennial,11.298676385958181,70.0,1131.0,16.0,1,Premium Dining Market,Health-oriented restaurant,higher-income trade area,MEM_compstore_restaurants.csv
72364,72364,Marion,AR,Crittenden,35.2126,-90.18573,16314.0,2.68,77.4,RURAL,73762,millennial,2.391263415552627,66.0,1111.0,19.0,5,Social Dining Market,Health-oriented restaurant,higher-income trade area,MEM_compstore_restaurants.csv
38118,38118,Memphis,TN,Shelby,35.03655,-89.93021,39373.0,2.97,495.6,RURAL,41830,young,1.0263515767326097,1590.0,31577.0,54.0,8,Social Dining Market,Health-oriented restaurant,value-oriented trade area,MEM_compstore_restaurants.csv
38018,38018,Cordova,TN,Shelby,35.13781,-89.76647,38338.0,2.71,797.3,RURAL,82355,millennial,2.837982832618026,1590.0,31577.0,82.0,9,Premium Dining Market,Fast-service restaurant,higher-income trade area,MEM_compstore_restaurants.csv
38103,38103,Memphis,TN,Shelby,35.15308,-90.05518,13981.0,1.53,2115.1,SUBURBAN,89851,millennial,-0.40604074654509187,1590.0,31577.0,91.0,4,Premium Dining Market,Health-oriented restaurant,higher-income trade area,MEM_compstore_restaurants.csv
38116,38116,Memphis,TN,Shelby,35.03213,-90.01001,40212.0,2.61,787.7,RURAL,42354,millennial,-0.5785491766800178,1590.0,31577.0,70.0,8,Social Dining Market,Mexican cuisine restaurant,value-oriented trade area,MEM_compstore_restaurants.csv
38133,38133,Memphis,TN,Shelby,35.21292,-89.79474,21383.0,2.69,632.7,RURAL,74775,millennial,0.3519804768162193,1590.0,31577.0,85.0,9,Premium Dining Market,Health-oriented restaurant,higher-income trade area,MEM_compstore_restaurants.csv
38018,38018,Cordova,TN,Shelby,35.13781,-89.76647,38338.0,2.71,797.3,RURAL,82355,millennial,2.837982832618026,1590.0,31577.0,82.0,9,Premium Dining Market,General restaurant,higher-income trade area,MEM_compstore_restaurants.csv
38002,38002,Arlington,TN,Shelby,35.28854,-89.70926,42797.0,2.86,145.7,RURAL,109364,adult,5.297214841058951,1590.0,31577.0,59.0,9,Premium Dining Market,Wings-focused restaurant,higher-income trade area,MEM_compstore_restaurants.csv
38122,38122,Memphis,TN,Shelby,35.1571,-89.92247,24014.0,2.67,1473.8,SUBURBAN,45065,millennial,-5.901253918495298,1590.0,31577.0,56.0,0,Social Dining Market,Beverage-led restaurant,value-oriented trade area,MEM_compstore_restaurants.csv
38125,38125,Memphis,TN,Shelby,35.02537,-89.78936,43305.0,2.8,875.1,RURAL,80116,millennial,16.983629585607,1590.0,31577.0,50.0,9,Premium Dining Market,Fast-service restaurant,higher-income trade area,MEM_compstore_restaurants.csv
38016,38016,Cordova,TN,Shelby,35.17956,-89.76046,46394.0,2.49,940.8,RURAL,72749,millennial,0.23549746138057684,1590.0,31577.0,83.0,4,Premium Dining Market,Wings-focused restaurant,higher-income trade area,MEM_compstore_restaurants.csv
38632,38632,Hernando,MS,DeSoto,34.79973,-90.00629,29491.0,2.69,74.7,RURAL,80956,millennial,9.864769213575233,351.0,8323.0,28.0,5,Social Dining Market,Wings-focused restaurant,higher-income trade area,MEM_compstore_restaurants.csv
38106,38106,Memphis,TN,Shelby,35.10067,-90.0375,23140.0,2.44,778.4,RURAL,29098,adult,-7.001044932079415,1590.0,31577.0,22.0,3,Family Value Market,Wings-focused restaurant,value-oriented trade area,MEM_compstore_restaurants.csv
38606,38606,Batesville,MS,Panola,34.30375,-89.9581,15509.0,2.68,24.9,RURAL,59444,millennial,2.6474286848898005,44.0,813.0,5.0,5,Social Dining Market,Mexican cuisine restaurant,mid-market trade area,MEM_compstore_restaurants.csv
38103,38103,Memphis,TN,Shelby,35.15308,-90.05518,13981.0,1.53,2115.1,SUBURBAN,89851,millennial,-0.40604074654509187,1590.0,31577.0,91.0,4,Premium Dining Market,General restaurant,higher-income trade area,MEM_compstore_restaurants.csv
38111,38111,Memphis,TN,Shelby,35.11014,-89.94429,42322.0,2.35,1656.5,SUBURBAN,50151,millennial,-3.833306823604263,1590.0,31577.0,79.0,0,Social Dining Market,Seafood-focused restaurant,mid-market trade area,MEM_compstore_restaurants.csv
38133,38133,Memphis,TN,Shelby,35.21292,-89.79474,21383.0,2.69,632.7,RURAL,74775,millennial,0.3519804768162193,1590.0,31577.0,85.0,9,Premium Dining Market,Wings-focused restaurant,higher-income trade area,MEM_compstore_restaurants.csv
38103,38103,Memphis,TN,Shelby,35.15308,-90.05518,13981.0,1.53,2115.1,SUBURBAN,89851,millennial,-0.40604074654509187,1590.0,31577.0,91.0,4,Premium Dining Market,Beverage-led restaurant,higher-income trade area,MEM_compstore_restaurants.csv
38016,38016,Cordova,TN,Shelby,35.17956,-89.76046,46394.0,2.49,940.8,RURAL,72749,millennial,0.23549746138057684,1590.0,31577.0,83.0,4,Premium Dining Market,Asian cuisine restaurant,higher-income trade area,MEM_compstore_restaurants.csv
38671,38671,Southaven,MS,DeSoto,34.96376,-89.99567,37288.0,2.61,648.3,RURAL,58854,millennial,1.8102389078498295,351.0,8323.0,83.0,0,Social Dining Market,Wings-focused restaurant,mid-market trade area,MEM_compstore_restaurants.csv
38018,38018,Cordova,TN,Shelby,35.13781,-89.76647,38338.0,2.71,797.3,RURAL,82355,millennial,2.837982832618026,1590.0,31577.0,82.0,9,Premium Dining Market,Fast-service restaurant,higher-income trade area,MEM_compstore_restaurants.csv
38004,38004,Atoka,TN,Tipton,35.41909,-89.76687,11604.0,2.68,169.4,RURAL,89396,millennial,11.298676385958181,70.0,1131.0,16.0,1,Premium Dining Market,Fast-service restaurant,higher-income trade area,MEM_compstore_restaurants.csv
38122,38122,Memphis,TN,Shelby,35.1571,-89.92247,24014.0,2.67,1473.8,SUBURBAN,45065,millennial,-5.901253918495298,1590.0,31577.0,56.0,0,Social Dining Market,Beverage-led restaurant,value-oriented trade area,MEM_compstore_restaurants.csv
38017,38017,Collierville,TN,Shelby,35.06722,-89.65347,55570.0,2.83,267.7,RURAL,131354,adult,3.716008137516565,1590.0,31577.0,74.0,9,Premium Dining Market,Health-oriented restaurant,higher-income trade area,MEM_compstore_restaurants.csv
38111,38111,Memphis,TN,Shelby,35.11014,-89.94429,42322.0,2.35,1656.5,SUBURBAN,50151,millennial,-3.833306823604263,1590.0,31577.0,79.0,0,Social Dining Market,Wings-focused restaurant,mid-market trade area,MEM_compstore_restaurants.csv
38104,38104,Memphis,TN,Shelby,35.13253,-90.00435,23408.0,1.76,1764.8,SUBURBAN,53351,millennial,-0.7883360176316013,1590.0,31577.0,112.0,0,Social Dining Market,Asian cuisine restaurant,mid-market trade area,MEM_compstore_restaurants.csv
38104,38104,Memphis,TN,Shelby,35.13253,-90.00435,23408.0,1.76,1764.8,SUBURBAN,53351,millennial,-0.7883360176316013,1590.0,31577.0,112.0,0,Social Dining Market,Beverage-led restaurant,mid-market trade area,MEM_compstore_restaurants.csv
38138,38138,Germantown,TN,Shelby,35.08477,-89.7993,25465.0,2.52,819.5,RURAL,122627,adult,2.5326139474955713,1590.0,31577.0,82.0,4,Premium Dining Market,Mexican cuisine restaurant,higher-income trade area,MEM_compstore_restaurants.csv
38671,38671,Southaven,MS,DeSoto,34.96376,-89.99567,37288.0,2.61,648.3,RURAL,58854,millennial,1.8102389078498295,351.0,8323.0,83.0,0,Social Dining Market,Health-oriented restaurant,mid-market trade area,MEM_compstore_restaurants.csv
38672,38672,Southaven,MS,DeSoto,34.93727,-89.94943,15602.0,2.94,487.4,RURAL,103692,millennial,15.467732386027237,351.0,8323.0,37.0,4,Premium Dining Market,Health-oriented restaurant,higher-income trade area,MEM_compstore_restaurants.csv
72364,72364,Marion,AR,Crittenden,35.2126,-90.18573,16314.0,2.68,77.4,RURAL,73762,millennial,2.391263415552627,66.0,1111.0,19.0,5,Social Dining Market,Wings-focused restaurant,higher-income trade area,MEM_compstore_restaurants.csv
38126,38126,Memphis,TN,Shelby,35.12695,-90.04378,6034.0,2.21,1235.7,SUBURBAN,19844,young,2.8464291801602184,1590.0,31577.0,7.0,3,Family Value Market,Fast-service restaurant,value-oriented trade area,MEM_compstore_restaurants.csv
38134,38134,Memphis,TN,Shelby,35.17674,-89.85992,42789.0,2.67,913.5,RURAL,57630,millennial,-2.9683885890516577,1590.0,31577.0,90.0,0,Social Dining Market,Fast-service restaurant,mid-market trade area,MEM_compstore_restaurants.csv
38016,38016,Cordova,TN,Shelby,35.17956,-89.76046,46394.0,2.49,940.8,RURAL,72749,millennial,0.23549746138057684,1590.0,31577.0,83.0,4,Premium Dining Market,General restaurant,higher-income trade area,MEM_compstore_restaurants.csv
38125,38125,Memphis,TN,Shelby,35.02537,-89.78936,43305.0,2.8,875.1,RURAL,80116,millennial,16.983629585607,1590.0,31577.0,50.0,9,Premium Dining Market,Beverage-led restaurant,higher-income trade area,MEM_compstore_restaurants.csv
38018,38018,Cordova,TN,Shelby,35.13781,-89.76647,38338.0,2.71,797.3,RURAL,82355,millennial,2.837982832618026,1590.0,31577.0,82.0,9,Premium Dining Market,Wings-focused restaurant,higher-income trade area,MEM_compstore_restaurants.csv
38111,38111,Memphis,TN,Shelby,35.11014,-89.94429,42322.0,2.35,1656.5,SUBURBAN,50151,millennial,-3.833306823604263,1590.0,31577.0,79.0,0,Social Dining Market,Beverage-led restaurant,mid-market trade area,MEM_compstore_restaurants.csv
38671,38671,Southaven,MS,DeSoto,34.96376,-89.99567,37288.0,2.61,648.3,RURAL,58854,millennial,1.8102389078498295,351.0,8323.0,83.0,0,Social Dining Market,General restaurant,mid-market trade area,MEM_compstore_restaurants.csv
38654,38654,Olive Branch,MS,DeSoto,34.93635,-89.82409,56449.0,2.73,243.5,RURAL,96145,millennial,10.70602078838988,351.0,8323.0,98.0,9,Premium Dining Market,Fast-service restaurant,higher-income trade area,MEM_compstore_restaurants.csv
38016,38016,Cordova,TN,Shelby,35.17956,-89.76046,46394.0,2.49,940.8,RURAL,72749,millennial,0.23549746138057684,1590.0,31577.0,83.0,4,Premium Dining Market,Fast-service restaurant,higher-income trade area,MEM_compstore_restaurants.csv
38128,38128,Memphis,TN,Shelby,35.22623,-89.92612,44400.0,2.78,688.7,RURAL,40497,millennial,-1.9975720119192142,1590.0,31577.0,43.0,8,Social Dining Market,Chicken-focused restaurant,value-oriented trade area,MEM_compstore_restaurants.csv
38654,38654,Olive Branch,MS,DeSoto,34.93635,-89.82409,56449.0,2.73,243.5,RURAL,96145,millennial,10.70602078838988,351.0,8323.0,98.0,9,Premium Dining Market,Chicken-focused restaurant,higher-income trade area,MEM_compstore_restaurants.csv
38668,38668,Senatobia,MS,Tate,34.60109,-89.92505,14076.0,2.51,35.6,RURAL,67077,millennial,-0.4526166902404526,44.0,560.0,16.0,5,Social Dining Market,Beverage-led restaurant,mid-market trade area,MEM_compstore_restaurants.csv
38635,38635,Holly Springs,MS,Marshall,34.7677,-89.47896,15608.0,2.58,17.4,RURAL,55723,millennial,0.0,32.0,405.0,10.0,0,Social Dining Market,Fast-service restaurant,mid-market trade area,MEM_compstore_restaurants.csv
38104,38104,Memphis,TN,Shelby,35.13253,-90.00435,23408.0,1.76,1764.8,SUBURBAN,53351,millennial,-0.7883360176316013,1590.0,31577.0,112.0,0,Social Dining Market,Fast-service restaurant,mid-market trade area,MEM_compstore_restaurants.csv
38128,38128,Memphis,TN,Shelby,35.22623,-89.92612,44400.0,2.78,688.7,RURAL,40497,millennial,-1.9975720119192142,1590.0,31577.0,43.0,8,Social Dining Market,Fast-service restaurant,value-oriented trade area,MEM_compstore_restaurants.csv
38116,38116,Memphis,TN,Shelby,35.03213,-90.01001,40212.0,2.61,787.7,RURAL,42354,millennial,-0.5785491766800178,1590.0,31577.0,70.0,8,Social Dining Market,Fast-service restaurant,value-oriented trade area,MEM_compstore_restaurants.csv
38114,38114,Memphis,TN,Shelby,35.09648,-89.98596,22112.0,2.2,1031.6,SUBURBAN,29492,adult,-16.545893719806763,1590.0,31577.0,19.0,3,Family Value Market,Fast-service restaurant,value-oriented trade area,MEM_compstore_restaurants.csv
72301,72301,West Memphis,AR,Crittenden,35.13363,-90.17883,24404.0,2.47,313.2,RURAL,41022,millennial,-1.4895248859645582,66.0,1111.0,37.0,3,Family Value Market,Seafood-focused restaurant,value-oriented trade area,MEM_compstore_restaurants.csv
38126,38126,Memphis,TN,Shelby,35.12695,-90.04378,6034.0,2.21,1235.7,SUBURBAN,19844,young,2.8464291801602184,1590.0,31577.0,7.0,3,Family Value Market,Fast-service restaurant,value-oriented trade area,MEM_compstore_restaurants.csv
38018,38018,Cordova,TN,Shelby,35.13781,-89.76647,38338.0,2.71,797.3,RURAL,82355,millennial,2.837982832618026,1590.0,31577.0,82.0,9,Premium Dining Market,General restaurant,higher-income trade area,MEM_compstore_restaurants.csv
38138,38138,Germantown,TN,Shelby,35.08477,-89.7993,25465.0,2.52,819.5,RURAL,122627,adult,2.5326139474955713,1590.0,31577.0,82.0,4,Premium Dining Market,Chicken-focused restaurant,higher-income trade area,MEM_compstore_restaurants.csv
38002,38002,Arlington,TN,Shelby,35.28854,-89.70926,42797.0,2.86,145.7,RURAL,109364,adult,5.297214841058951,1590.0,31577.0,59.0,9,Premium Dining Market,Chicken-focused restaurant,higher-income trade area,MEM_compstore_restaurants.csv
38654,38654,Olive Branch,MS,DeSoto,34.93635,-89.82409,56449.0,2.73,243.5,RURAL,96145,millennial,10.70602078838988,351.0,8323.0,98.0,9,Premium Dining Market,Chicken-focused restaurant,higher-income trade area,MEM_compstore_restaurants.csv
38134,38134,Memphis,TN,Shelby,35.17674,-89.85992,42789.0,2.67,913.5,RURAL,57630,millennial,-2.9683885890516577,1590.0,31577.0,90.0,0,Social Dining Market,Wings-focused restaurant,mid-market trade area,MEM_compstore_restaurants.csv
38671,38671,Southaven,MS,DeSoto,34.96376,-89.99567,37288.0,2.61,648.3,RURAL,58854,millennial,1.8102389078498295,351.0,8323.0,83.0,0,Social Dining Market,Fast-service restaurant,mid-market trade area,MEM_compstore_restaurants.csv
38109,38109,Memphis,TN,Shelby,35.0341,-90.13533,45204.0,2.7,274.5,RURAL,35018,millennial,2.5987879888331555,1590.0,31577.0,23.0,3,Family Value Market,Chicken-focused restaurant,value-oriented trade area,MEM_compstore_restaurants.csv
38068,38068,Somerville,TN,Fayette,35.25972,-89.3349,10801.0,2.69,15.6,RURAL,67538,adult,7.099652949925632,33.0,417.0,7.0,5,Social Dining Market,Wings-focused restaurant,mid-market trade area,MEM_compstore_restaurants.csv
38672,38672,Southaven,MS,DeSoto,34.93727,-89.94943,15602.0,2.94,487.4,RURAL,103692,millennial,15.467732386027237,351.0,8323.0,37.0,4,Premium Dining Market,Wings-focused restaurant,higher-income trade area,MEM_compstore_restaurants.csv
38133,38133,Memphis,TN,Shelby,35.21292,-89.79474,21383.0,2.69,632.7,RURAL,74775,millennial,0.3519804768162193,1590.0,31577.0,85.0,9,Premium Dining Market,Wings-focused restaurant,higher-income trade area,MEM_compstore_restaurants.csv
38672,38672,Southaven,MS,DeSoto,34.93727,-89.94943,15602.0,2.94,487.4,RURAL,103692,millennial,15.467732386027237,351.0,8323.0,37.0,4,Premium Dining Market,Wings-focused restaurant,higher-income trade area,MEM_compstore_restaurants.csv
38002,38002,Arlington,TN,Shelby,35.28854,-89.70926,42797.0,2.86,145.7,RURAL,109364,adult,5.297214841058951,1590.0,31577.0,59.0,9,Premium Dining Market,Fast-service restaurant,higher-income trade area,MEM_compstore_restaurants.csv
38116,38116,Memphis,TN,Shelby,35.03213,-90.01001,40212.0,2.61,787.7,RURAL,42354,millennial,-0.5785491766800178,1590.0,31577.0,70.0,8,Social Dining Market,Fast-service restaurant,value-oriented trade area,MEM_compstore_restaurants.csv
38138,38138,Germantown,TN,Shelby,35.08477,-89.7993,25465.0,2.52,819.5,RURAL,122627,adult,2.5326139474955713,1590.0,31577.0,82.0,4,Premium Dining Market,General restaurant,higher-income trade area,MEM_compstore_restaurants.csv
38106,38106,Memphis,TN,Shelby,35.10067,-90.0375,23140.0,2.44,778.4,RURAL,29098,adult,-7.001044932079415,1590.0,31577.0,22.0,3,Family Value Market,Health-oriented restaurant,value-oriented trade area,MEM_compstore_restaurants.csv
38606,38606,Batesville,MS,Panola,34.30375,-89.9581,15509.0,2.68,24.9,RURAL,59444,millennial,2.6474286848898005,44.0,813.0,5.0,5,Social Dining Market,Wings-focused restaurant,mid-market trade area,MEM_compstore_restaurants.csv
38017,38017,Collierville,TN,Shelby,35.06722,-89.65347,55570.0,2.83,267.7,RURAL,131354,adult,3.716008137516565,1590.0,31577.0,74.0,9,Premium Dining Market,Fast-service restaurant,higher-income trade area,MEM_compstore_restaurants.csv
38115,38115,Memphis,TN,Shelby,35.05499,-89.86362,36574.0,2.25,1731.5,SUBURBAN,39176,young,-11.693266050172635,1590.0,31577.0,65.0,8,Social Dining Market,Wings-focused restaurant,value-oriented trade area,MEM_compstore_restaurants.csv
38122,38122,Memphis,TN,Shelby,35.1571,-89.92247,24014.0,2.67,1473.8,SUBURBAN,45065,millennial,-5.901253918495298,1590.0,31577.0,56.0,0,Social Dining Market,Wings-focused restaurant,value-oriented trade area,MEM_compstore_restaurants.csv
38671,38671,Southaven,MS,DeSoto,34.96376,-89.99567,37288.0,2.61,648.3,RURAL,58854,millennial,1.8102389078498295,351.0,8323.0,83.0,0,Social Dining Market,Chicken-focused restaurant,mid-market trade area,MEM_compstore_restaurants.csv
38141,38141,Memphis,TN,Shelby,35.01599,-89.85472,23123.0,2.91,1184.3,SUBURBAN,67584,millennial,4.110760918505178,1590.0,31577.0,20.0,5,Social Dining Market,Chicken-focused restaurant,mid-market trade area,MEM_compstore_restaurants.csv
38118,38118,Memphis,TN,Shelby,35.03655,-89.93021,39373.0,2.97,495.6,RURAL,41830,young,1.0263515767326097,1590.0,31577.0,54.0,8,Social Dining Market,Fast-service restaurant,value-oriented trade area,MEM_compstore_restaurants.csv
38109,38109,Memphis,TN,Shelby,35.0341,-90.13533,45204.0,2.7,274.5,RURAL,35018,millennial,2.5987879888331555,1590.0,31577.0,23.0,3,Family Value Market,Wings-focused restaurant,value-oriented trade area,MEM_compstore_restaurants.csv
38118,38118,Memphis,TN,Shelby,35.03655,-89.93021,39373.0,2.97,495.6,RURAL,41830,young,1.0263515767326097,1590.0,31577.0,54.0,8,Social Dining Market,Wings-focused restaurant,value-oriented trade area,MEM_compstore_restaurants.csv
38133,38133,Memphis,TN,Shelby,35.21292,-89.79474,21383.0,2.69,632.7,RURAL,74775,millennial,0.3519804768162193,1590.0,31577.0,85.0,9,Premium Dining Market,Asian cuisine restaurant,higher-income trade area,MEM_compstore_restaurants.csv
38133,38133,Memphis,TN,Shelby,35.21292,-89.79474,21383.0,2.69,632.7,RURAL,74775,millennial,0.3519804768162193,1590.0,31577.0,85.0,9,Premium Dining Market,Health-oriented restaurant,higher-income trade area,MEM_compstore_restaurants.csv
72365,72365,Marked Tree,AR,Poinsett,35.56181,-90.41857,2580.0,2.62,11.2,RURAL,36587,adult,-12.005457025920874,30.0,392.0,2.0,12,Family Value Market,Chicken-focused restaurant,value-oriented trade area,MEM_compstore_restaurants.csv
38018,38018,Cordova,TN,Shelby,35.13781,-89.76647,38338.0,2.71,797.3,RURAL,82355,millennial,2.837982832618026,1590.0,31577.0,82.0,9,Premium Dining Market,Wings-focused restaurant,higher-income trade area,MEM_compstore_restaurants.csv
38018,38018,Cordova,TN,Shelby,35.13781,-89.76647,38338.0,2.71,797.3,RURAL,82355,millennial,2.837982832618026,1590.0,31577.0,82.0,9,Premium Dining Market,Chicken-focused restaurant,higher-income trade area,MEM_compstore_restaurants.csv
38122,38122,Memphis,TN,Shelby,35.1571,-89.92247,24014.0,2.67,1473.8,SUBURBAN,45065,millennial,-5.901253918495298,1590.0,31577.0,56.0,0,Social Dining Market,Wings-focused restaurant,value-oriented trade area,MEM_compstore_restaurants.csv
38060,38060,Oakland,TN,Fayette,35.21214,-89.50468,11713.0,2.56,108.0,RURAL,80478,adult,21.37823834196891,33.0,417.0,22.0,1,Premium Dining Market,Wings-focused restaurant,higher-income trade area,MEM_compstore_restaurants.csv
38115,38115,Memphis,TN,Shelby,35.05499,-89.86362,36574.0,2.25,1731.5,SUBURBAN,39176,young,-11.693266050172635,1590.0,31577.0,65.0,8,Social Dining Market,Fast-service restaurant,value-oriented trade area,MEM_compstore_restaurants.csv
38128,38128,Memphis,TN,Shelby,35.22623,-89.92612,44400.0,2.78,688.7,RURAL,40497,millennial,-1.9975720119192142,1590.0,31577.0,43.0,8,Social Dining Market,Seafood-focused restaurant,value-oriented trade area,MEM_compstore_restaurants.csv
38019,38019,Covington,TN,Tipton,35.56114,-89.6304,15466.0,2.55,43.3,RURAL,57124,millennial,-2.262386248736097,70.0,1131.0,23.0,1,Premium Dining Market,Wings-focused restaurant,mid-market trade area,MEM_compstore_restaurants.csv
38004,38004,Atoka,TN,Tipton,35.41909,-89.76687,11604.0,2.68,169.4,RURAL,89396,millennial,11.298676385958181,70.0,1131.0,16.0,1,Premium Dining Market,Wings-focused restaurant,higher-income trade area,MEM_compstore_restaurants.csv
38654,38654,Olive Branch,MS,DeSoto,34.93635,-89.82409,56449.0,2.73,243.5,RURAL,96145,millennial,10.70602078838988,351.0,8323.0,98.0,9,Premium Dining Market,Asian cuisine restaurant,higher-income trade area,MEM_compstore_restaurants.csv
38133,38133,Memphis,TN,Shelby,35.21292,-89.79474,21383.0,2.69,632.7,RURAL,74775,millennial,0.3519804768162193,1590.0,31577.0,85.0,9,Premium Dining Market,Chicken-focused restaurant,higher-income trade area,MEM_compstore_restaurants.csv
72301,72301,West Memphis,AR,Crittenden,35.13363,-90.17883,24404.0,2.47,313.2,RURAL,41022,millennial,-1.4895248859645582,66.0,1111.0,37.0,3,Family Value Market,Beverage-led restaurant,value-oriented trade area,MEM_compstore_restaurants.csv
38111,38111,Memphis,TN,Shelby,35.11014,-89.94429,42322.0,2.35,1656.5,SUBURBAN,50151,millennial,-3.833306823604263,1590.0,31577.0,79.0,0,Social Dining Market,Asian cuisine restaurant,mid-market trade area,MEM_compstore_restaurants.csv
38117,38117,Memphis,TN,Shelby,35.11504,-89.90551,26430.0,2.29,1059.9,SUBURBAN,91680,adult,0.6627056672760512,1590.0,31577.0,84.0,4,Premium Dining Market,General restaurant,higher-income trade area,MEM_compstore_restaurants.csv
38116,38116,Memphis,TN,Shelby,35.03213,-90.01001,40212.0,2.61,787.7,RURAL,42354,millennial,-0.5785491766800178,1590.0,31577.0,70.0,8,Social Dining Market,Asian cuisine restaurant,value-oriented trade area,MEM_compstore_restaurants.csv
38115,38115,Memphis,TN,Shelby,35.05499,-89.86362,36574.0,2.25,1731.5,SUBURBAN,39176,young,-11.693266050172635,1590.0,31577.0,65.0,8,Social Dining Market,Health-oriented restaurant,value-oriented trade area,MEM_compstore_restaurants.csv
38133,38133,Memphis,TN,Shelby,35.21292,-89.79474,21383.0,2.69,632.7,RURAL,74775,millennial,0.3519804768162193,1590.0,31577.0,85.0,9,Premium Dining Market,Beverage-led restaurant,higher-income trade area,MEM_compstore_restaurants.csv
38127,38127,Memphis,TN,Shelby,35.23795,-90.01753,40565.0,2.89,404.3,RURAL,34781,millennial,-9.74122777740694,1590.0,31577.0,29.0,3,Family Value Market,Health-oriented restaurant,value-oriented trade area,MEM_compstore_restaurants.csv
38122,38122,Memphis,TN,Shelby,35.1571,-89.92247,24014.0,2.67,1473.8,SUBURBAN,45065,millennial,-5.901253918495298,1590.0,31577.0,56.0,0,Social Dining Market,Health-oriented restaurant,value-oriented trade area,MEM_compstore_restaurants.csv
38134,38134,Memphis,TN,Shelby,35.17674,-89.85992,42789.0,2.67,913.5,RURAL,57630,millennial,-2.9683885890516577,1590.0,31577.0,90.0,0,Social Dining Market,Health-oriented restaurant,mid-market trade area,MEM_compstore_restaurants.csv
38060,38060,Oakland,TN,Fayette,35.21214,-89.50468,11713.0,2.56,108.0,RURAL,80478,adult,21.37823834196891,33.0,417.0,22.0,1,Premium Dining Market,Health-oriented restaurant,higher-income trade area,MEM_compstore_restaurants.csv
38002,38002,Arlington,TN,Shelby,35.28854,-89.70926,42797.0,2.86,145.7,RURAL,109364,adult,5.297214841058951,1590.0,31577.0,59.0,9,Premium Dining Market,Health-oriented restaurant,higher-income trade area,MEM_compstore_restaurants.csv
38637,38637,Horn Lake,MS,DeSoto,34.95105,-90.05004,26652.0,2.66,649.4,RURAL,57111,millennial,-1.2852327863994963,351.0,8323.0,44.0,0,Social Dining Market,Health-oriented restaurant,mid-market trade area,MEM_compstore_restaurants.csv
38122,38122,Memphis,TN,Shelby,35.1571,-89.92247,24014.0,2.67,1473.8,SUBURBAN,45065,millennial,-5.901253918495298,1590.0,31577.0,56.0,0,Social Dining Market,Mexican cuisine restaurant,value-oriented trade area,MEM_compstore_restaurants.csv
38654,38654,Olive Branch,MS,DeSoto,34.93635,-89.82409,56449.0,2.73,243.5,RURAL,96145,millennial,10.70602078838988,351.0,8323.0,98.0,9,Premium Dining Market,Mexican cuisine restaurant,higher-income trade area,MEM_compstore_restaurants.csv
38112,38112,Memphis,TN,Shelby,35.14791,-89.97661,16334.0,2.25,1350.5,SUBURBAN,49560,millennial,-3.1427893738140416,1590.0,31577.0,28.0,0,Social Dining Market,Health-oriented restaurant,mid-market trade area,MEM_compstore_restaurants.csv
38671,38671,Southaven,MS,DeSoto,34.96376,-89.99567,37288.0,2.61,648.3,RURAL,58854,millennial,1.8102389078498295,351.0,8323.0,83.0,0,Social Dining Market,Health-oriented restaurant,mid-market trade area,MEM_compstore_restaurants.csv
38127,38127,Memphis,TN,Shelby,35.23795,-90.01753,40565.0,2.89,404.3,RURAL,34781,millennial,-9.74122777740694,1590.0,31577.0,29.0,3,Family Value Market,Fast-service restaurant,value-oriented trade area,MEM_compstore_restaurants.csv
38133,38133,Memphis,TN,Shelby,35.21292,-89.79474,21383.0,2.69,632.7,RURAL,74775,millennial,0.3519804768162193,1590.0,31577.0,85.0,9,Premium Dining Market,Wings-focused restaurant,higher-income trade area,MEM_compstore_restaurants.csv
38016,38016,Cordova,TN,Shelby,35.17956,-89.76046,46394.0,2.49,940.8,RURAL,72749,millennial,0.23549746138057684,1590.0,31577.0,83.0,4,Premium Dining Market,Seafood-focused restaurant,higher-income trade area,MEM_compstore_restaurants.csv
38654,38654,Olive Branch,MS,DeSoto,34.93635,-89.82409,56449.0,2.73,243.5,RURAL,96145,millennial,10.70602078838988,351.0,8323.0,98.0,9,Premium Dining Market,Wings-focused restaurant,higher-income trade area,MEM_compstore_restaurants.csv
38053,38053,Millington,TN,Shelby,35.33583,-89.95,25556.0,2.63,60.2,RURAL,57012,adult,-3.827193015466827,1590.0,31577.0,41.0,0,Social Dining Market,Wings-focused restaurant,mid-market trade area,MEM_compstore_restaurants.csv
38654,38654,Olive Branch,MS,DeSoto,34.93635,-89.82409,56449.0,2.73,243.5,RURAL,96145,millennial,10.70602078838988,351.0,8323.0,98.0,9,Premium Dining Market,Health-oriented restaurant,higher-income trade area,MEM_compstore_restaurants.csv
38103,38103,Memphis,TN,Shelby,35.15308,-90.05518,13981.0,1.53,2115.1,SUBURBAN,89851,millennial,-0.40604074654509187,1590.0,31577.0,91.0,4,Premium Dining Market,General restaurant,higher-income trade area,MEM_compstore_restaurants.csv
38637,38637,Horn Lake,MS,DeSoto,34.95105,-90.05004,26652.0,2.66,649.4,RURAL,57111,millennial,-1.2852327863994963,351.0,8323.0,44.0,0,Social Dining Market,Wings-focused restaurant,mid-market trade area,MEM_compstore_restaurants.csv
38016,38016,Cordova,TN,Shelby,35.17956,-89.76046,46394.0,2.49,940.8,RURAL,72749,millennial,0.23549746138057684,1590.0,31577.0,83.0,4,Premium Dining Market,Wings-focused restaurant,higher-income trade area,MEM_compstore_restaurants.csv
38103,38103,Memphis,TN,Shelby,35.15308,-90.05518,13981.0,1.53,2115.1,SUBURBAN,89851,millennial,-0.40604074654509187,1590.0,31577.0,91.0,4,Premium Dining Market,Beverage-led restaurant,higher-income trade area,MEM_compstore_restaurants.csv
38671,38671,Southaven,MS,DeSoto,34.96376,-89.99567,37288.0,2.61,648.3,RURAL,58854,millennial,1.8102389078498295,351.0,8323.0,83.0,0,Social Dining Market,Wings-focused restaurant,mid-market trade area,MEM_compstore_restaurants.csv
38671,38671,Southaven,MS,DeSoto,34.96376,-89.99567,37288.0,2.61,648.3,RURAL,58854,millennial,1.8102389078498295,351.0,8323.0,83.0,0,Social Dining Market,Seafood-focused restaurant,mid-market trade area,MEM_compstore_restaurants.csv
38127,38127,Memphis,TN,Shelby,35.23795,-90.01753,40565.0,2.89,404.3,RURAL,34781,millennial,-9.74122777740694,1590.0,31577.0,29.0,3,Family Value Market,Beverage-led restaurant,value-oriented trade area,MEM_compstore_restaurants.csv
38116,38116,Memphis,TN,Shelby,35.03213,-90.01001,40212.0,2.61,787.7,RURAL,42354,millennial,-0.5785491766800178,1590.0,31577.0,70.0,8,Social Dining Market,Asian cuisine restaurant,value-oriented trade area,MEM_compstore_restaurants.csv
38002,38002,Arlington,TN,Shelby,35.28854,-89.70926,42797.0,2.86,145.7,RURAL,109364,adult,5.297214841058951,1590.0,31577.0,59.0,9,Premium Dining Market,Beverage-led restaurant,higher-income trade area,MEM_compstore_restaurants.csv
38133,38133,Memphis,TN,Shelby,35.21292,-89.79474,21383.0,2.69,632.7,RURAL,74775,millennial,0.3519804768162193,1590.0,31577.0,85.0,9,Premium Dining Market,Chicken-focused restaurant,higher-income trade area,MEM_compstore_restaurants.csv
38114,38114,Memphis,TN,Shelby,35.09648,-89.98596,22112.0,2.2,1031.6,SUBURBAN,29492,adult,-16.545893719806763,1590.0,31577.0,19.0,3,Family Value Market,Wings-focused restaurant,value-oriented trade area,MEM_compstore_restaurants.csv
72370,72370,Osceola,AR,Mississippi,35.68443,-90.07734,7265.0,2.73,22.4,RURAL,43949,millennial,-7.8980730223123725,66.0,932.0,4.0,11,Healthy Lifestyle Market,Mexican cuisine restaurant,value-oriented trade area,MEM_compstore_restaurants.csv
38017,38017,Collierville,TN,Shelby,35.06722,-89.65347,55570.0,2.83,267.7,RURAL,131354,adult,3.716008137516565,1590.0,31577.0,74.0,9,Premium Dining Market,Fast-service restaurant,higher-income trade area,MEM_compstore_restaurants.csv
38668,38668,Senatobia,MS,Tate,34.60109,-89.92505,14076.0,2.51,35.6,RURAL,67077,millennial,-0.4526166902404526,44.0,560.0,16.0,5,Social Dining Market,Beverage-led restaurant,mid-market trade area,MEM_compstore_restaurants.csv
38115,38115,Memphis,TN,Shelby,35.05499,-89.86362,36574.0,2.25,1731.5,SUBURBAN,39176,young,-11.693266050172635,1590.0,31577.0,65.0,8,Social Dining Market,Mexican cuisine restaurant,value-oriented trade area,MEM_compstore_restaurants.csv
38103,38103,Memphis,TN,Shelby,35.15308,-90.05518,13981.0,1.53,2115.1,SUBURBAN,89851,millennial,-0.40604074654509187,1590.0,31577.0,91.0,4,Premium Dining Market,Beverage-led restaurant,higher-income trade area,MEM_compstore_restaurants.csv
72370,72370,Osceola,AR,Mississippi,35.68443,-90.07734,7265.0,2.73,22.4,RURAL,43949,millennial,-7.8980730223123725,66.0,932.0,4.0,11,Healthy Lifestyle Market,Health-oriented restaurant,value-oriented trade area,MEM_compstore_restaurants.csv
72396,72396,Wynne,AR,Cross,35.22966,-90.83559,12771.0,2.53,20.3,RURAL,51644,adult,-1.3136542771037787,24.0,341.0,13.0,11,Healthy Lifestyle Market,Wings-focused restaurant,mid-market trade area,MEM_compstore_restaurants.csv
38053,38053,Millington,TN,Shelby,35.33583,-89.95,25556.0,2.63,60.2,RURAL,57012,adult,-3.827193015466827,1590.0,31577.0,41.0,0,Social Dining Market,Wings-focused restaurant,mid-market trade area,MEM_compstore_restaurants.csv
38016,38016,Cordova,TN,Shelby,35.17956,-89.76046,46394.0,2.49,940.8,RURAL,72749,millennial,0.23549746138057684,1590.0,31577.0,83.0,4,Premium Dining Market,Beverage-led restaurant,higher-income trade area,MEM_compstore_restaurants.csv
38133,38133,Memphis,TN,Shelby,35.21292,-89.79474,21383.0,2.69,632.7,RURAL,74775,millennial,0.3519804768162193,1590.0,31577.0,85.0,9,Premium Dining Market,Chicken-focused restaurant,higher-income trade area,MEM_compstore_restaurants.csv
38118,38118,Memphis,TN,Shelby,35.03655,-89.93021,39373.0,2.97,495.6,RURAL,41830,young,1.0263515767326097,1590.0,31577.0,54.0,8,Social Dining Market,Wings-focused restaurant,value-oriented trade area,MEM_compstore_restaurants.csv
38141,38141,Memphis,TN,Shelby,35.01599,-89.85472,23123.0,2.91,1184.3,SUBURBAN,67584,millennial,4.110760918505178,1590.0,31577.0,20.0,5,Social Dining Market,Wings-focused restaurant,mid-market trade area,MEM_compstore_restaurants.csv
38133,38133,Memphis,TN,Shelby,35.21292,-89.79474,21383.0,2.69,632.7,RURAL,74775,millennial,0.3519804768162193,1590.0,31577.0,85.0,9,Premium Dining Market,Health-oriented restaurant,higher-income trade area,MEM_compstore_restaurants.csv
38016,38016,Cordova,TN,Shelby,35.17956,-89.76046,46394.0,2.49,940.8,RURAL,72749,millennial,0.23549746138057684,1590.0,31577.0,83.0,4,Premium Dining Market,Health-oriented restaurant,higher-income trade area,MEM_compstore_restaurants.csv
38018,38018,Cordova,TN,Shelby,35.13781,-89.76647,38338.0,2.71,797.3,RURAL,82355,millennial,2.837982832618026,1590.0,31577.0,82.0,9,Premium Dining Market,Beverage-led restaurant,higher-income trade area,MEM_compstore_restaurants.csv
38671,38671,Southaven,MS,DeSoto,34.96376,-89.99567,37288.0,2.61,648.3,RURAL,58854,millennial,1.8102389078498295,351.0,8323.0,83.0,0,Social Dining Market,Beverage-led restaurant,mid-market trade area,MEM_compstore_restaurants.csv
38104,38104,Memphis,TN,Shelby,35.13253,-90.00435,23408.0,1.76,1764.8,SUBURBAN,53351,millennial,-0.7883360176316013,1590.0,31577.0,112.0,0,Social Dining Market,Health-oriented restaurant,mid-market trade area,MEM_compstore_restaurants.csv
38632,38632,Hernando,MS,DeSoto,34.79973,-90.00629,29491.0,2.69,74.7,RURAL,80956,millennial,9.864769213575233,351.0,8323.0,28.0,5,Social Dining Market,Health-oriented restaurant,higher-income trade area,MEM_compstore_restaurants.csv
38118,38118,Memphis,TN,Shelby,35.03655,-89.93021,39373.0,2.97,495.6,RURAL,41830,young,1.0263515767326097,1590.0,31577.0,54.0,8,Social Dining Market,Health-oriented restaurant,value-oriented trade area,MEM_compstore_restaurants.csv
38127,38127,Memphis,TN,Shelby,35.23795,-90.01753,40565.0,2.89,404.3,RURAL,34781,millennial,-9.74122777740694,1590.0,31577.0,29.0,3,Family Value Market,Mexican cuisine restaurant,value-oriented trade area,MEM_compstore_restaurants.csv
38133,38133,Memphis,TN,Shelby,35.21292,-89.79474,21383.0,2.69,632.7,RURAL,74775,millennial,0.3519804768162193,1590.0,31577.0,85.0,9,Premium Dining Market,Mexican cuisine restaurant,higher-income trade area,MEM_compstore_restaurants.csv
38018,38018,Cordova,TN,Shelby,35.13781,-89.76647,38338.0,2.71,797.3,RURAL,82355,millennial,2.837982832618026,1590.0,31577.0,82.0,9,Premium Dining Market,Asian cuisine restaurant,higher-income trade area,MEM_compstore_restaurants.csv
38016,38016,Cordova,TN,Shelby,35.17956,-89.76046,46394.0,2.49,940.8,RURAL,72749,millennial,0.23549746138057684,1590.0,31577.0,83.0,4,Premium Dining Market,General restaurant,higher-income trade area,MEM_compstore_restaurants.csv
38018,38018,Cordova,TN,Shelby,35.13781,-89.76647,38338.0,2.71,797.3,RURAL,82355,millennial,2.837982832618026,1590.0,31577.0,82.0,9,Premium Dining Market,Fast-service restaurant,higher-income trade area,MEM_compstore_restaurants.csv
38018,38018,Cordova,TN,Shelby,35.13781,-89.76647,38338.0,2.71,797.3,RURAL,82355,millennial,2.837982832618026,1590.0,31577.0,82.0,9,Premium Dining Market,Wings-focused restaurant,higher-income trade area,MEM_compstore_restaurants.csv
38119,38119,Memphis,TN,Shelby,35.07986,-89.84593,22990.0,2.31,1027.6,SUBURBAN,92500,adult,-2.1327316844749054,1590.0,31577.0,63.0,4,Premium Dining Market,Fast-service restaurant,higher-income trade area,MEM_compstore_restaurants.csv
38117,38117,Memphis,TN,Shelby,35.11504,-89.90551,26430.0,2.29,1059.9,SUBURBAN,91680,adult,0.6627056672760512,1590.0,31577.0,84.0,4,Premium Dining Market,General restaurant,higher-income trade area,MEM_compstore_restaurants.csv
38017,38017,Collierville,TN,Shelby,35.06722,-89.65347,55570.0,2.83,267.7,RURAL,131354,adult,3.716008137516565,1590.0,31577.0,74.0,9,Premium Dining Market,Health-oriented restaurant,higher-income trade area,MEM_compstore_restaurants.csv
38138,38138,Germantown,TN,Shelby,35.08477,-89.7993,25465.0,2.52,819.5,RURAL,122627,adult,2.5326139474955713,1590.0,31577.0,82.0,4,Premium Dining Market,Chicken-focused restaurant,higher-income trade area,MEM_compstore_restaurants.csv
38002,38002,Arlington,TN,Shelby,35.28854,-89.70926,42797.0,2.86,145.7,RURAL,109364,adult,5.297214841058951,1590.0,31577.0,59.0,9,Premium Dining Market,Beverage-led restaurant,higher-income trade area,MEM_compstore_restaurants.csv
38104,38104,Memphis,TN,Shelby,35.13253,-90.00435,23408.0,1.76,1764.8,SUBURBAN,53351,millennial,-0.7883360176316013,1590.0,31577.0,112.0,0,Social Dining Market,Asian cuisine restaurant,mid-market trade area,MEM_compstore_restaurants.csv
38671,38671,Southaven,MS,DeSoto,34.96376,-89.99567,37288.0,2.61,648.3,RURAL,58854,millennial,1.8102389078498295,351.0,8323.0,83.0,0,Social Dining Market,Wings-focused restaurant,mid-market trade area,MEM_compstore_restaurants.csv
38117,38117,Memphis,TN,Shelby,35.11504,-89.90551,26430.0,2.29,1059.9,SUBURBAN,91680,adult,0.6627056672760512,1590.0,31577.0,84.0,4,Premium Dining Market,Health-oriented restaurant,higher-income trade area,MEM_compstore_restaurants.csv
38654,38654,Olive Branch,MS,DeSoto,34.93635,-89.82409,56449.0,2.73,243.5,RURAL,96145,millennial,10.70602078838988,351.0,8323.0,98.0,9,Premium Dining Market,Fast-service restaurant,higher-income trade area,MEM_compstore_restaurants.csv
38119,38119,Memphis,TN,Shelby,35.07986,-89.84593,22990.0,2.31,1027.6,SUBURBAN,92500,adult,-2.1327316844749054,1590.0,31577.0,63.0,4,Premium Dining Market,Asian cuisine restaurant,higher-income trade area,MEM_compstore_restaurants.csv
38128,38128,Memphis,TN,Shelby,35.22623,-89.92612,44400.0,2.78,688.7,RURAL,40497,millennial,-1.9975720119192142,1590.0,31577.0,43.0,8,Social Dining Market,Beverage-led restaurant,value-oriented trade area,MEM_compstore_restaurants.csv
38125,38125,Memphis,TN,Shelby,35.02537,-89.78936,43305.0,2.8,875.1,RURAL,80116,millennial,16.983629585607,1590.0,31577.0,50.0,9,Premium Dining Market,Beverage-led restaurant,higher-income trade area,MEM_compstore_restaurants.csv
38103,38103,Memphis,TN,Shelby,35.15308,-90.05518,13981.0,1.53,2115.1,SUBURBAN,89851,millennial,-0.40604074654509187,1590.0,31577.0,91.0,4,Premium Dining Market,Beverage-led restaurant,higher-income trade area,MEM_compstore_restaurants.csv
38111,38111,Memphis,TN,Shelby,35.11014,-89.94429,42322.0,2.35,1656.5,SUBURBAN,50151,millennial,-3.833306823604263,1590.0,31577.0,79.0,0,Social Dining Market,Mexican cuisine restaurant,mid-market trade area,MEM_compstore_restaurants.csv
38116,38116,Memphis,TN,Shelby,35.03213,-90.01001,40212.0,2.61,787.7,RURAL,42354,millennial,-0.5785491766800178,1590.0,31577.0,70.0,8,Social Dining Market,Seafood-focused restaurant,value-oriented trade area,MEM_compstore_restaurants.csv
38019,38019,Covington,TN,Tipton,35.56114,-89.6304,15466.0,2.55,43.3,RURAL,57124,millennial,-2.262386248736097,70.0,1131.0,23.0,1,Premium Dining Market,Wings-focused restaurant,mid-market trade area,MEM_compstore_restaurants.csv
38017,38017,Collierville,TN,Shelby,35.06722,-89.65347,55570.0,2.83,267.7,RURAL,131354,adult,3.716008137516565,1590.0,31577.0,74.0,9,Premium Dining Market,General restaurant,higher-income trade area,MEM_compstore_restaurants.csv
38125,38125,Memphis,TN,Shelby,35.02537,-89.78936,43305.0,2.8,875.1,RURAL,80116,millennial,16.983629585607,1590.0,31577.0,50.0,9,Premium Dining Market,Beverage-led restaurant,higher-income trade area,MEM_compstore_restaurants.csv
38139,38139,Germantown,TN,Shelby,35.08615,-89.75581,16627.0,2.85,730.4,RURAL,174396,adult,3.7890137328339577,1590.0,31577.0,17.0,13,Social Dining Market,Beverage-led restaurant,higher-income trade area,MEM_compstore_restaurants.csv
38654,38654,Olive Branch,MS,DeSoto,34.93635,-89.82409,56449.0,2.73,243.5,RURAL,96145,millennial,10.70602078838988,351.0,8323.0,98.0,9,Premium Dining Market,Health-oriented restaurant,higher-income trade area,MEM_compstore_restaurants.csv
38002,38002,Arlington,TN,Shelby,35.28854,-89.70926,42797.0,2.86,145.7,RURAL,109364,adult,5.297214841058951,1590.0,31577.0,59.0,9,Premium Dining Market,Mexican cuisine restaurant,higher-income trade area,MEM_compstore_restaurants.csv
38109,38109,Memphis,TN,Shelby,35.0341,-90.13533,45204.0,2.7,274.5,RURAL,35018,millennial,2.5987879888331555,1590.0,31577.0,23.0,3,Family Value Market,General restaurant,value-oriented trade area,MEM_compstore_restaurants.csv
38104,38104,Memphis,TN,Shelby,35.13253,-90.00435,23408.0,1.76,1764.8,SUBURBAN,53351,millennial,-0.7883360176316013,1590.0,31577.0,112.0,0,Social Dining Market,Beverage-led restaurant,mid-market trade area,MEM_compstore_restaurants.csv
38103,38103,Memphis,TN,Shelby,35.15308,-90.05518,13981.0,1.53,2115.1,SUBURBAN,89851,millennial,-0.40604074654509187,1590.0,31577.0,91.0,4,Premium Dining Market,Beverage-led restaurant,higher-income trade area,MEM_compstore_restaurants.csv
38116,38116,Memphis,TN,Shelby,35.03213,-90.01001,40212.0,2.61,787.7,RURAL,42354,millennial,-0.5785491766800178,1590.0,31577.0,70.0,8,Social Dining Market,Wings-focused restaurant,value-oriented trade area,MEM_compstore_restaurants.csv
38138,38138,Germantown,TN,Shelby,35.08477,-89.7993,25465.0,2.52,819.5,RURAL,122627,adult,2.5326139474955713,1590.0,31577.0,82.0,4,Premium Dining Market,General restaurant,higher-income trade area,MEM_compstore_restaurants.csv
38018,38018,Cordova,TN,Shelby,35.13781,-89.76647,38338.0,2.71,797.3,RURAL,82355,millennial,2.837982832618026,1590.0,31577.0,82.0,9,Premium Dining Market,Asian cuisine restaurant,higher-income trade area,MEM_compstore_restaurants.csv
38002,38002,Arlington,TN,Shelby,35.28854,-89.70926,42797.0,2.86,145.7,RURAL,109364,adult,5.297214841058951,1590.0,31577.0,59.0,9,Premium Dining Market,Wings-focused restaurant,higher-income trade area,MEM_compstore_restaurants.csv
38119,38119,Memphis,TN,Shelby,35.07986,-89.84593,22990.0,2.31,1027.6,SUBURBAN,92500,adult,-2.1327316844749054,1590.0,31577.0,63.0,4,Premium Dining Market,Mexican cuisine restaurant,higher-income trade area,MEM_compstore_restaurants.csv
38138,38138,Germantown,TN,Shelby,35.08477,-89.7993,25465.0,2.52,819.5,RURAL,122627,adult,2.5326139474955713,1590.0,31577.0,82.0,4,Premium Dining Market,Health-oriented restaurant,higher-income trade area,MEM_compstore_restaurants.csv
72364,72364,Marion,AR,Crittenden,35.2126,-90.18573,16314.0,2.68,77.4,RURAL,73762,millennial,2.391263415552627,66.0,1111.0,19.0,5,Social Dining Market,Beverage-led restaurant,higher-income trade area,MEM_compstore_restaurants.csv
38118,38118,Memphis,TN,Shelby,35.03655,-89.93021,39373.0,2.97,495.6,RURAL,41830,young,1.0263515767326097,1590.0,31577.0,54.0,8,Social Dining Market,Beverage-led restaurant,value-oriented trade area,MEM_compstore_restaurants.csv
38105,38105,Memphis,TN,Shelby,35.1512,-90.03541,5215.0,1.56,1264.1,SUBURBAN,26250,adult,-19.719827586206897,1590.0,31577.0,16.0,0,Social Dining Market,Wings-focused restaurant,value-oriented trade area,MEM_compstore_restaurants.csv
38104,38104,Memphis,TN,Shelby,35.13253,-90.00435,23408.0,1.76,1764.8,SUBURBAN,53351,millennial,-0.7883360176316013,1590.0,31577.0,112.0,0,Social Dining Market,Asian cuisine restaurant,mid-market trade area,MEM_compstore_restaurants.csv
38018,38018,Cordova,TN,Shelby,35.13781,-89.76647,38338.0,2.71,797.3,RURAL,82355,millennial,2.837982832618026,1590.0,31577.0,82.0,9,Premium Dining Market,Beverage-led restaurant,higher-income trade area,MEM_compstore_restaurants.csv
38119,38119,Memphis,TN,Shelby,35.07986,-89.84593,22990.0,2.31,1027.6,SUBURBAN,92500,adult,-2.1327316844749054,1590.0,31577.0,63.0,4,Premium Dining Market,Beverage-led restaurant,higher-income trade area,MEM_compstore_restaurants.csv
38664,38664,Robinsonville,MS,Tunica,34.80434,-90.33217,3292.0,2.8,13.5,RURAL,45133,young,3.9141414141414144,19.0,339.0,8.0,1,Premium Dining Market,Health-oriented restaurant,mid-market trade area,MEM_compstore_restaurants.csv
38637,38637,Horn Lake,MS,DeSoto,34.95105,-90.05004,26652.0,2.66,649.4,RURAL,57111,millennial,-1.2852327863994963,351.0,8323.0,44.0,0,Social Dining Market,General restaurant,mid-market trade area,MEM_compstore_restaurants.csv
38119,38119,Memphis,TN,Shelby,35.07986,-89.84593,22990.0,2.31,1027.6,SUBURBAN,92500,adult,-2.1327316844749054,1590.0,31577.0,63.0,4,Premium Dining Market,General restaurant,higher-income trade area,MEM_compstore_restaurants.csv
38111,38111,Memphis,TN,Shelby,35.11014,-89.94429,42322.0,2.35,1656.5,SUBURBAN,50151,millennial,-3.833306823604263,1590.0,31577.0,79.0,0,Social Dining Market,General restaurant,mid-market trade area,MEM_compstore_restaurants.csv
38104,38104,Memphis,TN,Shelby,35.13253,-90.00435,23408.0,1.76,1764.8,SUBURBAN,53351,millennial,-0.7883360176316013,1590.0,31577.0,112.0,0,Social Dining Market,General restaurant,mid-market trade area,MEM_compstore_restaurants.csv
38016,38016,Cordova,TN,Shelby,35.17956,-89.76046,46394.0,2.49,940.8,RURAL,72749,millennial,0.23549746138057684,1590.0,31577.0,83.0,4,Premium Dining Market,Wings-focused restaurant,higher-income trade area,MEM_compstore_restaurants.csv
38104,38104,Memphis,TN,Shelby,35.13253,-90.00435,23408.0,1.76,1764.8,SUBURBAN,53351,millennial,-0.7883360176316013,1590.0,31577.0,112.0,0,Social Dining Market,Mexican cuisine restaurant,mid-market trade area,MEM_compstore_restaurants.csv
38134,38134,Memphis,TN,Shelby,35.17674,-89.85992,42789.0,2.67,913.5,RURAL,57630,millennial,-2.9683885890516577,1590.0,31577.0,90.0,0,Social Dining Market,Mexican cuisine restaurant,mid-market trade area,MEM_compstore_restaurants.csv
38135,38135,Memphis,TN,Shelby,35.23876,-89.8497,30917.0,2.84,908.3,RURAL,88987,adult,4.456382187985675,1590.0,31577.0,7.0,11,Healthy Lifestyle Market,Fast-service restaurant,higher-income trade area,MEM_compstore_restaurants.csv
38118,38118,Memphis,TN,Shelby,35.03655,-89.93021,39373.0,2.97,495.6,RURAL,41830,young,1.0263515767326097,1590.0,31577.0,54.0,8,Social Dining Market,Fast-service restaurant,value-oriented trade area,MEM_compstore_restaurants.csv
38133,38133,Memphis,TN,Shelby,35.21292,-89.79474,21383.0,2.69,632.7,RURAL,74775,millennial,0.3519804768162193,1590.0,31577.0,85.0,9,Premium Dining Market,General restaurant,higher-income trade area,MEM_compstore_restaurants.csv
38018,38018,Cordova,TN,Shelby,35.13781,-89.76647,38338.0,2.71,797.3,RURAL,82355,millennial,2.837982832618026,1590.0,31577.0,82.0,9,Premium Dining Market,Fast-service restaurant,higher-income trade area,MEM_compstore_restaurants.csv
38134,38134,Memphis,TN,Shelby,35.17674,-89.85992,42789.0,2.67,913.5,RURAL,57630,millennial,-2.9683885890516577,1590.0,31577.0,90.0,0,Social Dining Market,Health-oriented restaurant,mid-market trade area,MEM_compstore_restaurants.csv
38053,38053,Millington,TN,Shelby,35.33583,-89.95,25556.0,2.63,60.2,RURAL,57012,adult,-3.827193015466827,1590.0,31577.0,41.0,0,Social Dining Market,General restaurant,mid-market trade area,MEM_compstore_restaurants.csv
38103,38103,Memphis,TN,Shelby,35.15308,-90.05518,13981.0,1.53,2115.1,SUBURBAN,89851,millennial,-0.40604074654509187,1590.0,31577.0,91.0,4,Premium Dining Market,Wings-focused restaurant,higher-income trade area,MEM_compstore_restaurants.csv
38017,38017,Collierville,TN,Shelby,35.06722,-89.65347,55570.0,2.83,267.7,RURAL,131354,adult,3.716008137516565,1590.0,31577.0,74.0,9,Premium Dining Market,Wings-focused restaurant,higher-income trade area,MEM_compstore_restaurants.csv
38133,38133,Memphis,TN,Shelby,35.21292,-89.79474,21383.0,2.69,632.7,RURAL,74775,millennial,0.3519804768162193,1590.0,31577.0,85.0,9,Premium Dining Market,Seafood-focused restaurant,higher-income trade area,MEM_compstore_restaurants.csv
38103,38103,Memphis,TN,Shelby,35.15308,-90.05518,13981.0,1.53,2115.1,SUBURBAN,89851,millennial,-0.40604074654509187,1590.0,31577.0,91.0,4,Premium Dining Market,Fast-service restaurant,higher-income trade area,MEM_compstore_restaurants.csv
38117,38117,Memphis,TN,Shelby,35.11504,-89.90551,26430.0,2.29,1059.9,SUBURBAN,91680,adult,0.6627056672760512,1590.0,31577.0,84.0,4,Premium Dining Market,Fast-service restaurant,higher-income trade area,MEM_compstore_restaurants.csv
38112,38112,Memphis,TN,Shelby,35.14791,-89.97661,16334.0,2.25,1350.5,SUBURBAN,49560,millennial,-3.1427893738140416,1590.0,31577.0,28.0,0,Social Dining Market,Wings-focused restaurant,mid-market trade area,MEM_compstore_restaurants.csv
38632,38632,Hernando,MS,DeSoto,34.79973,-90.00629,29491.0,2.69,74.7,RURAL,80956,millennial,9.864769213575233,351.0,8323.0,28.0,5,Social Dining Market,General restaurant,higher-income trade area,MEM_compstore_restaurants.csv
38133,38133,Memphis,TN,Shelby,35.21292,-89.79474,21383.0,2.69,632.7,RURAL,74775,millennial,0.3519804768162193,1590.0,31577.0,85.0,9,Premium Dining Market,General restaurant,higher-income trade area,MEM_compstore_restaurants.csv
38126,38126,Memphis,TN,Shelby,35.12695,-90.04378,6034.0,2.21,1235.7,SUBURBAN,19844,young,2.8464291801602184,1590.0,31577.0,7.0,3,Family Value Market,General restaurant,value-oriented trade area,MEM_compstore_restaurants.csv
38122,38122,Memphis,TN,Shelby,35.1571,-89.92247,24014.0,2.67,1473.8,SUBURBAN,45065,millennial,-5.901253918495298,1590.0,31577.0,56.0,0,Social Dining Market,General restaurant,value-oriented trade area,MEM_compstore_restaurants.csv
38103,38103,Memphis,TN,Shelby,35.15308,-90.05518,13981.0,1.53,2115.1,SUBURBAN,89851,millennial,-0.40604074654509187,1590.0,31577.0,91.0,4,Premium Dining Market,Fast-service restaurant,higher-income trade area,MEM_compstore_restaurants.csv
38133,38133,Memphis,TN,Shelby,35.21292,-89.79474,21383.0,2.69,632.7,RURAL,74775,millennial,0.3519804768162193,1590.0,31577.0,85.0,9,Premium Dining Market,Chicken-focused restaurant,higher-income trade area,MEM_compstore_restaurants.csv
38654,38654,Olive Branch,MS,DeSoto,34.93635,-89.82409,56449.0,2.73,243.5,RURAL,96145,millennial,10.70602078838988,351.0,8323.0,98.0,9,Premium Dining Market,Chicken-focused restaurant,higher-income trade area,MEM_compstore_restaurants.csv
38053,38053,Millington,TN,Shelby,35.33583,-89.95,25556.0,2.63,60.2,RURAL,57012,adult,-3.827193015466827,1590.0,31577.0,41.0,0,Social Dining Market,Chicken-focused restaurant,mid-market trade area,MEM_compstore_restaurants.csv
38671,38671,Southaven,MS,DeSoto,34.96376,-89.99567,37288.0,2.61,648.3,RURAL,58854,millennial,1.8102389078498295,351.0,8323.0,83.0,0,Social Dining Market,Wings-focused restaurant,mid-market trade area,MEM_compstore_restaurants.csv
38103,38103,Memphis,TN,Shelby,35.15308,-90.05518,13981.0,1.53,2115.1,SUBURBAN,89851,millennial,-0.40604074654509187,1590.0,31577.0,91.0,4,Premium Dining Market,Mexican cuisine restaurant,higher-income trade area,MEM_compstore_restaurants.csv
38103,38103,Memphis,TN,Shelby,35.15308,-90.05518,13981.0,1.53,2115.1,SUBURBAN,89851,millennial,-0.40604074654509187,1590.0,31577.0,91.0,4,Premium Dining Market,Wings-focused restaurant,higher-income trade area,MEM_compstore_restaurants.csv
38122,38122,Memphis,TN,Shelby,35.1571,-89.92247,24014.0,2.67,1473.8,SUBURBAN,45065,millennial,-5.901253918495298,1590.0,31577.0,56.0,0,Social Dining Market,Fast-service restaurant,value-oriented trade area,MEM_compstore_restaurants.csv
38019,38019,Covington,TN,Tipton,35.56114,-89.6304,15466.0,2.55,43.3,RURAL,57124,millennial,-2.262386248736097,70.0,1131.0,23.0,1,Premium Dining Market,Mexican cuisine restaurant,mid-market trade area,MEM_compstore_restaurants.csv
38104,38104,Memphis,TN,Shelby,35.13253,-90.00435,23408.0,1.76,1764.8,SUBURBAN,53351,millennial,-0.7883360176316013,1590.0,31577.0,112.0,0,Social Dining Market,Asian cuisine restaurant,mid-market trade area,MEM_compstore_restaurants.csv
38002,38002,Arlington,TN,Shelby,35.28854,-89.70926,42797.0,2.86,145.7,RURAL,109364,adult,5.297214841058951,1590.0,31577.0,59.0,9,Premium Dining Market,Wings-focused restaurant,higher-income trade area,MEM_compstore_restaurants.csv
38654,38654,Olive Branch,MS,DeSoto,34.93635,-89.82409,56449.0,2.73,243.5,RURAL,96145,millennial,10.70602078838988,351.0,8323.0,98.0,9,Premium Dining Market,Beverage-led restaurant,higher-income trade area,MEM_compstore_restaurants.csv
38002,38002,Arlington,TN,Shelby,35.28854,-89.70926,42797.0,2.86,145.7,RURAL,109364,adult,5.297214841058951,1590.0,31577.0,59.0,9,Premium Dining Market,Wings-focused restaurant,higher-income trade area,MEM_compstore_restaurants.csv
38672,38672,Southaven,MS,DeSoto,34.93727,-89.94943,15602.0,2.94,487.4,RURAL,103692,millennial,15.467732386027237,351.0,8323.0,37.0,4,Premium Dining Market,Wings-focused restaurant,higher-income trade area,MEM_compstore_restaurants.csv
38128,38128,Memphis,TN,Shelby,35.22623,-89.92612,44400.0,2.78,688.7,RURAL,40497,millennial,-1.9975720119192142,1590.0,31577.0,43.0,8,Social Dining Market,Wings-focused restaurant,value-oriented trade area,MEM_compstore_restaurants.csv
38133,38133,Memphis,TN,Shelby,35.21292,-89.79474,21383.0,2.69,632.7,RURAL,74775,millennial,0.3519804768162193,1590.0,31577.0,85.0,9,Premium Dining Market,Fast-service restaurant,higher-income trade area,MEM_compstore_restaurants.csv
38133,38133,Memphis,TN,Shelby,35.21292,-89.79474,21383.0,2.69,632.7,RURAL,74775,millennial,0.3519804768162193,1590.0,31577.0,85.0,9,Premium Dining Market,Beverage-led restaurant,higher-income trade area,MEM_compstore_restaurants.csv
38138,38138,Germantown,TN,Shelby,35.08477,-89.7993,25465.0,2.52,819.5,RURAL,122627,adult,2.5326139474955713,1590.0,31577.0,82.0,4,Premium Dining Market,Mexican cuisine restaurant,higher-income trade area,MEM_compstore_restaurants.csv
38019,38019,Covington,TN,Tipton,35.56114,-89.6304,15466.0,2.55,43.3,RURAL,57124,millennial,-2.262386248736097,70.0,1131.0,23.0,1,Premium Dining Market,Mexican cuisine restaurant,mid-market trade area,MEM_compstore_restaurants.csv
38119,38119,Memphis,TN,Shelby,35.07986,-89.84593,22990.0,2.31,1027.6,SUBURBAN,92500,adult,-2.1327316844749054,1590.0,31577.0,63.0,4,Premium Dining Market,Fast-service restaurant,higher-income trade area,MEM_compstore_restaurants.csv
38138,38138,Germantown,TN,Shelby,35.08477,-89.7993,25465.0,2.52,819.5,RURAL,122627,adult,2.5326139474955713,1590.0,31577.0,82.0,4,Premium Dining Market,Health-oriented restaurant,higher-income trade area,MEM_compstore_restaurants.csv
38138,38138,Germantown,TN,Shelby,35.08477,-89.7993,25465.0,2.52,819.5,RURAL,122627,adult,2.5326139474955713,1590.0,31577.0,82.0,4,Premium Dining Market,Asian cuisine restaurant,higher-income trade area,MEM_compstore_restaurants.csv
38138,38138,Germantown,TN,Shelby,35.08477,-89.7993,25465.0,2.52,819.5,RURAL,122627,adult,2.5326139474955713,1590.0,31577.0,82.0,4,Premium Dining Market,Asian cuisine restaurant,higher-income trade area,MEM_compstore_restaurants.csv
38671,38671,Southaven,MS,DeSoto,34.96376,-89.99567,37288.0,2.61,648.3,RURAL,58854,millennial,1.8102389078498295,351.0,8323.0,83.0,0,Social Dining Market,Wings-focused restaurant,mid-market trade area,MEM_compstore_restaurants.csv
38053,38053,Millington,TN,Shelby,35.33583,-89.95,25556.0,2.63,60.2,RURAL,57012,adult,-3.827193015466827,1590.0,31577.0,41.0,0,Social Dining Market,Chicken-focused restaurant,mid-market trade area,MEM_compstore_restaurants.csv
38116,38116,Memphis,TN,Shelby,35.03213,-90.01001,40212.0,2.61,787.7,RURAL,42354,millennial,-0.5785491766800178,1590.0,31577.0,70.0,8,Social Dining Market,General restaurant,value-oriented trade area,MEM_compstore_restaurants.csv
38128,38128,Memphis,TN,Shelby,35.22623,-89.92612,44400.0,2.78,688.7,RURAL,40497,millennial,-1.9975720119192142,1590.0,31577.0,43.0,8,Social Dining Market,Seafood-focused restaurant,value-oriented trade area,MEM_compstore_restaurants.csv
38053,38053,Millington,TN,Shelby,35.33583,-89.95,25556.0,2.63,60.2,RURAL,57012,adult,-3.827193015466827,1590.0,31577.0,41.0,0,Social Dining Market,Seafood-focused restaurant,mid-market trade area,MEM_compstore_restaurants.csv
38134,38134,Memphis,TN,Shelby,35.17674,-89.85992,42789.0,2.67,913.5,RURAL,57630,millennial,-2.9683885890516577,1590.0,31577.0,90.0,0,Social Dining Market,Mexican cuisine restaurant,mid-market trade area,MEM_compstore_restaurants.csv
38133,38133,Memphis,TN,Shelby,35.21292,-89.79474,21383.0,2.69,632.7,RURAL,74775,millennial,0.3519804768162193,1590.0,31577.0,85.0,9,Premium Dining Market,Mexican cuisine restaurant,higher-income trade area,MEM_compstore_restaurants.csv
38115,38115,Memphis,TN,Shelby,35.05499,-89.86362,36574.0,2.25,1731.5,SUBURBAN,39176,young,-11.693266050172635,1590.0,31577.0,65.0,8,Social Dining Market,Fast-service restaurant,value-oriented trade area,MEM_compstore_restaurants.csv
38018,38018,Cordova,TN,Shelby,35.13781,-89.76647,38338.0,2.71,797.3,RURAL,82355,millennial,2.837982832618026,1590.0,31577.0,82.0,9,Premium Dining Market,Fast-service restaurant,higher-income trade area,MEM_compstore_restaurants.csv
38637,38637,Horn Lake,MS,DeSoto,34.95105,-90.05004,26652.0,2.66,649.4,RURAL,57111,millennial,-1.2852327863994963,351.0,8323.0,44.0,0,Social Dining Market,Mexican cuisine restaurant,mid-market trade area,MEM_compstore_restaurants.csv
38016,38016,Cordova,TN,Shelby,35.17956,-89.76046,46394.0,2.49,940.8,RURAL,72749,millennial,0.23549746138057684,1590.0,31577.0,83.0,4,Premium Dining Market,Mexican cuisine restaurant,higher-income trade area,MEM_compstore_restaurants.csv
72301,72301,West Memphis,AR,Crittenden,35.13363,-90.17883,24404.0,2.47,313.2,RURAL,41022,millennial,-1.4895248859645582,66.0,1111.0,37.0,3,Family Value Market,Mexican cuisine restaurant,value-oriented trade area,MEM_compstore_restaurants.csv
38018,38018,Cordova,TN,Shelby,35.13781,-89.76647,38338.0,2.71,797.3,RURAL,82355,millennial,2.837982832618026,1590.0,31577.0,82.0,9,Premium Dining Market,Fast-service restaurant,higher-income trade area,MEM_compstore_restaurants.csv
38134,38134,Memphis,TN,Shelby,35.17674,-89.85992,42789.0,2.67,913.5,RURAL,57630,millennial,-2.9683885890516577,1590.0,31577.0,90.0,0,Social Dining Market,Mexican cuisine restaurant,mid-market trade area,MEM_compstore_restaurants.csv
38138,38138,Germantown,TN,Shelby,35.08477,-89.7993,25465.0,2.52,819.5,RURAL,122627,adult,2.5326139474955713,1590.0,31577.0,82.0,4,Premium Dining Market,Health-oriented restaurant,higher-income trade area,MEM_compstore_restaurants.csv
38104,38104,Memphis,TN,Shelby,35.13253,-90.00435,23408.0,1.76,1764.8,SUBURBAN,53351,millennial,-0.7883360176316013,1590.0,31577.0,112.0,0,Social Dining Market,Beverage-led restaurant,mid-market trade area,MEM_compstore_restaurants.csv
38053,38053,Millington,TN,Shelby,35.33583,-89.95,25556.0,2.63,60.2,RURAL,57012,adult,-3.827193015466827,1590.0,31577.0,41.0,0,Social Dining Market,General restaurant,mid-market trade area,MEM_compstore_restaurants.csv
38053,38053,Millington,TN,Shelby,35.33583,-89.95,25556.0,2.63,60.2,RURAL,57012,adult,-3.827193015466827,1590.0,31577.0,41.0,0,Social Dining Market,Beverage-led restaurant,mid-market trade area,MEM_compstore_restaurants.csv
38134,38134,Memphis,TN,Shelby,35.17674,-89.85992,42789.0,2.67,913.5,RURAL,57630,millennial,-2.9683885890516577,1590.0,31577.0,90.0,0,Social Dining Market,Beverage-led restaurant,mid-market trade area,MEM_compstore_restaurants.csv
38118,38118,Memphis,TN,Shelby,35.03655,-89.93021,39373.0,2.97,495.6,RURAL,41830,young,1.0263515767326097,1590.0,31577.0,54.0,8,Social Dining Market,Fast-service restaurant,value-oriented trade area,MEM_compstore_restaurants.csv
38672,38672,Southaven,MS,DeSoto,34.93727,-89.94943,15602.0,2.94,487.4,RURAL,103692,millennial,15.467732386027237,351.0,8323.0,37.0,4,Premium Dining Market,Beverage-led restaurant,higher-income trade area,MEM_compstore_restaurants.csv
38133,38133,Memphis,TN,Shelby,35.21292,-89.79474,21383.0,2.69,632.7,RURAL,74775,millennial,0.3519804768162193,1590.0,31577.0,85.0,9,Premium Dining Market,Beverage-led restaurant,higher-income trade area,MEM_compstore_restaurants.csv
38127,38127,Memphis,TN,Shelby,35.23795,-90.01753,40565.0,2.89,404.3,RURAL,34781,millennial,-9.74122777740694,1590.0,31577.0,29.0,3,Family Value Market,Seafood-focused restaurant,value-oriented trade area,MEM_compstore_restaurants.csv
38671,38671,Southaven,MS,DeSoto,34.96376,-89.99567,37288.0,2.61,648.3,RURAL,58854,millennial,1.8102389078498295,351.0,8323.0,83.0,0,Social Dining Market,Asian cuisine restaurant,mid-market trade area,MEM_compstore_restaurants.csv
38053,38053,Millington,TN,Shelby,35.33583,-89.95,25556.0,2.63,60.2,RURAL,57012,adult,-3.827193015466827,1590.0,31577.0,41.0,0,Social Dining Market,Fast-service restaurant,mid-market trade area,MEM_compstore_restaurants.csv
38053,38053,Millington,TN,Shelby,35.33583,-89.95,25556.0,2.63,60.2,RURAL,57012,adult,-3.827193015466827,1590.0,31577.0,41.0,0,Social Dining Market,Asian cuisine restaurant,mid-market trade area,MEM_compstore_restaurants.csv
38134,38134,Memphis,TN,Shelby,35.17674,-89.85992,42789.0,2.67,913.5,RURAL,57630,millennial,-2.9683885890516577,1590.0,31577.0,90.0,0,Social Dining Market,Wings-focused restaurant,mid-market trade area,MEM_compstore_restaurants.csv
38111,38111,Memphis,TN,Shelby,35.11014,-89.94429,42322.0,2.35,1656.5,SUBURBAN,50151,millennial,-3.833306823604263,1590.0,31577.0,79.0,0,Social Dining Market,Asian cuisine restaurant,mid-market trade area,MEM_compstore_restaurants.csv
72335,72335,Forrest City,AR,St. Francis,34.99042,-90.75645,16320.0,2.49,39.8,RURAL,40237,millennial,-16.406290016903142,26.0,369.0,13.0,3,Family Value Market,Chicken-focused restaurant,value-oriented trade area,MEM_compstore_restaurants.csv
38016,38016,Cordova,TN,Shelby,35.17956,-89.76046,46394.0,2.49,940.8,RURAL,72749,millennial,0.23549746138057684,1590.0,31577.0,83.0,4,Premium Dining Market,Fast-service restaurant,higher-income trade area,MEM_compstore_restaurants.csv
38109,38109,Memphis,TN,Shelby,35.0341,-90.13533,45204.0,2.7,274.5,RURAL,35018,millennial,2.5987879888331555,1590.0,31577.0,23.0,3,Family Value Market,Wings-focused restaurant,value-oriented trade area,MEM_compstore_restaurants.csv
38103,38103,Memphis,TN,Shelby,35.15308,-90.05518,13981.0,1.53,2115.1,SUBURBAN,89851,millennial,-0.40604074654509187,1590.0,31577.0,91.0,4,Premium Dining Market,General restaurant,higher-income trade area,MEM_compstore_restaurants.csv
38128,38128,Memphis,TN,Shelby,35.22623,-89.92612,44400.0,2.78,688.7,RURAL,40497,millennial,-1.9975720119192142,1590.0,31577.0,43.0,8,Social Dining Market,General restaurant,value-oriented trade area,MEM_compstore_restaurants.csv
38018,38018,Cordova,TN,Shelby,35.13781,-89.76647,38338.0,2.71,797.3,RURAL,82355,millennial,2.837982832618026,1590.0,31577.0,82.0,9,Premium Dining Market,Mexican cuisine restaurant,higher-income trade area,MEM_compstore_restaurants.csv
38139,38139,Germantown,TN,Shelby,35.08615,-89.75581,16627.0,2.85,730.4,RURAL,174396,adult,3.7890137328339577,1590.0,31577.0,17.0,13,Social Dining Market,Asian cuisine restaurant,higher-income trade area,MEM_compstore_restaurants.csv
38117,38117,Memphis,TN,Shelby,35.11504,-89.90551,26430.0,2.29,1059.9,SUBURBAN,91680,adult,0.6627056672760512,1590.0,31577.0,84.0,4,Premium Dining Market,Health-oriented restaurant,higher-income trade area,MEM_compstore_restaurants.csv
38654,38654,Olive Branch,MS,DeSoto,34.93635,-89.82409,56449.0,2.73,243.5,RURAL,96145,millennial,10.70602078838988,351.0,8323.0,98.0,9,Premium Dining Market,Chicken-focused restaurant,higher-income trade area,MEM_compstore_restaurants.csv
38671,38671,Southaven,MS,DeSoto,34.96376,-89.99567,37288.0,2.61,648.3,RURAL,58854,millennial,1.8102389078498295,351.0,8323.0,83.0,0,Social Dining Market,Fast-service restaurant,mid-market trade area,MEM_compstore_restaurants.csv
38115,38115,Memphis,TN,Shelby,35.05499,-89.86362,36574.0,2.25,1731.5,SUBURBAN,39176,young,-11.693266050172635,1590.0,31577.0,65.0,8,Social Dining Market,Wings-focused restaurant,value-oriented trade area,MEM_compstore_restaurants.csv
72335,72335,Forrest City,AR,St. Francis,34.99042,-90.75645,16320.0,2.49,39.8,RURAL,40237,millennial,-16.406290016903142,26.0,369.0,13.0,3,Family Value Market,Health-oriented restaurant,value-oriented trade area,MEM_compstore_restaurants.csv
38002,38002,Arlington,TN,Shelby,35.28854,-89.70926,42797.0,2.86,145.7,RURAL,109364,adult,5.297214841058951,1590.0,31577.0,59.0,9,Premium Dining Market,Wings-focused restaurant,higher-income trade area,MEM_compstore_restaurants.csv
38632,38632,Hernando,MS,DeSoto,34.79973,-90.00629,29491.0,2.69,74.7,RURAL,80956,millennial,9.864769213575233,351.0,8323.0,28.0,5,Social Dining Market,Beverage-led restaurant,higher-income trade area,MEM_compstore_restaurants.csv
38116,38116,Memphis,TN,Shelby,35.03213,-90.01001,40212.0,2.61,787.7,RURAL,42354,millennial,-0.5785491766800178,1590.0,31577.0,70.0,8,Social Dining Market,Beverage-led restaurant,value-oriented trade area,MEM_compstore_restaurants.csv
38134,38134,Memphis,TN,Shelby,35.17674,-89.85992,42789.0,2.67,913.5,RURAL,57630,millennial,-2.9683885890516577,1590.0,31577.0,90.0,0,Social Dining Market,Fast-service restaurant,mid-market trade area,MEM_compstore_restaurants.csv
38128,38128,Memphis,TN,Shelby,35.22623,-89.92612,44400.0,2.78,688.7,RURAL,40497,millennial,-1.9975720119192142,1590.0,31577.0,43.0,8,Social Dining Market,Fast-service restaurant,value-oriented trade area,MEM_compstore_restaurants.csv
38118,38118,Memphis,TN,Shelby,35.03655,-89.93021,39373.0,2.97,495.6,RURAL,41830,young,1.0263515767326097,1590.0,31577.0,54.0,8,Social Dining Market,Mexican cuisine restaurant,value-oriented trade area,MEM_compstore_restaurants.csv
38019,38019,Covington,TN,Tipton,35.56114,-89.6304,15466.0,2.55,43.3,RURAL,57124,millennial,-2.262386248736097,70.0,1131.0,23.0,1,Premium Dining Market,Mexican cuisine restaurant,mid-market trade area,MEM_compstore_restaurants.csv
38116,38116,Memphis,TN,Shelby,35.03213,-90.01001,40212.0,2.61,787.7,RURAL,42354,millennial,-0.5785491766800178,1590.0,31577.0,70.0,8,Social Dining Market,Beverage-led restaurant,value-oriented trade area,MEM_compstore_restaurants.csv
38119,38119,Memphis,TN,Shelby,35.07986,-89.84593,22990.0,2.31,1027.6,SUBURBAN,92500,adult,-2.1327316844749054,1590.0,31577.0,63.0,4,Premium Dining Market,Seafood-focused restaurant,higher-income trade area,MEM_compstore_restaurants.csv
38654,38654,Olive Branch,MS,DeSoto,34.93635,-89.82409,56449.0,2.73,243.5,RURAL,96145,millennial,10.70602078838988,351.0,8323.0,98.0,9,Premium Dining Market,General restaurant,higher-income trade area,MEM_compstore_restaurants.csv
38053,38053,Millington,TN,Shelby,35.33583,-89.95,25556.0,2.63,60.2,RURAL,57012,adult,-3.827193015466827,1590.0,31577.0,41.0,0,Social Dining Market,Asian cuisine restaurant,mid-market trade area,MEM_compstore_restaurants.csv
38672,38672,Southaven,MS,DeSoto,34.93727,-89.94943,15602.0,2.94,487.4,RURAL,103692,millennial,15.467732386027237,351.0,8323.0,37.0,4,Premium Dining Market,Wings-focused restaurant,higher-income trade area,MEM_compstore_restaurants.csv
38138,38138,Germantown,TN,Shelby,35.08477,-89.7993,25465.0,2.52,819.5,RURAL,122627,adult,2.5326139474955713,1590.0,31577.0,82.0,4,Premium Dining Market,Beverage-led restaurant,higher-income trade area,MEM_compstore_restaurants.csv
72335,72335,Forrest City,AR,St. Francis,34.99042,-90.75645,16320.0,2.49,39.8,RURAL,40237,millennial,-16.406290016903142,26.0,369.0,13.0,3,Family Value Market,Mexican cuisine restaurant,value-oriented trade area,MEM_compstore_restaurants.csv
38108,38108,Memphis,TN,Shelby,35.1763,-89.96382,17629.0,2.67,892.7,RURAL,29757,millennial,-0.09067724567866252,1590.0,31577.0,10.0,3,Family Value Market,Wings-focused restaurant,value-oriented trade area,MEM_compstore_restaurants.csv
38133,38133,Memphis,TN,Shelby,35.21292,-89.79474,21383.0,2.69,632.7,RURAL,74775,millennial,0.3519804768162193,1590.0,31577.0,85.0,9,Premium Dining Market,General restaurant,higher-income trade area,MEM_compstore_restaurants.csv
38106,38106,Memphis,TN,Shelby,35.10067,-90.0375,23140.0,2.44,778.4,RURAL,29098,adult,-7.001044932079415,1590.0,31577.0,22.0,3,Family Value Market,Seafood-focused restaurant,value-oriented trade area,MEM_compstore_restaurants.csv
38117,38117,Memphis,TN,Shelby,35.11504,-89.90551,26430.0,2.29,1059.9,SUBURBAN,91680,adult,0.6627056672760512,1590.0,31577.0,84.0,4,Premium Dining Market,Chicken-focused restaurant,higher-income trade area,MEM_compstore_restaurants.csv
38654,38654,Olive Branch,MS,DeSoto,34.93635,-89.82409,56449.0,2.73,243.5,RURAL,96145,millennial,10.70602078838988,351.0,8323.0,98.0,9,Premium Dining Market,General restaurant,higher-income trade area,MEM_compstore_restaurants.csv
38111,38111,Memphis,TN,Shelby,35.11014,-89.94429,42322.0,2.35,1656.5,SUBURBAN,50151,millennial,-3.833306823604263,1590.0,31577.0,79.0,0,Social Dining Market,Wings-focused restaurant,mid-market trade area,MEM_compstore_restaurants.csv
38122,38122,Memphis,TN,Shelby,35.1571,-89.92247,24014.0,2.67,1473.8,SUBURBAN,45065,millennial,-5.901253918495298,1590.0,31577.0,56.0,0,Social Dining Market,Mexican cuisine restaurant,value-oriented trade area,MEM_compstore_restaurants.csv
38112,38112,Memphis,TN,Shelby,35.14791,-89.97661,16334.0,2.25,1350.5,SUBURBAN,49560,millennial,-3.1427893738140416,1590.0,31577.0,28.0,0,Social Dining Market,Mexican cuisine restaurant,mid-market trade area,MEM_compstore_restaurants.csv
38016,38016,Cordova,TN,Shelby,35.17956,-89.76046,46394.0,2.49,940.8,RURAL,72749,millennial,0.23549746138057684,1590.0,31577.0,83.0,4,Premium Dining Market,Wings-focused restaurant,higher-income trade area,MEM_compstore_restaurants.csv
38017,38017,Collierville,TN,Shelby,35.06722,-89.65347,55570.0,2.83,267.7,RURAL,131354,adult,3.716008137516565,1590.0,31577.0,74.0,9,Premium Dining Market,Wings-focused restaurant,higher-income trade area,MEM_compstore_restaurants.csv
38133,38133,Memphis,TN,Shelby,35.21292,-89.79474,21383.0,2.69,632.7,RURAL,74775,millennial,0.3519804768162193,1590.0,31577.0,85.0,9,Premium Dining Market,Beverage-led restaurant,higher-income trade area,MEM_compstore_restaurants.csv
38118,38118,Memphis,TN,Shelby,35.03655,-89.93021,39373.0,2.97,495.6,RURAL,41830,young,1.0263515767326097,1590.0,31577.0,54.0,8,Social Dining Market,Beverage-led restaurant,value-oriented trade area,MEM_compstore_restaurants.csv
38017,38017,Collierville,TN,Shelby,35.06722,-89.65347,55570.0,2.83,267.7,RURAL,131354,adult,3.716008137516565,1590.0,31577.0,74.0,9,Premium Dining Market,Health-oriented restaurant,higher-income trade area,MEM_compstore_restaurants.csv
38672,38672,Southaven,MS,DeSoto,34.93727,-89.94943,15602.0,2.94,487.4,RURAL,103692,millennial,15.467732386027237,351.0,8323.0,37.0,4,Premium Dining Market,Health-oriented restaurant,higher-income trade area,MEM_compstore_restaurants.csv
38134,38134,Memphis,TN,Shelby,35.17674,-89.85992,42789.0,2.67,913.5,RURAL,57630,millennial,-2.9683885890516577,1590.0,31577.0,90.0,0,Social Dining Market,Wings-focused restaurant,mid-market trade area,MEM_compstore_restaurants.csv
38125,38125,Memphis,TN,Shelby,35.02537,-89.78936,43305.0,2.8,875.1,RURAL,80116,millennial,16.983629585607,1590.0,31577.0,50.0,9,Premium Dining Market,Asian cuisine restaurant,higher-income trade area,MEM_compstore_restaurants.csv
38134,38134,Memphis,TN,Shelby,35.17674,-89.85992,42789.0,2.67,913.5,RURAL,57630,millennial,-2.9683885890516577,1590.0,31577.0,90.0,0,Social Dining Market,Beverage-led restaurant,mid-market trade area,MEM_compstore_restaurants.csv
38632,38632,Hernando,MS,DeSoto,34.79973,-90.00629,29491.0,2.69,74.7,RURAL,80956,millennial,9.864769213575233,351.0,8323.0,28.0,5,Social Dining Market,Fast-service restaurant,higher-income trade area,MEM_compstore_restaurants.csv
38654,38654,Olive Branch,MS,DeSoto,34.93635,-89.82409,56449.0,2.73,243.5,RURAL,96145,millennial,10.70602078838988,351.0,8323.0,98.0,9,Premium Dining Market,Wings-focused restaurant,higher-income trade area,MEM_compstore_restaurants.csv
38118,38118,Memphis,TN,Shelby,35.03655,-89.93021,39373.0,2.97,495.6,RURAL,41830,young,1.0263515767326097,1590.0,31577.0,54.0,8,Social Dining Market,Mexican cuisine restaurant,value-oriented trade area,MEM_compstore_restaurants.csv
38103,38103,Memphis,TN,Shelby,35.15308,-90.05518,13981.0,1.53,2115.1,SUBURBAN,89851,millennial,-0.40604074654509187,1590.0,31577.0,91.0,4,Premium Dining Market,Beverage-led restaurant,higher-income trade area,MEM_compstore_restaurants.csv
38128,38128,Memphis,TN,Shelby,35.22623,-89.92612,44400.0,2.78,688.7,RURAL,40497,millennial,-1.9975720119192142,1590.0,31577.0,43.0,8,Social Dining Market,Wings-focused restaurant,value-oriented trade area,MEM_compstore_restaurants.csv
38138,38138,Germantown,TN,Shelby,35.08477,-89.7993,25465.0,2.52,819.5,RURAL,122627,adult,2.5326139474955713,1590.0,31577.0,82.0,4,Premium Dining Market,Fast-service restaurant,higher-income trade area,MEM_compstore_restaurants.csv
38133,38133,Memphis,TN,Shelby,35.21292,-89.79474,21383.0,2.69,632.7,RURAL,74775,millennial,0.3519804768162193,1590.0,31577.0,85.0,9,Premium Dining Market,Mexican cuisine restaurant,higher-income trade area,MEM_compstore_restaurants.csv
38671,38671,Southaven,MS,DeSoto,34.96376,-89.99567,37288.0,2.61,648.3,RURAL,58854,millennial,1.8102389078498295,351.0,8323.0,83.0,0,Social Dining Market,Asian cuisine restaurant,mid-market trade area,MEM_compstore_restaurants.csv
38018,38018,Cordova,TN,Shelby,35.13781,-89.76647,38338.0,2.71,797.3,RURAL,82355,millennial,2.837982832618026,1590.0,31577.0,82.0,9,Premium Dining Market,Mexican cuisine restaurant,higher-income trade area,MEM_compstore_restaurants.csv
38017,38017,Collierville,TN,Shelby,35.06722,-89.65347,55570.0,2.83,267.7,RURAL,131354,adult,3.716008137516565,1590.0,31577.0,74.0,9,Premium Dining Market,Mexican cuisine restaurant,higher-income trade area,MEM_compstore_restaurants.csv
38115,38115,Memphis,TN,Shelby,35.05499,-89.86362,36574.0,2.25,1731.5,SUBURBAN,39176,young,-11.693266050172635,1590.0,31577.0,65.0,8,Social Dining Market,Fast-service restaurant,value-oriented trade area,MEM_compstore_restaurants.csv
38002,38002,Arlington,TN,Shelby,35.28854,-89.70926,42797.0,2.86,145.7,RURAL,109364,adult,5.297214841058951,1590.0,31577.0,59.0,9,Premium Dining Market,Wings-focused restaurant,higher-income trade area,MEM_compstore_restaurants.csv
38672,38672,Southaven,MS,DeSoto,34.93727,-89.94943,15602.0,2.94,487.4,RURAL,103692,millennial,15.467732386027237,351.0,8323.0,37.0,4,Premium Dining Market,Wings-focused restaurant,higher-income trade area,MEM_compstore_restaurants.csv
38053,38053,Millington,TN,Shelby,35.33583,-89.95,25556.0,2.63,60.2,RURAL,57012,adult,-3.827193015466827,1590.0,31577.0,41.0,0,Social Dining Market,Mexican cuisine restaurant,mid-market trade area,MEM_compstore_restaurants.csv
38671,38671,Southaven,MS,DeSoto,34.96376,-89.99567,37288.0,2.61,648.3,RURAL,58854,millennial,1.8102389078498295,351.0,8323.0,83.0,0,Social Dining Market,Health-oriented restaurant,mid-market trade area,MEM_compstore_restaurants.csv
38109,38109,Memphis,TN,Shelby,35.0341,-90.13533,45204.0,2.7,274.5,RURAL,35018,millennial,2.5987879888331555,1590.0,31577.0,23.0,3,Family Value Market,Beverage-led restaurant,value-oriented trade area,MEM_compstore_restaurants.csv
38637,38637,Horn Lake,MS,DeSoto,34.95105,-90.05004,26652.0,2.66,649.4,RURAL,57111,millennial,-1.2852327863994963,351.0,8323.0,44.0,0,Social Dining Market,Wings-focused restaurant,mid-market trade area,MEM_compstore_restaurants.csv
38053,38053,Millington,TN,Shelby,35.33583,-89.95,25556.0,2.63,60.2,RURAL,57012,adult,-3.827193015466827,1590.0,31577.0,41.0,0,Social Dining Market,Mexican cuisine restaurant,mid-market trade area,MEM_compstore_restaurants.csv
38128,38128,Memphis,TN,Shelby,35.22623,-89.92612,44400.0,2.78,688.7,RURAL,40497,millennial,-1.9975720119192142,1590.0,31577.0,43.0,8,Social Dining Market,Asian cuisine restaurant,value-oriented trade area,MEM_compstore_restaurants.csv
38122,38122,Memphis,TN,Shelby,35.1571,-89.92247,24014.0,2.67,1473.8,SUBURBAN,45065,millennial,-5.901253918495298,1590.0,31577.0,56.0,0,Social Dining Market,Asian cuisine restaurant,value-oriented trade area,MEM_compstore_restaurants.csv
38115,38115,Memphis,TN,Shelby,35.05499,-89.86362,36574.0,2.25,1731.5,SUBURBAN,39176,young,-11.693266050172635,1590.0,31577.0,65.0,8,Social Dining Market,Fast-service restaurant,value-oriented trade area,MEM_compstore_restaurants.csv
38016,38016,Cordova,TN,Shelby,35.17956,-89.76046,46394.0,2.49,940.8,RURAL,72749,millennial,0.23549746138057684,1590.0,31577.0,83.0,4,Premium Dining Market,Wings-focused restaurant,higher-income trade area,MEM_compstore_restaurants.csv
38122,38122,Memphis,TN,Shelby,35.1571,-89.92247,24014.0,2.67,1473.8,SUBURBAN,45065,millennial,-5.901253918495298,1590.0,31577.0,56.0,0,Social Dining Market,Mexican cuisine restaurant,value-oriented trade area,MEM_compstore_restaurants.csv
38017,38017,Collierville,TN,Shelby,35.06722,-89.65347,55570.0,2.83,267.7,RURAL,131354,adult,3.716008137516565,1590.0,31577.0,74.0,9,Premium Dining Market,Wings-focused restaurant,higher-income trade area,MEM_compstore_restaurants.csv
38134,38134,Memphis,TN,Shelby,35.17674,-89.85992,42789.0,2.67,913.5,RURAL,57630,millennial,-2.9683885890516577,1590.0,31577.0,90.0,0,Social Dining Market,Mexican cuisine restaurant,mid-market trade area,MEM_compstore_restaurants.csv
38635,38635,Holly Springs,MS,Marshall,34.7677,-89.47896,15608.0,2.58,17.4,RURAL,55723,millennial,0.0,32.0,405.0,10.0,0,Social Dining Market,Mexican cuisine restaurant,mid-market trade area,MEM_compstore_restaurants.csv
38111,38111,Memphis,TN,Shelby,35.11014,-89.94429,42322.0,2.35,1656.5,SUBURBAN,50151,millennial,-3.833306823604263,1590.0,31577.0,79.0,0,Social Dining Market,Fast-service restaurant,mid-market trade area,MEM_compstore_restaurants.csv
38119,38119,Memphis,TN,Shelby,35.07986,-89.84593,22990.0,2.31,1027.6,SUBURBAN,92500,adult,-2.1327316844749054,1590.0,31577.0,63.0,4,Premium Dining Market,Beverage-led restaurant,higher-income trade area,MEM_compstore_restaurants.csv
38654,38654,Olive Branch,MS,DeSoto,34.93635,-89.82409,56449.0,2.73,243.5,RURAL,96145,millennial,10.70602078838988,351.0,8323.0,98.0,9,Premium Dining Market,Mexican cuisine restaurant,higher-income trade area,MEM_compstore_restaurants.csv
38138,38138,Germantown,TN,Shelby,35.08477,-89.7993,25465.0,2.52,819.5,RURAL,122627,adult,2.5326139474955713,1590.0,31577.0,82.0,4,Premium Dining Market,Asian cuisine restaurant,higher-income trade area,MEM_compstore_restaurants.csv
38134,38134,Memphis,TN,Shelby,35.17674,-89.85992,42789.0,2.67,913.5,RURAL,57630,millennial,-2.9683885890516577,1590.0,31577.0,90.0,0,Social Dining Market,Beverage-led restaurant,mid-market trade area,MEM_compstore_restaurants.csv
38637,38637,Horn Lake,MS,DeSoto,34.95105,-90.05004,26652.0,2.66,649.4,RURAL,57111,millennial,-1.2852327863994963,351.0,8323.0,44.0,0,Social Dining Market,Wings-focused restaurant,mid-market trade area,MEM_compstore_restaurants.csv
38671,38671,Southaven,MS,DeSoto,34.96376,-89.99567,37288.0,2.61,648.3,RURAL,58854,millennial,1.8102389078498295,351.0,8323.0,83.0,0,Social Dining Market,General restaurant,mid-market trade area,MEM_compstore_restaurants.csv
38104,38104,Memphis,TN,Shelby,35.13253,-90.00435,23408.0,1.76,1764.8,SUBURBAN,53351,millennial,-0.7883360176316013,1590.0,31577.0,112.0,0,Social Dining Market,Wings-focused restaurant,mid-market trade area,MEM_compstore_restaurants.csv
38117,38117,Memphis,TN,Shelby,35.11504,-89.90551,26430.0,2.29,1059.9,SUBURBAN,91680,adult,0.6627056672760512,1590.0,31577.0,84.0,4,Premium Dining Market,General restaurant,higher-income trade area,MEM_compstore_restaurants.csv
38138,38138,Germantown,TN,Shelby,35.08477,-89.7993,25465.0,2.52,819.5,RURAL,122627,adult,2.5326139474955713,1590.0,31577.0,82.0,4,Premium Dining Market,Health-oriented restaurant,higher-income trade area,MEM_compstore_restaurants.csv
38115,38115,Memphis,TN,Shelby,35.05499,-89.86362,36574.0,2.25,1731.5,SUBURBAN,39176,young,-11.693266050172635,1590.0,31577.0,65.0,8,Social Dining Market,Wings-focused restaurant,value-oriented trade area,MEM_compstore_restaurants.csv
38671,38671,Southaven,MS,DeSoto,34.96376,-89.99567,37288.0,2.61,648.3,RURAL,58854,millennial,1.8102389078498295,351.0,8323.0,83.0,0,Social Dining Market,General restaurant,mid-market trade area,MEM_compstore_restaurants.csv
38133,38133,Memphis,TN,Shelby,35.21292,-89.79474,21383.0,2.69,632.7,RURAL,74775,millennial,0.3519804768162193,1590.0,31577.0,85.0,9,Premium Dining Market,Wings-focused restaurant,higher-income trade area,MEM_compstore_restaurants.csv
38018,38018,Cordova,TN,Shelby,35.13781,-89.76647,38338.0,2.71,797.3,RURAL,82355,millennial,2.837982832618026,1590.0,31577.0,82.0,9,Premium Dining Market,Fast-service restaurant,higher-income trade area,MEM_compstore_restaurants.csv
38128,38128,Memphis,TN,Shelby,35.22623,-89.92612,44400.0,2.78,688.7,RURAL,40497,millennial,-1.9975720119192142,1590.0,31577.0,43.0,8,Social Dining Market,Wings-focused restaurant,value-oriented trade area,MEM_compstore_restaurants.csv
38103,38103,Memphis,TN,Shelby,35.15308,-90.05518,13981.0,1.53,2115.1,SUBURBAN,89851,millennial,-0.40604074654509187,1590.0,31577.0,91.0,4,Premium Dining Market,Health-oriented restaurant,higher-income trade area,MEM_compstore_restaurants.csv
38637,38637,Horn Lake,MS,DeSoto,34.95105,-90.05004,26652.0,2.66,649.4,RURAL,57111,millennial,-1.2852327863994963,351.0,8323.0,44.0,0,Social Dining Market,Mexican cuisine restaurant,mid-market trade area,MEM_compstore_restaurants.csv
38672,38672,Southaven,MS,DeSoto,34.93727,-89.94943,15602.0,2.94,487.4,RURAL,103692,millennial,15.467732386027237,351.0,8323.0,37.0,4,Premium Dining Market,Seafood-focused restaurant,higher-income trade area,MEM_compstore_restaurants.csv
38016,38016,Cordova,TN,Shelby,35.17956,-89.76046,46394.0,2.49,940.8,RURAL,72749,millennial,0.23549746138057684,1590.0,31577.0,83.0,4,Premium Dining Market,Mexican cuisine restaurant,higher-income trade area,MEM_compstore_restaurants.csv
72364,72364,Marion,AR,Crittenden,35.2126,-90.18573,16314.0,2.68,77.4,RURAL,73762,millennial,2.391263415552627,66.0,1111.0,19.0,5,Social Dining Market,Beverage-led restaurant,higher-income trade area,MEM_compstore_restaurants.csv
38654,38654,Olive Branch,MS,DeSoto,34.93635,-89.82409,56449.0,2.73,243.5,RURAL,96145,millennial,10.70602078838988,351.0,8323.0,98.0,9,Premium Dining Market,Beverage-led restaurant,higher-income trade area,MEM_compstore_restaurants.csv
38671,38671,Southaven,MS,DeSoto,34.96376,-89.99567,37288.0,2.61,648.3,RURAL,58854,millennial,1.8102389078498295,351.0,8323.0,83.0,0,Social Dining Market,Wings-focused restaurant,mid-market trade area,MEM_compstore_restaurants.csv
38134,38134,Memphis,TN,Shelby,35.17674,-89.85992,42789.0,2.67,913.5,RURAL,57630,millennial,-2.9683885890516577,1590.0,31577.0,90.0,0,Social Dining Market,Mexican cuisine restaurant,mid-market trade area,MEM_compstore_restaurants.csv
38017,38017,Collierville,TN,Shelby,35.06722,-89.65347,55570.0,2.83,267.7,RURAL,131354,adult,3.716008137516565,1590.0,31577.0,74.0,9,Premium Dining Market,Chicken-focused restaurant,higher-income trade area,MEM_compstore_restaurants.csv
38127,38127,Memphis,TN,Shelby,35.23795,-90.01753,40565.0,2.89,404.3,RURAL,34781,millennial,-9.74122777740694,1590.0,31577.0,29.0,3,Family Value Market,Beverage-led restaurant,value-oriented trade area,MEM_compstore_restaurants.csv
38671,38671,Southaven,MS,DeSoto,34.96376,-89.99567,37288.0,2.61,648.3,RURAL,58854,millennial,1.8102389078498295,351.0,8323.0,83.0,0,Social Dining Market,Mexican cuisine restaurant,mid-market trade area,MEM_compstore_restaurants.csv
38672,38672,Southaven,MS,DeSoto,34.93727,-89.94943,15602.0,2.94,487.4,RURAL,103692,millennial,15.467732386027237,351.0,8323.0,37.0,4,Premium Dining Market,General restaurant,higher-income trade area,MEM_compstore_restaurants.csv
38127,38127,Memphis,TN,Shelby,35.23795,-90.01753,40565.0,2.89,404.3,RURAL,34781,millennial,-9.74122777740694,1590.0,31577.0,29.0,3,Family Value Market,Seafood-focused restaurant,value-oriented trade area,MEM_compstore_restaurants.csv
38002,38002,Arlington,TN,Shelby,35.28854,-89.70926,42797.0,2.86,145.7,RURAL,109364,adult,5.297214841058951,1590.0,31577.0,59.0,9,Premium Dining Market,Asian cuisine restaurant,higher-income trade area,MEM_compstore_restaurants.csv
38018,38018,Cordova,TN,Shelby,35.13781,-89.76647,38338.0,2.71,797.3,RURAL,82355,millennial,2.837982832618026,1590.0,31577.0,82.0,9,Premium Dining Market,Asian cuisine restaurant,higher-income trade area,MEM_compstore_restaurants.csv
38002,38002,Arlington,TN,Shelby,35.28854,-89.70926,42797.0,2.86,145.7,RURAL,109364,adult,5.297214841058951,1590.0,31577.0,59.0,9,Premium Dining Market,Mexican cuisine restaurant,higher-income trade area,MEM_compstore_restaurants.csv
38133,38133,Memphis,TN,Shelby,35.21292,-89.79474,21383.0,2.69,632.7,RURAL,74775,millennial,0.3519804768162193,1590.0,31577.0,85.0,9,Premium Dining Market,General restaurant,higher-income trade area,MEM_compstore_restaurants.csv
38016,38016,Cordova,TN,Shelby,35.17956,-89.76046,46394.0,2.49,940.8,RURAL,72749,millennial,0.23549746138057684,1590.0,31577.0,83.0,4,Premium Dining Market,Fast-service restaurant,higher-income trade area,MEM_compstore_restaurants.csv
38637,38637,Horn Lake,MS,DeSoto,34.95105,-90.05004,26652.0,2.66,649.4,RURAL,57111,millennial,-1.2852327863994963,351.0,8323.0,44.0,0,Social Dining Market,Mexican cuisine restaurant,mid-market trade area,MEM_compstore_restaurants.csv
38611,38611,Byhalia,MS,Marshall,34.85467,-89.67116,17023.0,2.7,33.3,RURAL,55758,millennial,13.102119460500964,32.0,405.0,10.0,11,Healthy Lifestyle Market,Seafood-focused restaurant,mid-market trade area,MEM_compstore_restaurants.csv
38053,38053,Millington,TN,Shelby,35.33583,-89.95,25556.0,2.63,60.2,RURAL,57012,adult,-3.827193015466827,1590.0,31577.0,41.0,0,Social Dining Market,Fast-service restaurant,mid-market trade area,MEM_compstore_restaurants.csv
38060,38060,Oakland,TN,Fayette,35.21214,-89.50468,11713.0,2.56,108.0,RURAL,80478,adult,21.37823834196891,33.0,417.0,22.0,1,Premium Dining Market,Mexican cuisine restaurant,higher-income trade area,MEM_compstore_restaurants.csv
38128,38128,Memphis,TN,Shelby,35.22623,-89.92612,44400.0,2.78,688.7,RURAL,40497,millennial,-1.9975720119192142,1590.0,31577.0,43.0,8,Social Dining Market,Wings-focused restaurant,value-oriented trade area,MEM_compstore_restaurants.csv
38018,38018,Cordova,TN,Shelby,35.13781,-89.76647,38338.0,2.71,797.3,RURAL,82355,millennial,2.837982832618026,1590.0,31577.0,82.0,9,Premium Dining Market,Wings-focused restaurant,higher-income trade area,MEM_compstore_restaurants.csv
38134,38134,Memphis,TN,Shelby,35.17674,-89.85992,42789.0,2.67,913.5,RURAL,57630,millennial,-2.9683885890516577,1590.0,31577.0,90.0,0,Social Dining Market,Mexican cuisine restaurant,mid-market trade area,MEM_compstore_restaurants.csv
38134,38134,Memphis,TN,Shelby,35.17674,-89.85992,42789.0,2.67,913.5,RURAL,57630,millennial,-2.9683885890516577,1590.0,31577.0,90.0,0,Social Dining Market,Beverage-led restaurant,mid-market trade area,MEM_compstore_restaurants.csv
38105,38105,Memphis,TN,Shelby,35.1512,-90.03541,5215.0,1.56,1264.1,SUBURBAN,26250,adult,-19.719827586206897,1590.0,31577.0,16.0,0,Social Dining Market,Beverage-led restaurant,value-oriented trade area,MEM_compstore_restaurants.csv
38108,38108,Memphis,TN,Shelby,35.1763,-89.96382,17629.0,2.67,892.7,RURAL,29757,millennial,-0.09067724567866252,1590.0,31577.0,10.0,3,Family Value Market,Fast-service restaurant,value-oriented trade area,MEM_compstore_restaurants.csv
38117,38117,Memphis,TN,Shelby,35.11504,-89.90551,26430.0,2.29,1059.9,SUBURBAN,91680,adult,0.6627056672760512,1590.0,31577.0,84.0,4,Premium Dining Market,Asian cuisine restaurant,higher-income trade area,MEM_compstore_restaurants.csv
38017,38017,Collierville,TN,Shelby,35.06722,-89.65347,55570.0,2.83,267.7,RURAL,131354,adult,3.716008137516565,1590.0,31577.0,74.0,9,Premium Dining Market,Mexican cuisine restaurant,higher-income trade area,MEM_compstore_restaurants.csv
38019,38019,Covington,TN,Tipton,35.56114,-89.6304,15466.0,2.55,43.3,RURAL,57124,millennial,-2.262386248736097,70.0,1131.0,23.0,1,Premium Dining Market,Chicken-focused restaurant,mid-market trade area,MEM_compstore_restaurants.csv
38103,38103,Memphis,TN,Shelby,35.15308,-90.05518,13981.0,1.53,2115.1,SUBURBAN,89851,millennial,-0.40604074654509187,1590.0,31577.0,91.0,4,Premium Dining Market,General restaurant,higher-income trade area,MEM_compstore_restaurants.csv
38134,38134,Memphis,TN,Shelby,35.17674,-89.85992,42789.0,2.67,913.5,RURAL,57630,millennial,-2.9683885890516577,1590.0,31577.0,90.0,0,Social Dining Market,Wings-focused restaurant,mid-market trade area,MEM_compstore_restaurants.csv
