restaurant_object_key,restaurant_name,zip_or_postal_code,ZCTA,FIPS,CITY,STATE,COUNTY,AREA_TYPE,cluster_id,market_segment,restaurant category,price positioning,market trend,menu_signal_strength,Age Demand Level,Income Level,Growth Level,Competition Level,Cuisine Variety Level,Cuisine Focus Level,Customer Engagement Level,Fast Food Level,Healthy Level,Beverage Level,Wings Level
808124,All Star Hot Wings,38118,38118,47157,Memphis,TN,Shelby,RURAL,4,Healthy Lifestyle Market,Wings-focused restaurant,value-oriented trade area,wings and chicken-wing concentration,High,Young Demand High,Low,Stable,Medium,Low,Medium,High,High,Medium,Medium,High
984572,Crazy Lu Seafood Shack,38637,38637,28033,Horn Lake,MS,DeSoto,RURAL,4,Healthy Lifestyle Market,Seafood-focused restaurant,mid-market trade area,wings and chicken-wing concentration,High,Balanced Age Demand,Medium,Stable,High,Medium,Low,High,Medium,High,Medium,High
2480706,Don Don's Hot Wings,38109,38109,47157,Memphis,TN,Shelby,RURAL,6,Youth Convenience Market,Wings-focused restaurant,value-oriented trade area,wings and chicken-wing concentration,High,Balanced Age Demand,Low,Stable,Low,Low,Medium,Medium,High,Low,Medium,High
809922,Poke Bros,38119,38119,47157,Memphis,TN,Shelby,SUBURBAN,5,Comfort Dining Market,Asian cuisine restaurant,higher-income trade area,beverage-led food concentration,High,Senior Demand High,High,Stable,High,Medium,Low,High,Low,Medium,High,Low
2553045,Guthrie's,38017,38017,47157,Collierville,TN,Shelby,RURAL,13,Healthy Lifestyle Market,Chicken-focused restaurant,higher-income trade area,health-oriented food concentration,High,Young Demand High,High,Growing,Medium,Low,Low,High,Medium,High,Medium,Low
2463308,Guthrie's Chicken,38106,38106,47157,Memphis,TN,Shelby,RURAL,6,Youth Convenience Market,General restaurant,value-oriented trade area,wings and chicken-wing concentration,High,Young Demand High,Low,Declining,Medium,Medium,Medium,Low,High,Low,Low,High
2267847,Maria's Cantina,38671,38671,28033,Southaven,MS,DeSoto,RURAL,4,Healthy Lifestyle Market,Mexican cuisine restaurant,mid-market trade area,beverage-led food concentration,High,Balanced Age Demand,Medium,Stable,High,Low,Low,High,Medium,Medium,High,High
2454674,One and Only BBQ,38018,38018,47157,Cordova,TN,Shelby,RURAL,5,Comfort Dining Market,Wings-focused restaurant,higher-income trade area,health-oriented food concentration,High,Senior Demand High,High,Growing,High,Low,Low,High,Medium,High,Medium,Medium
2112944,Social Desiii Indian Cuisine & Bar,38017,38017,47157,Collierville,TN,Shelby,RURAL,13,Healthy Lifestyle Market,Asian cuisine restaurant,higher-income trade area,health-oriented food concentration,High,Young Demand High,High,Growing,Medium,Low,Low,High,Medium,High,Medium,Low
2578214,Marlowe's Ribs & Restaurant,38116,38116,47157,Memphis,TN,Shelby,RURAL,4,Healthy Lifestyle Market,Beverage-led restaurant,value-oriented trade area,wings and chicken-wing concentration,High,Young Demand High,Low,Stable,High,Low,Low,High,High,Medium,Medium,High
2460169,SWTCC MACON CAFETERIA,38134,38134,47157,Memphis,TN,Shelby,RURAL,5,Comfort Dining Market,General restaurant,mid-market trade area,health-oriented food concentration,High,Senior Demand High,Medium,Stable,High,Low,Low,High,Low,High,Medium,Medium
1243019,One & Only BBQ,38120,38120,47157,Memphis,TN,Shelby,RURAL,5,Comfort Dining Market,Beverage-led restaurant,higher-income trade area,health-oriented food concentration,High,Young Demand High,High,Declining,Medium,High,Low,High,Medium,High,High,Low
2461927,SHWARMA KING,38134,38134,47157,Memphis,TN,Shelby,RURAL,5,Comfort Dining Market,Health-oriented restaurant,mid-market trade area,health-oriented food concentration,High,Senior Demand High,Medium,Stable,High,Low,Low,High,Low,High,Medium,Medium
2514947,CARACAS FOOD,38134,38134,47157,Memphis,TN,Shelby,RURAL,5,Comfort Dining Market,Fast-service restaurant,mid-market trade area,health-oriented food concentration,High,Senior Demand High,Medium,Stable,High,Low,Low,High,Low,High,Medium,Medium
2338954,AL MEDINA MARKET AND DEL,38018,38018,47157,Cordova,TN,Shelby,RURAL,5,Comfort Dining Market,Health-oriented restaurant,higher-income trade area,health-oriented food concentration,High,Senior Demand High,High,Growing,High,Low,Low,High,Medium,High,Medium,Medium
2465492,ZEN SCALP LOUNGE,38016,38016,47157,Cordova,TN,Shelby,RURAL,5,Comfort Dining Market,General restaurant,higher-income trade area,health-oriented food concentration,High,Senior Demand High,High,Stable,High,Low,Low,High,Low,High,High,Medium
2535870,PopPop’s Pitstop BBQ,38018,38018,47157,Cordova,TN,Shelby,RURAL,5,Comfort Dining Market,Fast-service restaurant,higher-income trade area,health-oriented food concentration,High,Senior Demand High,High,Growing,High,Low,Low,High,Medium,High,Medium,Medium
2101312,County Line Chicken & Deli,38118,38118,47157,Memphis,TN,Shelby,RURAL,4,Healthy Lifestyle Market,Wings-focused restaurant,value-oriented trade area,wings and chicken-wing concentration,High,Young Demand High,Low,Stable,Medium,Low,Medium,High,High,Medium,Medium,High
2459957,DESOTO SNOW & CREAMERY,38672,38672,28033,Southaven,MS,DeSoto,RURAL,13,Healthy Lifestyle Market,General restaurant,higher-income trade area,health-oriented food concentration,High,Young Demand High,High,Growing,High,Medium,Low,Medium,Medium,High,High,Medium
2457500,KEMET COFFEE,38668,38668,28137,Senatobia,MS,Tate,RURAL,1,Social Dining Market,Beverage-led restaurant,mid-market trade area,beverage-led food concentration,High,Balanced Age Demand,Medium,Stable,Medium,Medium,Medium,Medium,Medium,Low,High,High
1846813,MARISCOS SINALOA,38122,38122,47157,Memphis,TN,Shelby,SUBURBAN,4,Healthy Lifestyle Market,Mexican cuisine restaurant,value-oriented trade area,health-oriented food concentration,High,Young Demand High,Low,Declining,High,Medium,Low,High,Low,High,Medium,Medium
2457193,MISSISSIPPI ALE HOUSE,38654,38654,28033,Olive Branch,MS,DeSoto,RURAL,5,Comfort Dining Market,Beverage-led restaurant,higher-income trade area,beverage-led food concentration,High,Balanced Age Demand,High,Growing,High,Low,Low,High,Medium,Medium,High,Medium
2395847,MOCHIATSU,38672,38672,28033,Southaven,MS,DeSoto,RURAL,13,Healthy Lifestyle Market,Beverage-led restaurant,higher-income trade area,health-oriented food concentration,High,Young Demand High,High,Growing,High,Medium,Low,Medium,Medium,High,High,Medium
2443977,TACONGANAS OLIVE BRANCH,38654,38654,28033,Olive Branch,MS,DeSoto,RURAL,5,Comfort Dining Market,General restaurant,higher-income trade area,beverage-led food concentration,High,Balanced Age Demand,High,Growing,High,Low,Low,High,Medium,Medium,High,Medium
2300500,Sun Of A Vegan,38115,38115,47157,Memphis,TN,Shelby,SUBURBAN,4,Healthy Lifestyle Market,Mexican cuisine restaurant,value-oriented trade area,wings and chicken-wing concentration,High,Senior Demand High,Low,Declining,High,Low,Medium,High,Medium,Medium,Low,High
2433483,Mantra Indian Grill,38138,38138,47157,Germantown,TN,Shelby,RURAL,14,Social Dining Market,Asian cuisine restaurant,higher-income trade area,health-oriented food concentration,High,Young Demand High,High,Stable,High,Low,Medium,High,Low,High,High,Low
1149281,Andrew Michael Italian Kitchen,38117,38117,47157,Memphis,TN,Shelby,SUBURBAN,5,Comfort Dining Market,Beverage-led restaurant,higher-income trade area,beverage-led food concentration,High,Senior Demand High,High,Stable,High,Medium,Low,High,Low,High,High,Low
1158371,Bleu Restaurant & Lounge,38103,38103,47157,Memphis,TN,Shelby,SUBURBAN,5,Comfort Dining Market,Health-oriented restaurant,higher-income trade area,beverage-led food concentration,High,Senior Demand High,High,Stable,High,Low,Medium,High,Low,Medium,High,Low
2166104,Boscos Squared,38104,38104,47157,Memphis,TN,Shelby,SUBURBAN,5,Comfort Dining Market,Beverage-led restaurant,mid-market trade area,beverage-led food concentration,High,Senior Demand High,Medium,Stable,High,Low,Low,High,Medium,High,High,Medium
1160021,Jim's Place Restaurant & Bar,38117,38117,47157,Memphis,TN,Shelby,SUBURBAN,5,Comfort Dining Market,Seafood-focused restaurant,higher-income trade area,beverage-led food concentration,High,Senior Demand High,High,Stable,High,Medium,Low,High,Low,High,High,Low
763981,Juicy Seafood,38671,38671,28033,Southaven,MS,DeSoto,RURAL,4,Healthy Lifestyle Market,Wings-focused restaurant,mid-market trade area,beverage-led food concentration,High,Balanced Age Demand,Medium,Stable,High,Low,Low,High,Medium,Medium,High,High
1070620,Robata Ramen and Yakitori Bar,38104,38104,47157,Memphis,TN,Shelby,SUBURBAN,5,Comfort Dining Market,Asian cuisine restaurant,mid-market trade area,beverage-led food concentration,High,Senior Demand High,Medium,Stable,High,Low,Low,High,Medium,High,High,Medium
1743939,The Beauty Shop,38104,38104,47157,Memphis,TN,Shelby,SUBURBAN,5,Comfort Dining Market,Beverage-led restaurant,mid-market trade area,beverage-led food concentration,High,Senior Demand High,Medium,Stable,High,Low,Low,High,Medium,High,High,Medium
2500451,Thor Indian Cuisine,38111,38111,47157,Memphis,TN,Shelby,SUBURBAN,5,Comfort Dining Market,Asian cuisine restaurant,mid-market trade area,health-oriented food concentration,High,Senior Demand High,Medium,Declining,High,Low,Low,High,Low,High,High,Medium
1819722,Ricos Tacos & 'Ritas,38002,38002,47157,Arlington,TN,Shelby,RURAL,13,Healthy Lifestyle Market,Mexican cuisine restaurant,higher-income trade area,health-oriented food concentration,High,Young Demand High,High,Growing,Medium,Low,Low,High,Medium,High,High,Medium
2567558,3 Guys Pizza Pies,38016,38016,47157,Cordova,TN,Shelby,RURAL,5,Comfort Dining Market,Wings-focused restaurant,higher-income trade area,health-oriented food concentration,High,Senior Demand High,High,Stable,High,Low,Low,High,Low,High,High,Medium
1754152,Lennys Grill & Subs,72301,72301,05035,West Memphis,AR,Crittenden,RURAL,4,Healthy Lifestyle Market,Fast-service restaurant,value-oriented trade area,fast-service concentration,High,Balanced Age Demand,Low,Stable,High,Low,Medium,Medium,High,Medium,Medium,High
1049165,Bombay House,38016,38016,47157,Cordova,TN,Shelby,RURAL,5,Comfort Dining Market,General restaurant,higher-income trade area,health-oriented food concentration,High,Senior Demand High,High,Stable,High,Low,Low,High,Low,High,High,Medium
1078436,The Cupboard,38104,38104,47157,Memphis,TN,Shelby,SUBURBAN,5,Comfort Dining Market,General restaurant,mid-market trade area,beverage-led food concentration,High,Senior Demand High,Medium,Stable,High,Low,Low,High,Medium,High,High,Medium
1366815,Aldar Cafe,38122,38122,47157,Memphis,TN,Shelby,SUBURBAN,4,Healthy Lifestyle Market,Health-oriented restaurant,value-oriented trade area,health-oriented food concentration,High,Young Demand High,Low,Declining,High,Medium,Low,High,Low,High,Medium,Medium
1108769,American Deli,38134,38134,47157,Memphis,TN,Shelby,RURAL,5,Comfort Dining Market,Fast-service restaurant,mid-market trade area,health-oriented food concentration,High,Senior Demand High,Medium,Stable,High,Low,Low,High,Low,High,Medium,Medium
1726859,American Deli,38141,38141,47157,Memphis,TN,Shelby,SUBURBAN,1,Social Dining Market,Wings-focused restaurant,mid-market trade area,wings and chicken-wing concentration,High,Balanced Age Demand,Medium,Growing,Medium,Medium,Medium,Medium,High,Medium,Medium,High
1366595,American Deli,38115,38115,47157,Memphis,TN,Shelby,SUBURBAN,4,Healthy Lifestyle Market,Wings-focused restaurant,value-oriented trade area,wings and chicken-wing concentration,High,Senior Demand High,Low,Declining,High,Low,Medium,High,Medium,Medium,Low,High
2188272,Big Red Sandwich Shoppe﻿,72335,72335,05123,Forrest City,AR,St. Francis,RURAL,0,Social Dining Market,Health-oriented restaurant,value-oriented trade area,fast-service concentration,High,Senior Demand High,Low,Declining,Medium,High,Medium,Medium,High,Medium,Medium,High
2401240,Brown Jug Liquor Store,38112,38112,47157,Memphis,TN,Shelby,SUBURBAN,4,Healthy Lifestyle Market,General restaurant,mid-market trade area,wings and chicken-wing concentration,Medium,Balanced Age Demand,Medium,Stable,High,Medium,Medium,High,Low,Medium,Medium,Medium
763916,Burger King,38637,38637,28033,Horn Lake,MS,DeSoto,RURAL,4,Healthy Lifestyle Market,Fast-service restaurant,mid-market trade area,wings and chicken-wing concentration,High,Balanced Age Demand,Medium,Stable,High,Medium,Low,High,Medium,High,Medium,High
2166296,Cafe 127,38139,38139,47157,Germantown,TN,Shelby,RURAL,14,Social Dining Market,Beverage-led restaurant,higher-income trade area,beverage-led food concentration,High,Young Demand High,High,Growing,Medium,High,Low,Medium,Low,Medium,High,Medium
1925382,CHAMBERS SOUTHERN SMOKE,38127,38127,47157,Memphis,TN,Shelby,RURAL,6,Youth Convenience Market,Fast-service restaurant,value-oriented trade area,wings and chicken-wing concentration,High,Young Demand High,Low,Declining,Medium,Medium,Medium,Medium,High,Medium,Low,High
1098525,Chick-fil-A,38117,38117,47157,Memphis,TN,Shelby,SUBURBAN,5,Comfort Dining Market,Chicken-focused restaurant,higher-income trade area,beverage-led food concentration,High,Senior Demand High,High,Stable,High,Medium,Low,High,Low,High,High,Low
1812162,Chipotle Mexican Grill,38119,38119,47157,Memphis,TN,Shelby,SUBURBAN,5,Comfort Dining Market,Mexican cuisine restaurant,higher-income trade area,beverage-led food concentration,High,Senior Demand High,High,Stable,High,Medium,Low,High,Low,Medium,High,Low
1480586,Court Square Cafe,38019,38019,47167,Covington,TN,Tipton,RURAL,4,Healthy Lifestyle Market,Beverage-led restaurant,mid-market trade area,beverage-led food concentration,Medium,Balanced Age Demand,Medium,Stable,Medium,Medium,Medium,Medium,Medium,Low,Medium,Medium
2235868,Cracker Barrel,72301,72301,05035,West Memphis,AR,Crittenden,RURAL,4,Healthy Lifestyle Market,Fast-service restaurant,value-oriented trade area,fast-service concentration,High,Balanced Age Demand,Low,Stable,High,Low,Medium,Medium,High,Medium,Medium,High
2302977,Cracker Barrel,38125,38125,47157,Memphis,TN,Shelby,RURAL,5,Comfort Dining Market,Fast-service restaurant,higher-income trade area,fast-service concentration,Medium,Balanced Age Demand,High,Growing,Medium,Low,Low,High,Medium,Medium,Medium,Medium
1874626,Desi Hypermart,38125,38125,47157,Memphis,TN,Shelby,RURAL,5,Comfort Dining Market,Asian cuisine restaurant,higher-income trade area,fast-service concentration,Medium,Balanced Age Demand,High,Growing,Medium,Low,Low,High,Medium,Medium,Medium,Medium
1926376,Domino's Pizza,38103,38103,47157,Memphis,TN,Shelby,SUBURBAN,5,Comfort Dining Market,Wings-focused restaurant,higher-income trade area,beverage-led food concentration,High,Senior Demand High,High,Stable,High,Low,Medium,High,Low,Medium,High,Low
2430434,El Gallo Giro,38118,38118,47157,Memphis,TN,Shelby,RURAL,4,Healthy Lifestyle Market,Mexican cuisine restaurant,value-oriented trade area,wings and chicken-wing concentration,High,Young Demand High,Low,Stable,Medium,Low,Medium,High,High,Medium,Medium,High
1730487,Energy Famous Pasta,38103,38103,47157,Memphis,TN,Shelby,SUBURBAN,5,Comfort Dining Market,Seafood-focused restaurant,higher-income trade area,beverage-led food concentration,High,Senior Demand High,High,Stable,High,Low,Medium,High,Low,Medium,High,Low
1730536,Exlines' Best Pizza In Town Kirby,38119,38119,47157,Memphis,TN,Shelby,SUBURBAN,5,Comfort Dining Market,Beverage-led restaurant,higher-income trade area,beverage-led food concentration,High,Senior Demand High,High,Stable,High,Medium,Low,High,Low,Medium,High,Low
2244081,Freddy's Frozen Custard & Steakburgers,38017,38017,47157,Collierville,TN,Shelby,RURAL,13,Healthy Lifestyle Market,Fast-service restaurant,higher-income trade area,health-oriented food concentration,High,Young Demand High,High,Growing,Medium,Low,Low,High,Medium,High,Medium,Low
2382178,Fresh &amp; Ready from Kroger,38134,38134,47157,Memphis,TN,Shelby,RURAL,5,Comfort Dining Market,General restaurant,mid-market trade area,health-oriented food concentration,High,Senior Demand High,Medium,Stable,High,Low,Low,High,Low,High,Medium,Medium
2382215,Fresh &amp; Ready from Kroger,38139,38139,47157,Germantown,TN,Shelby,RURAL,14,Social Dining Market,General restaurant,higher-income trade area,beverage-led food concentration,High,Young Demand High,High,Growing,Medium,High,Low,Medium,Low,Medium,High,Medium
2382236,Fresh &amp; Ready from Kroger,38018,38018,47157,Cordova,TN,Shelby,RURAL,5,Comfort Dining Market,General restaurant,higher-income trade area,health-oriented food concentration,High,Senior Demand High,High,Growing,High,Low,Low,High,Medium,High,Medium,Medium
1377782,Gullys Grill,38141,38141,47157,Memphis,TN,Shelby,SUBURBAN,1,Social Dining Market,Seafood-focused restaurant,mid-market trade area,wings and chicken-wing concentration,High,Balanced Age Demand,Medium,Growing,Medium,Medium,Medium,Medium,High,Medium,Medium,High
1119790,Horizon Pizzano,72301,72301,05035,West Memphis,AR,Crittenden,RURAL,4,Healthy Lifestyle Market,General restaurant,value-oriented trade area,fast-service concentration,High,Balanced Age Demand,Low,Stable,High,Low,Medium,Medium,High,Medium,Medium,High
1058649,Jus wings and more,38115,38115,47157,Memphis,TN,Shelby,SUBURBAN,4,Healthy Lifestyle Market,Wings-focused restaurant,value-oriented trade area,wings and chicken-wing concentration,High,Senior Demand High,Low,Declining,High,Low,Medium,High,Medium,Medium,Low,High
1072436,Krispy Kreme,38671,38671,28033,Southaven,MS,DeSoto,RURAL,4,Healthy Lifestyle Market,Beverage-led restaurant,mid-market trade area,beverage-led food concentration,High,Balanced Age Demand,Medium,Stable,High,Low,Low,High,Medium,Medium,High,High
1123172,Land Star Deli,38128,38128,47157,Memphis,TN,Shelby,RURAL,4,Healthy Lifestyle Market,Wings-focused restaurant,value-oriented trade area,wings and chicken-wing concentration,High,Young Demand High,Low,Stable,Medium,Low,Medium,High,High,Medium,Medium,High
1834751,Logan's Roadhouse,38119,38119,47157,Memphis,TN,Shelby,SUBURBAN,5,Comfort Dining Market,Beverage-led restaurant,higher-income trade area,beverage-led food concentration,High,Senior Demand High,High,Stable,High,Medium,Low,High,Low,Medium,High,Low
1734695,Magic Wings and Things,38109,38109,47157,Memphis,TN,Shelby,RURAL,6,Youth Convenience Market,Wings-focused restaurant,value-oriented trade area,wings and chicken-wing concentration,High,Balanced Age Demand,Low,Stable,Low,Low,Medium,Medium,High,Low,Medium,High
2267801,Mama Rosa Mexican Food,38654,38654,28033,Olive Branch,MS,DeSoto,RURAL,5,Comfort Dining Market,Mexican cuisine restaurant,higher-income trade area,beverage-led food concentration,High,Balanced Age Demand,High,Growing,High,Low,Low,High,Medium,Medium,High,Medium
2433456,Manassas Market &amp; Deli,38105,38105,47157,Memphis,TN,Shelby,SUBURBAN,0,Social Dining Market,Health-oriented restaurant,value-oriented trade area,health-oriented food concentration,High,Senior Demand High,Low,Declining,High,High,Medium,Medium,High,High,High,High
763934,McDonald's,38671,38671,28033,Southaven,MS,DeSoto,RURAL,4,Healthy Lifestyle Market,Beverage-led restaurant,mid-market trade area,beverage-led food concentration,High,Balanced Age Demand,Medium,Stable,High,Low,Low,High,Medium,Medium,High,High
2238387,McDonald's,38141,38141,47157,Memphis,TN,Shelby,SUBURBAN,1,Social Dining Market,Beverage-led restaurant,mid-market trade area,wings and chicken-wing concentration,High,Balanced Age Demand,Medium,Growing,Medium,Medium,Medium,Medium,High,Medium,Medium,High
1030858,McDonald's,38104,38104,47157,Memphis,TN,Shelby,SUBURBAN,5,Comfort Dining Market,Beverage-led restaurant,mid-market trade area,beverage-led food concentration,High,Senior Demand High,Medium,Stable,High,Low,Low,High,Medium,High,High,Medium
12764,McDonald's,38138,38138,47157,Germantown,TN,Shelby,RURAL,14,Social Dining Market,Beverage-led restaurant,higher-income trade area,health-oriented food concentration,High,Young Demand High,High,Stable,High,Low,Medium,High,Low,High,High,Low
913123,Memphis2Miami,38116,38116,47157,Memphis,TN,Shelby,RURAL,4,Healthy Lifestyle Market,Wings-focused restaurant,value-oriented trade area,wings and chicken-wing concentration,High,Young Demand High,Low,Stable,High,Low,Low,High,High,Medium,Medium,High
2433833,Milano's NY Pizza,38671,38671,28033,Southaven,MS,DeSoto,RURAL,4,Healthy Lifestyle Market,General restaurant,mid-market trade area,beverage-led food concentration,High,Balanced Age Demand,Medium,Stable,High,Low,Low,High,Medium,Medium,High,High
2434163,Nawab's Restaurant,38017,38017,47157,Collierville,TN,Shelby,RURAL,13,Healthy Lifestyle Market,Asian cuisine restaurant,higher-income trade area,health-oriented food concentration,High,Young Demand High,High,Growing,Medium,Low,Low,High,Medium,High,Medium,Low
2434201,New China Restaurant,38018,38018,47157,Cordova,TN,Shelby,RURAL,5,Comfort Dining Market,Asian cuisine restaurant,higher-income trade area,health-oriented food concentration,High,Senior Demand High,High,Growing,High,Low,Low,High,Medium,High,Medium,Medium
2434456,Old School Hot Wings,38680,38680,28033,Walls,MS,DeSoto,RURAL,6,Youth Convenience Market,Wings-focused restaurant,mid-market trade area,wings and chicken-wing concentration,High,Young Demand High,Medium,Growing,Low,High,High,Low,High,Low,Low,High
2024961,Petals Of A Peony,38016,38016,47157,Cordova,TN,Shelby,RURAL,5,Comfort Dining Market,Asian cuisine restaurant,higher-income trade area,health-oriented food concentration,High,Senior Demand High,High,Stable,High,Low,Low,High,Low,High,High,Medium
178580,Phoenix Southern Grill,38114,38114,47157,Memphis,TN,Shelby,SUBURBAN,0,Social Dining Market,Wings-focused restaurant,value-oriented trade area,wings and chicken-wing concentration,High,Senior Demand High,Low,Declining,Medium,Medium,Medium,Medium,High,Medium,Low,High
1877813,Popeyes Louisiana Kitchen,38668,38668,28137,Senatobia,MS,Tate,RURAL,1,Social Dining Market,Wings-focused restaurant,mid-market trade area,beverage-led food concentration,High,Balanced Age Demand,Medium,Stable,Medium,Medium,Medium,Medium,Medium,Low,High,High
1005874,Popeyes Louisiana Kitchen,38118,38118,47157,Memphis,TN,Shelby,RURAL,4,Healthy Lifestyle Market,Wings-focused restaurant,value-oriented trade area,wings and chicken-wing concentration,High,Young Demand High,Low,Stable,Medium,Low,Medium,High,High,Medium,Medium,High
1131863,Seashack 2,38060,38060,47047,Oakland,TN,Fayette,RURAL,5,Comfort Dining Market,Seafood-focused restaurant,higher-income trade area,wings and chicken-wing concentration,High,Senior Demand High,High,Growing,High,Medium,Low,Medium,Low,Medium,Medium,High
2436368,Society Skatepark &amp; Coffee,38112,38112,47157,Memphis,TN,Shelby,SUBURBAN,4,Healthy Lifestyle Market,Beverage-led restaurant,mid-market trade area,wings and chicken-wing concentration,Medium,Balanced Age Demand,Medium,Stable,High,Medium,Medium,High,Low,Medium,Medium,Medium
1132905,Soul Train Lounge,38126,38126,47157,Memphis,TN,Shelby,SUBURBAN,6,Youth Convenience Market,Fast-service restaurant,value-oriented trade area,fast-service concentration,Medium,Balanced Age Demand,Low,Growing,Medium,Medium,High,Medium,Medium,Low,Low,Medium
1546187,Starbucks,38016,38016,47157,Cordova,TN,Shelby,RURAL,5,Comfort Dining Market,Beverage-led restaurant,higher-income trade area,health-oriented food concentration,High,Senior Demand High,High,Stable,High,Low,Low,High,Low,High,High,Medium
2307912,Subway,38132,38132,47157,Memphis,TN,Shelby,RURAL,11,Family Value Market,Health-oriented restaurant,value-oriented trade area,health-oriented food concentration,High,Balanced Age Demand,Low,Stable,High,High,High,Low,High,High,Low,Low
2285302,Subway,38017,38017,47157,Collierville,TN,Shelby,RURAL,13,Healthy Lifestyle Market,Health-oriented restaurant,higher-income trade area,health-oriented food concentration,High,Young Demand High,High,Growing,Medium,Low,Low,High,Medium,High,Medium,Low
2307812,Subway,38138,38138,47157,Germantown,TN,Shelby,RURAL,14,Social Dining Market,Health-oriented restaurant,higher-income trade area,health-oriented food concentration,High,Young Demand High,High,Stable,High,Low,Medium,High,Low,High,High,Low
1931017,Sushi from Kroger by Snowfox,38138,38138,47157,Germantown,TN,Shelby,RURAL,14,Social Dining Market,General restaurant,higher-income trade area,health-oriented food concentration,High,Young Demand High,High,Stable,High,Low,Medium,High,Low,High,High,Low
978744,Taco Bell,38654,38654,28033,Olive Branch,MS,DeSoto,RURAL,5,Comfort Dining Market,Mexican cuisine restaurant,higher-income trade area,beverage-led food concentration,High,Balanced Age Demand,High,Growing,High,Low,Low,High,Medium,Medium,High,Medium
2536588,Taziki's Mediterranean Cafe,38117,38117,47157,Memphis,TN,Shelby,SUBURBAN,5,Comfort Dining Market,Health-oriented restaurant,higher-income trade area,beverage-led food concentration,High,Senior Demand High,High,Stable,High,Medium,Low,High,Low,High,High,Low
2383076,Toasty Spirits &amp; Wine,38116,38116,47157,Memphis,TN,Shelby,RURAL,4,Healthy Lifestyle Market,General restaurant,value-oriented trade area,wings and chicken-wing concentration,High,Young Demand High,Low,Stable,High,Low,Low,High,High,Medium,Medium,High
2438033,Top Notch Market 2,38111,38111,47157,Memphis,TN,Shelby,SUBURBAN,5,Comfort Dining Market,Wings-focused restaurant,mid-market trade area,health-oriented food concentration,High,Senior Demand High,Medium,Declining,High,Low,Low,High,Low,High,High,Medium
1741259,Tops Bar-B-Q Millington,38053,38053,47157,Millington,TN,Shelby,RURAL,4,Healthy Lifestyle Market,Beverage-led restaurant,mid-market trade area,beverage-led food concentration,High,Young Demand High,Medium,Declining,High,Medium,Medium,Medium,Medium,Medium,High,Medium
2191572,Walgreens Alcohol,38017,38017,47157,Collierville,TN,Shelby,RURAL,13,Healthy Lifestyle Market,General restaurant,higher-income trade area,health-oriented food concentration,High,Young Demand High,High,Growing,Medium,Low,Low,High,Medium,High,Medium,Low
2180156,Wendy's,38664,38664,28143,Robinsonville,MS,Tunica,RURAL,5,Comfort Dining Market,Fast-service restaurant,mid-market trade area,fast-service concentration,Low,Senior Demand High,Medium,Growing,High,High,Medium,Medium,Low,Medium,Medium,Low
810294,Wendy's,38128,38128,47157,Memphis,TN,Shelby,RURAL,4,Healthy Lifestyle Market,Fast-service restaurant,value-oriented trade area,wings and chicken-wing concentration,High,Young Demand High,Low,Stable,Medium,Low,Medium,High,High,Medium,Medium,High
980189,Wendy's,38109,38109,47157,Memphis,TN,Shelby,RURAL,6,Youth Convenience Market,Fast-service restaurant,value-oriented trade area,wings and chicken-wing concentration,High,Balanced Age Demand,Low,Stable,Low,Low,Medium,Medium,High,Low,Medium,High
2264273,Wendy's,38671,38671,28033,Southaven,MS,DeSoto,RURAL,4,Healthy Lifestyle Market,Fast-service restaurant,mid-market trade area,beverage-led food concentration,High,Balanced Age Demand,Medium,Stable,High,Low,Low,High,Medium,Medium,High,High
1365482,Wendy's,38637,38637,28033,Horn Lake,MS,DeSoto,RURAL,4,Healthy Lifestyle Market,Fast-service restaurant,mid-market trade area,wings and chicken-wing concentration,High,Balanced Age Demand,Medium,Stable,High,Medium,Low,High,Medium,High,Medium,High
2526407,Clay's Smoked Tuna,38112,38112,47157,Memphis,TN,Shelby,SUBURBAN,4,Healthy Lifestyle Market,Wings-focused restaurant,mid-market trade area,wings and chicken-wing concentration,Medium,Balanced Age Demand,Medium,Stable,High,Medium,Medium,High,Low,Medium,Medium,Medium
2289115,Hood Hibachi by Preacha Tim,38018,38018,47157,Cordova,TN,Shelby,RURAL,5,Comfort Dining Market,Asian cuisine restaurant,higher-income trade area,health-oriented food concentration,High,Senior Demand High,High,Growing,High,Low,Low,High,Medium,High,Medium,Medium
2578227,Masti Indian Grill,38111,38111,47157,Memphis,TN,Shelby,SUBURBAN,5,Comfort Dining Market,Asian cuisine restaurant,mid-market trade area,health-oriented food concentration,High,Senior Demand High,Medium,Declining,High,Low,Low,High,Low,High,High,Medium
1030289,Happy Mexican,38125,38125,47157,Memphis,TN,Shelby,RURAL,5,Comfort Dining Market,Mexican cuisine restaurant,higher-income trade area,fast-service concentration,Medium,Balanced Age Demand,High,Growing,Medium,Low,Low,High,Medium,Medium,Medium,Medium
2499737,Tacos vs Sushi,38023,38023,47167,Drummonds,TN,Tipton,RURAL,2,Youth Convenience Market,Asian cuisine restaurant,higher-income trade area,broad local cuisine variety,High,Balanced Age Demand,High,Declining,Low,High,High,Low,Low,Low,Low,Low
2542383,CURRY BOWL INDIAN CUISIN,38125,38125,47157,Memphis,TN,Shelby,RURAL,5,Comfort Dining Market,Asian cuisine restaurant,higher-income trade area,fast-service concentration,Medium,Balanced Age Demand,High,Growing,Medium,Low,Low,High,Medium,Medium,Medium,Medium
2443239,PHO & BOBA TEA ARLINGTON,38002,38002,47157,Arlington,TN,Shelby,RURAL,13,Healthy Lifestyle Market,Health-oriented restaurant,higher-income trade area,health-oriented food concentration,High,Young Demand High,High,Growing,Medium,Low,Low,High,Medium,High,High,Medium
2467921,SMOOTH LIVING,38116,38116,47157,Memphis,TN,Shelby,RURAL,4,Healthy Lifestyle Market,General restaurant,value-oriented trade area,wings and chicken-wing concentration,High,Young Demand High,Low,Stable,High,Low,Low,High,High,Medium,Medium,High
2166310,CAFE INDIA MEMPHIS,38125,38125,47157,Memphis,TN,Shelby,RURAL,5,Comfort Dining Market,Asian cuisine restaurant,higher-income trade area,fast-service concentration,Medium,Balanced Age Demand,High,Growing,Medium,Low,Low,High,Medium,Medium,Medium,Medium
1198836,SIDEWAYZ GRILLE,38115,38115,47157,Memphis,TN,Shelby,SUBURBAN,4,Healthy Lifestyle Market,Wings-focused restaurant,value-oriented trade area,wings and chicken-wing concentration,High,Senior Demand High,Low,Declining,High,Low,Medium,High,Medium,Medium,Low,High
1055522,THE CROCK POT 2,38125,38125,47157,Memphis,TN,Shelby,RURAL,5,Comfort Dining Market,Fast-service restaurant,higher-income trade area,fast-service concentration,Medium,Balanced Age Demand,High,Growing,Medium,Low,Low,High,Medium,Medium,Medium,Medium
2472490,JC CRUMPY'S WINGS THINGS,38108,38108,47157,Memphis,TN,Shelby,RURAL,6,Youth Convenience Market,General restaurant,value-oriented trade area,wings and chicken-wing concentration,High,Young Demand High,Low,Stable,Low,Medium,High,Low,Medium,Medium,Medium,High
2452784,MANCAVE SALON,38654,38654,28033,Olive Branch,MS,DeSoto,RURAL,5,Comfort Dining Market,General restaurant,higher-income trade area,beverage-led food concentration,High,Balanced Age Demand,High,Growing,High,Low,Low,High,Medium,Medium,High,Medium
2508598,Neil's Music Room,38119,38119,47157,Memphis,TN,Shelby,SUBURBAN,5,Comfort Dining Market,Beverage-led restaurant,higher-income trade area,beverage-led food concentration,High,Senior Demand High,High,Stable,High,Medium,Low,High,Low,Medium,High,Low
2255872,SWEET LALA'S BAKERY LLC,38119,38119,47157,Memphis,TN,Shelby,SUBURBAN,5,Comfort Dining Market,Beverage-led restaurant,higher-income trade area,beverage-led food concentration,High,Senior Demand High,High,Stable,High,Medium,Low,High,Low,Medium,High,Low
2576558,CADEAU CHOCOLATE TOWN,38672,38672,28033,Southaven,MS,DeSoto,RURAL,13,Healthy Lifestyle Market,General restaurant,higher-income trade area,health-oriented food concentration,High,Young Demand High,High,Growing,High,Medium,Low,Medium,Medium,High,High,Medium
2542319,KABOB G,38125,38125,47157,Memphis,TN,Shelby,RURAL,5,Comfort Dining Market,Health-oriented restaurant,higher-income trade area,fast-service concentration,Medium,Balanced Age Demand,High,Growing,Medium,Low,Low,High,Medium,Medium,Medium,Medium
2565022,Fabulous Flavors FRIENDS Diner In Restaurant,38116,38116,47157,Memphis,TN,Shelby,RURAL,4,Healthy Lifestyle Market,Wings-focused restaurant,value-oriented trade area,wings and chicken-wing concentration,High,Young Demand High,Low,Stable,High,Low,Low,High,High,Medium,Medium,High
859967,Golden India,38104,38104,47157,Memphis,TN,Shelby,SUBURBAN,5,Comfort Dining Market,Health-oriented restaurant,mid-market trade area,beverage-led food concentration,High,Senior Demand High,Medium,Stable,High,Low,Low,High,Medium,High,High,Medium
2506187,Horn of Africa Restaurant,38122,38122,47157,Memphis,TN,Shelby,SUBURBAN,4,Healthy Lifestyle Market,Seafood-focused restaurant,value-oriented trade area,health-oriented food concentration,High,Young Demand High,Low,Declining,High,Medium,Low,High,Low,High,Medium,Medium
699333,Alchemy,38104,38104,47157,Memphis,TN,Shelby,SUBURBAN,5,Comfort Dining Market,Beverage-led restaurant,mid-market trade area,beverage-led food concentration,High,Senior Demand High,Medium,Stable,High,Low,Low,High,Medium,High,High,Medium
861110,Corky's Ribs & Bbq,38119,38119,47157,Memphis,TN,Shelby,SUBURBAN,5,Comfort Dining Market,Beverage-led restaurant,higher-income trade area,beverage-led food concentration,High,Senior Demand High,High,Stable,High,Medium,Low,High,Low,Medium,High,Low
1936689,Fawn,38104,38104,47157,Memphis,TN,Shelby,SUBURBAN,5,Comfort Dining Market,Beverage-led restaurant,mid-market trade area,beverage-led food concentration,High,Senior Demand High,Medium,Stable,High,Low,Low,High,Medium,High,High,Medium
999304,Lafayette's Music Room Memphis,38104,38104,47157,Memphis,TN,Shelby,SUBURBAN,5,Comfort Dining Market,Seafood-focused restaurant,mid-market trade area,beverage-led food concentration,High,Senior Demand High,Medium,Stable,High,Low,Low,High,Medium,High,High,Medium
1819432,Porch & Parlor Prime Steakhouse,38104,38104,47157,Memphis,TN,Shelby,SUBURBAN,5,Comfort Dining Market,Seafood-focused restaurant,mid-market trade area,beverage-led food concentration,High,Senior Demand High,Medium,Stable,High,Low,Low,High,Medium,High,High,Medium
2572073,2 Crazy Fellas,38654,38654,28033,Olive Branch,MS,DeSoto,RURAL,5,Comfort Dining Market,Mexican cuisine restaurant,higher-income trade area,beverage-led food concentration,High,Balanced Age Demand,High,Growing,High,Low,Low,High,Medium,Medium,High,Medium
2556066,BOOZE FACTORY,38125,38125,47157,Memphis,TN,Shelby,RURAL,5,Comfort Dining Market,Fast-service restaurant,higher-income trade area,fast-service concentration,Medium,Balanced Age Demand,High,Growing,Medium,Low,Low,High,Medium,Medium,Medium,Medium
2428683,Central BBQ Silo Square,38672,38672,28033,Southaven,MS,DeSoto,RURAL,13,Healthy Lifestyle Market,Beverage-led restaurant,higher-income trade area,health-oriented food concentration,High,Young Demand High,High,Growing,High,Medium,Low,Medium,Medium,High,High,Medium
2244095,French Truck Coffee Highland Row,38111,38111,47157,Memphis,TN,Shelby,SUBURBAN,5,Comfort Dining Market,Beverage-led restaurant,mid-market trade area,health-oriented food concentration,High,Senior Demand High,Medium,Declining,High,Low,Low,High,Low,High,High,Medium
2261906,Pizza Pro of Marion,72364,72364,05035,Marion,AR,Crittenden,RURAL,13,Healthy Lifestyle Market,General restaurant,higher-income trade area,health-oriented food concentration,Medium,Young Demand High,High,Stable,Medium,Medium,High,Medium,Medium,Medium,Medium,Medium
2454137,Rooster's Rave,38002,38002,47157,Arlington,TN,Shelby,RURAL,13,Healthy Lifestyle Market,General restaurant,higher-income trade area,health-oriented food concentration,High,Young Demand High,High,Growing,Medium,Low,Low,High,Medium,High,High,Medium
1051337,Pericos Mexican Restaurant,38002,38002,47157,Arlington,TN,Shelby,RURAL,13,Healthy Lifestyle Market,Mexican cuisine restaurant,higher-income trade area,health-oriented food concentration,High,Young Demand High,High,Growing,Medium,Low,Low,High,Medium,High,High,Medium
468060,T J Mulligans,38018,38018,47157,Cordova,TN,Shelby,RURAL,5,Comfort Dining Market,Beverage-led restaurant,higher-income trade area,health-oriented food concentration,High,Senior Demand High,High,Growing,High,Low,Low,High,Medium,High,Medium,Medium
2578265,Mellow Mushroom Germantown,38138,38138,47157,Germantown,TN,Shelby,RURAL,14,Social Dining Market,Beverage-led restaurant,higher-income trade area,health-oriented food concentration,High,Young Demand High,High,Stable,High,Low,Medium,High,Low,High,High,Low
2506227,Hueys Germantown,38138,38138,47157,Germantown,TN,Shelby,RURAL,14,Social Dining Market,Beverage-led restaurant,higher-income trade area,health-oriented food concentration,High,Young Demand High,High,Stable,High,Low,Medium,High,Low,High,High,Low
2252682,Lennys Grill & Subs,38116,38116,47157,Memphis,TN,Shelby,RURAL,4,Healthy Lifestyle Market,Fast-service restaurant,value-oriented trade area,wings and chicken-wing concentration,High,Young Demand High,Low,Stable,High,Low,Low,High,High,Medium,Medium,High
467972,Payne's Bar-B-Que,38114,38114,47157,Memphis,TN,Shelby,SUBURBAN,0,Social Dining Market,Beverage-led restaurant,value-oriented trade area,wings and chicken-wing concentration,High,Senior Demand High,Low,Declining,Medium,Medium,Medium,Medium,High,Medium,Low,High
2527222,El Porton Mexican Restaurant,38111,38111,47157,Memphis,TN,Shelby,SUBURBAN,5,Comfort Dining Market,Mexican cuisine restaurant,mid-market trade area,health-oriented food concentration,High,Senior Demand High,Medium,Declining,High,Low,Low,High,Low,High,High,Medium
387639,Java Cabana,38104,38104,47157,Memphis,TN,Shelby,SUBURBAN,5,Comfort Dining Market,Beverage-led restaurant,mid-market trade area,beverage-led food concentration,High,Senior Demand High,Medium,Stable,High,Low,Low,High,Medium,High,High,Medium
1751140,Huey's Millington,38053,38053,47157,Millington,TN,Shelby,RURAL,4,Healthy Lifestyle Market,Beverage-led restaurant,mid-market trade area,beverage-led food concentration,High,Young Demand High,Medium,Declining,High,Medium,Medium,Medium,Medium,Medium,High,Medium
2417398,Lennys Grill & Subs,38053,38053,47157,Millington,TN,Shelby,RURAL,4,Healthy Lifestyle Market,Fast-service restaurant,mid-market trade area,beverage-led food concentration,High,Young Demand High,Medium,Declining,High,Medium,Medium,Medium,Medium,Medium,High,Medium
2215166,350 Baked,38103,38103,47157,Memphis,TN,Shelby,SUBURBAN,5,Comfort Dining Market,Health-oriented restaurant,higher-income trade area,beverage-led food concentration,High,Senior Demand High,High,Stable,High,Low,Medium,High,Low,Medium,High,Low
1639890,59 express deli,38015,38015,47167,Burlison,TN,Tipton,RURAL,2,Youth Convenience Market,General restaurant,mid-market trade area,younger-customer demand,Medium,Balanced Age Demand,Medium,Declining,Low,Low,High,Low,Low,Low,Low,Low
1378795,AD's Dawgz,38107,38107,47157,Memphis,TN,Shelby,RURAL,0,Social Dining Market,Fast-service restaurant,value-oriented trade area,beverage-led food concentration,High,Senior Demand High,Low,Declining,Medium,High,Medium,Medium,Low,High,High,Medium
2165636,Ali Baba Mediterranean Grill,38134,38134,47157,Memphis,TN,Shelby,RURAL,5,Comfort Dining Market,Health-oriented restaurant,mid-market trade area,health-oriented food concentration,High,Senior Demand High,Medium,Stable,High,Low,Low,High,Low,High,Medium,Medium
699851,Baskin-Robbins,38116,38116,47157,Memphis,TN,Shelby,RURAL,4,Healthy Lifestyle Market,Fast-service restaurant,value-oriented trade area,wings and chicken-wing concentration,High,Young Demand High,Low,Stable,High,Low,Low,High,High,Medium,Medium,High
2351095,Baskin-Robbins,38119,38119,47157,Memphis,TN,Shelby,SUBURBAN,5,Comfort Dining Market,Fast-service restaurant,higher-income trade area,beverage-led food concentration,High,Senior Demand High,High,Stable,High,Medium,Low,High,Low,Medium,High,Low
2030706,BluffCakes,38138,38138,47157,Germantown,TN,Shelby,RURAL,14,Social Dining Market,Beverage-led restaurant,higher-income trade area,health-oriented food concentration,High,Young Demand High,High,Stable,High,Low,Medium,High,Low,High,High,Low
2439154,Bogies Delicatessen,38117,38117,47157,Memphis,TN,Shelby,SUBURBAN,5,Comfort Dining Market,Fast-service restaurant,higher-income trade area,beverage-led food concentration,High,Senior Demand High,High,Stable,High,Medium,Low,High,Low,High,High,Low
2428272,Buffalo Wild Wings,38654,38654,28033,Olive Branch,MS,DeSoto,RURAL,5,Comfort Dining Market,Wings-focused restaurant,higher-income trade area,beverage-led food concentration,High,Balanced Age Demand,High,Growing,High,Low,Low,High,Medium,Medium,High,Medium
1111372,Buffalo Wild Wings,38053,38053,47157,Millington,TN,Shelby,RURAL,4,Healthy Lifestyle Market,Wings-focused restaurant,mid-market trade area,beverage-led food concentration,High,Young Demand High,Medium,Declining,High,Medium,Medium,Medium,Medium,Medium,High,Medium
1111757,Burger King,72301,72301,05035,West Memphis,AR,Crittenden,RURAL,4,Healthy Lifestyle Market,Fast-service restaurant,value-oriented trade area,fast-service concentration,High,Balanced Age Demand,Low,Stable,High,Low,Medium,Medium,High,Medium,Medium,High
1111867,Burger King,38654,38654,28033,Olive Branch,MS,DeSoto,RURAL,5,Comfort Dining Market,Fast-service restaurant,higher-income trade area,beverage-led food concentration,High,Balanced Age Demand,High,Growing,High,Low,Low,High,Medium,Medium,High,Medium
1101193,Burger King,38671,38671,28033,Southaven,MS,DeSoto,RURAL,4,Healthy Lifestyle Market,Fast-service restaurant,mid-market trade area,beverage-led food concentration,High,Balanced Age Demand,Medium,Stable,High,Low,Low,High,Medium,Medium,High,High
1111958,Burlys Burgers &amp; Brew,38672,38672,28033,Southaven,MS,DeSoto,RURAL,13,Healthy Lifestyle Market,Fast-service restaurant,higher-income trade area,health-oriented food concentration,High,Young Demand High,High,Growing,High,Medium,Low,Medium,Medium,High,High,Medium
2227940,Captain D's Seafood Restaurant,38671,38671,28033,Southaven,MS,DeSoto,RURAL,4,Healthy Lifestyle Market,Seafood-focused restaurant,mid-market trade area,beverage-led food concentration,High,Balanced Age Demand,Medium,Stable,High,Low,Low,High,Medium,Medium,High,High
1112576,Casbah Restaurant,38016,38016,47157,Cordova,TN,Shelby,RURAL,5,Comfort Dining Market,Health-oriented restaurant,higher-income trade area,health-oriented food concentration,High,Senior Demand High,High,Stable,High,Low,Low,High,Low,High,High,Medium
1521459,Cayce Express,38611,38611,28093,Byhalia,MS,Marshall,RURAL,13,Healthy Lifestyle Market,General restaurant,mid-market trade area,health-oriented food concentration,High,Balanced Age Demand,Medium,Growing,Low,Medium,Medium,Medium,Medium,High,Medium,Medium
1113411,China Wok,38016,38016,47157,Cordova,TN,Shelby,RURAL,5,Comfort Dining Market,Asian cuisine restaurant,higher-income trade area,health-oriented food concentration,High,Senior Demand High,High,Stable,High,Low,Low,High,Low,High,High,Medium
1104921,Crab Island Seafood,38018,38018,47157,Cordova,TN,Shelby,RURAL,5,Comfort Dining Market,Seafood-focused restaurant,higher-income trade area,health-oriented food concentration,High,Senior Demand High,High,Growing,High,Low,Low,High,Medium,High,Medium,Medium
1926468,Domino's Pizza,38016,38016,47157,Cordova,TN,Shelby,RURAL,5,Comfort Dining Market,Wings-focused restaurant,higher-income trade area,health-oriented food concentration,High,Senior Demand High,High,Stable,High,Low,Low,High,Low,High,High,Medium
1990019,Dos Compadres,38654,38654,28033,Olive Branch,MS,DeSoto,RURAL,5,Comfort Dining Market,Mexican cuisine restaurant,higher-income trade area,beverage-led food concentration,High,Balanced Age Demand,High,Growing,High,Low,Low,High,Medium,Medium,High,Medium
2538131,Down South Wings &amp; Grill,38106,38106,47157,Memphis,TN,Shelby,RURAL,6,Youth Convenience Market,Wings-focused restaurant,value-oriented trade area,wings and chicken-wing concentration,High,Young Demand High,Low,Declining,Medium,Medium,Medium,Low,High,Low,Low,High
1116535,Eat 2Gether Food Truck,38115,38115,47157,Memphis,TN,Shelby,SUBURBAN,4,Healthy Lifestyle Market,Mexican cuisine restaurant,value-oriented trade area,wings and chicken-wing concentration,High,Senior Demand High,Low,Declining,High,Low,Medium,High,Medium,Medium,Low,High
1053995,Elena's Taco Shop,38134,38134,47157,Memphis,TN,Shelby,RURAL,5,Comfort Dining Market,Mexican cuisine restaurant,mid-market trade area,health-oriented food concentration,High,Senior Demand High,Medium,Stable,High,Low,Low,High,Low,High,Medium,Medium
1367409,Emporio's Table,38119,38119,47157,Memphis,TN,Shelby,SUBURBAN,5,Comfort Dining Market,General restaurant,higher-income trade area,beverage-led food concentration,High,Senior Demand High,High,Stable,High,Medium,Low,High,Low,Medium,High,Low
1730535,Exlines' Best Pizza in Town Raleigh,38128,38128,47157,Memphis,TN,Shelby,RURAL,4,Healthy Lifestyle Market,Fast-service restaurant,value-oriented trade area,wings and chicken-wing concentration,High,Young Demand High,Low,Stable,Medium,Low,Medium,High,High,Medium,Medium,High
2392342,Fresh &amp; Ready From Kroger,38060,38060,47047,Oakland,TN,Fayette,RURAL,5,Comfort Dining Market,General restaurant,higher-income trade area,wings and chicken-wing concentration,High,Senior Demand High,High,Growing,High,Medium,Low,Medium,Low,Medium,Medium,High
2392378,Fresh &amp; Ready from Kroger,38018,38018,47157,Cordova,TN,Shelby,RURAL,5,Comfort Dining Market,General restaurant,higher-income trade area,health-oriented food concentration,High,Senior Demand High,High,Growing,High,Low,Low,High,Medium,High,Medium,Medium
2392386,Fresh &amp; Ready from Kroger,38016,38016,47157,Cordova,TN,Shelby,RURAL,5,Comfort Dining Market,General restaurant,higher-income trade area,health-oriented food concentration,High,Senior Demand High,High,Stable,High,Low,Low,High,Low,High,High,Medium
1875277,Frito Mania Castiblanco,38018,38018,47157,Cordova,TN,Shelby,RURAL,5,Comfort Dining Market,General restaurant,higher-income trade area,health-oriented food concentration,High,Senior Demand High,High,Growing,High,Low,Low,High,Medium,High,Medium,Medium
2216400,Halal Masala Meadow,38125,38125,47157,Memphis,TN,Shelby,RURAL,5,Comfort Dining Market,Asian cuisine restaurant,higher-income trade area,fast-service concentration,Medium,Balanced Age Demand,High,Growing,Medium,Low,Low,High,Medium,Medium,Medium,Medium
1731669,The Honey Baked Ham Company,38117,38117,47157,Memphis,TN,Shelby,SUBURBAN,5,Comfort Dining Market,Fast-service restaurant,higher-income trade area,beverage-led food concentration,High,Senior Demand High,High,Stable,High,Medium,Low,High,Low,High,High,Low
2216487,Hot Dragon,38018,38018,47157,Cordova,TN,Shelby,RURAL,5,Comfort Dining Market,General restaurant,higher-income trade area,health-oriented food concentration,High,Senior Demand High,High,Growing,High,Low,Low,High,Medium,High,Medium,Medium
699361,Insomnia Cookies,38111,38111,47157,Memphis,TN,Shelby,SUBURBAN,5,Comfort Dining Market,Fast-service restaurant,mid-market trade area,health-oriented food concentration,High,Senior Demand High,Medium,Declining,High,Low,Low,High,Low,High,High,Medium
700815,Jason's Deli,38016,38016,47157,Cordova,TN,Shelby,RURAL,5,Comfort Dining Market,Health-oriented restaurant,higher-income trade area,health-oriented food concentration,High,Senior Demand High,High,Stable,High,Low,Low,High,Low,High,High,Medium
2541595,Captain Jj Fish and Chicken,38637,38637,28033,Horn Lake,MS,DeSoto,RURAL,4,Healthy Lifestyle Market,Wings-focused restaurant,mid-market trade area,wings and chicken-wing concentration,High,Balanced Age Demand,Medium,Stable,High,Medium,Low,High,Medium,High,Medium,High
1122100,KB ONE STOP SHOP,38106,38106,47157,Memphis,TN,Shelby,RURAL,6,Youth Convenience Market,General restaurant,value-oriented trade area,wings and chicken-wing concentration,High,Young Demand High,Low,Declining,Medium,Medium,Medium,Low,High,Low,Low,High
699627,Krispy Kreme,38125,38125,47157,Memphis,TN,Shelby,RURAL,5,Comfort Dining Market,Beverage-led restaurant,higher-income trade area,fast-service concentration,Medium,Balanced Age Demand,High,Growing,Medium,Low,Low,High,Medium,Medium,Medium,Medium
2216745,Kroger Deli,38060,38060,47047,Oakland,TN,Fayette,RURAL,5,Comfort Dining Market,Health-oriented restaurant,higher-income trade area,wings and chicken-wing concentration,High,Senior Demand High,High,Growing,High,Medium,Low,Medium,Low,Medium,Medium,High
1733867,Little Caesars,72301,72301,05035,West Memphis,AR,Crittenden,RURAL,4,Healthy Lifestyle Market,Wings-focused restaurant,value-oriented trade area,fast-service concentration,High,Balanced Age Demand,Low,Stable,High,Low,Medium,Medium,High,Medium,Medium,High
1124862,Marshall Steakhouse,38635,38635,28093,Holly Springs,MS,Marshall,RURAL,12,Healthy Lifestyle Market,Chicken-focused restaurant,mid-market trade area,health-oriented food concentration,High,Senior Demand High,Medium,Stable,Low,High,Low,High,High,High,Medium,High
14380,McDonald's,38018,38018,47157,Cordova,TN,Shelby,RURAL,5,Comfort Dining Market,Beverage-led restaurant,higher-income trade area,health-oriented food concentration,High,Senior Demand High,High,Growing,High,Low,Low,High,Medium,High,Medium,Medium
814718,McDonald's,38672,38672,28033,Southaven,MS,DeSoto,RURAL,13,Healthy Lifestyle Market,Beverage-led restaurant,higher-income trade area,health-oriented food concentration,High,Young Demand High,High,Growing,High,Medium,Low,Medium,Medium,High,High,Medium
2169268,McDonald's,38002,38002,47157,Arlington,TN,Shelby,RURAL,13,Healthy Lifestyle Market,Beverage-led restaurant,higher-income trade area,health-oriented food concentration,High,Young Demand High,High,Growing,Medium,Low,Low,High,Medium,High,High,Medium
2433720,Memphis BBQ Company,38637,38637,28033,Horn Lake,MS,DeSoto,RURAL,4,Healthy Lifestyle Market,Beverage-led restaurant,mid-market trade area,wings and chicken-wing concentration,High,Balanced Age Demand,Medium,Stable,High,Medium,Low,High,Medium,High,Medium,High
810391,Minny mart,38107,38107,47157,Memphis,TN,Shelby,RURAL,0,Social Dining Market,Wings-focused restaurant,value-oriented trade area,beverage-led food concentration,High,Senior Demand High,Low,Declining,Medium,High,Medium,Medium,Low,High,High,Medium
1735403,Molas Pizza,38016,38016,47157,Cordova,TN,Shelby,RURAL,5,Comfort Dining Market,Health-oriented restaurant,higher-income trade area,health-oriented food concentration,High,Senior Demand High,High,Stable,High,Low,Low,High,Low,High,High,Medium
699823,Panda Express,38125,38125,47157,Memphis,TN,Shelby,RURAL,5,Comfort Dining Market,Asian cuisine restaurant,higher-income trade area,fast-service concentration,Medium,Balanced Age Demand,High,Growing,Medium,Low,Low,High,Medium,Medium,Medium,Medium
1736689,Papa Johns Pizza,38654,38654,28033,Olive Branch,MS,DeSoto,RURAL,5,Comfort Dining Market,Wings-focused restaurant,higher-income trade area,beverage-led food concentration,High,Balanced Age Demand,High,Growing,High,Low,Low,High,Medium,Medium,High,Medium
1617644,Rawk'n Grub,38018,38018,47157,Cordova,TN,Shelby,RURAL,5,Comfort Dining Market,Fast-service restaurant,higher-income trade area,health-oriented food concentration,High,Senior Demand High,High,Growing,High,Low,Low,High,Medium,High,Medium,Medium
2413519,Rayford's All In One Hot Wings,38016,38016,47157,Cordova,TN,Shelby,RURAL,5,Comfort Dining Market,Wings-focused restaurant,higher-income trade area,health-oriented food concentration,High,Senior Demand High,High,Stable,High,Low,Low,High,Low,High,High,Medium
1131415,Ryu Sushi Bar,38122,38122,47157,Memphis,TN,Shelby,SUBURBAN,4,Healthy Lifestyle Market,Asian cuisine restaurant,value-oriented trade area,health-oriented food concentration,High,Young Demand High,Low,Declining,High,Medium,Low,High,Low,High,Medium,Medium
1483372,Sakura Garden Japanese Restaurant,38004,38004,47167,Atoka,TN,Tipton,RURAL,1,Social Dining Market,Asian cuisine restaurant,higher-income trade area,wings and chicken-wing concentration,Medium,Senior Demand High,High,Growing,Medium,Medium,Low,Medium,Low,Low,Low,Medium
2441016,Sekisui Pacific Rim,38117,38117,47157,Memphis,TN,Shelby,SUBURBAN,5,Comfort Dining Market,Asian cuisine restaurant,higher-income trade area,beverage-led food concentration,High,Senior Demand High,High,Stable,High,Medium,Low,High,Low,High,High,Low
2171013,Shroomlicous Meals,38104,38104,47157,Memphis,TN,Shelby,SUBURBAN,5,Comfort Dining Market,Health-oriented restaurant,mid-market trade area,beverage-led food concentration,High,Senior Demand High,Medium,Stable,High,Low,Low,High,Medium,High,High,Medium
1132315,Smoke and Rolls,38107,38107,47157,Memphis,TN,Shelby,RURAL,0,Social Dining Market,Health-oriented restaurant,value-oriented trade area,beverage-led food concentration,High,Senior Demand High,Low,Declining,Medium,High,Medium,Medium,Low,High,High,Medium
2031626,SoJo AF,38053,38053,47157,Millington,TN,Shelby,RURAL,4,Healthy Lifestyle Market,Seafood-focused restaurant,mid-market trade area,beverage-led food concentration,High,Young Demand High,Medium,Declining,High,Medium,Medium,Medium,Medium,Medium,High,Medium
2540319,South Main Sushi & Grill,38103,38103,47157,Memphis,TN,Shelby,SUBURBAN,5,Comfort Dining Market,Asian cuisine restaurant,higher-income trade area,beverage-led food concentration,High,Senior Demand High,High,Stable,High,Low,Medium,High,Low,Medium,High,Low
2186465,Subway,38018,38018,47157,Cordova,TN,Shelby,RURAL,5,Comfort Dining Market,Health-oriented restaurant,higher-income trade area,health-oriented food concentration,High,Senior Demand High,High,Growing,High,Low,Low,High,Medium,High,Medium,Medium
1375335,Subway,38671,38671,28033,Southaven,MS,DeSoto,RURAL,4,Healthy Lifestyle Market,Health-oriented restaurant,mid-market trade area,beverage-led food concentration,High,Balanced Age Demand,Medium,Stable,High,Low,Low,High,Medium,Medium,High,High
2248126,Subway,38134,38134,47157,Memphis,TN,Shelby,RURAL,5,Comfort Dining Market,Health-oriented restaurant,mid-market trade area,health-oriented food concentration,High,Senior Demand High,Medium,Stable,High,Low,Low,High,Low,High,Medium,Medium
74324,Taco Bell,38671,38671,28033,Southaven,MS,DeSoto,RURAL,4,Healthy Lifestyle Market,Mexican cuisine restaurant,mid-market trade area,beverage-led food concentration,High,Balanced Age Demand,Medium,Stable,High,Low,Low,High,Medium,Medium,High,High
13076,Taco Bell,38119,38119,47157,Memphis,TN,Shelby,SUBURBAN,5,Comfort Dining Market,Mexican cuisine restaurant,higher-income trade area,beverage-led food concentration,High,Senior Demand High,High,Stable,High,Medium,Low,High,Low,Medium,High,Low
2437494,The Bep Teahouse,38016,38016,47157,Cordova,TN,Shelby,RURAL,5,Comfort Dining Market,Asian cuisine restaurant,higher-income trade area,health-oriented food concentration,High,Senior Demand High,High,Stable,High,Low,Low,High,Low,High,High,Medium
2013330,Tops Bar-B-Q Poplar,38117,38117,47157,Memphis,TN,Shelby,SUBURBAN,5,Comfort Dining Market,Beverage-led restaurant,higher-income trade area,beverage-led food concentration,High,Senior Demand High,High,Stable,High,Medium,Low,High,Low,High,High,Low
2218655,Tree Top Fusion,38654,38654,28033,Olive Branch,MS,DeSoto,RURAL,5,Comfort Dining Market,Fast-service restaurant,higher-income trade area,beverage-led food concentration,High,Balanced Age Demand,High,Growing,High,Low,Low,High,Medium,Medium,High,Medium
2308952,Victory Lane BBQ,38002,38002,47157,Arlington,TN,Shelby,RURAL,13,Healthy Lifestyle Market,Wings-focused restaurant,higher-income trade area,health-oriented food concentration,High,Young Demand High,High,Growing,Medium,Low,Low,High,Medium,High,High,Medium
1376131,Walgreens Alcohol,38671,38671,28033,Southaven,MS,DeSoto,RURAL,4,Healthy Lifestyle Market,General restaurant,mid-market trade area,beverage-led food concentration,High,Balanced Age Demand,Medium,Stable,High,Low,Low,High,Medium,Medium,High,High
1483431,Walgreens Alcohol,38135,38135,47157,Memphis,TN,Shelby,RURAL,12,Healthy Lifestyle Market,General restaurant,higher-income trade area,health-oriented food concentration,High,Balanced Age Demand,High,Growing,Low,High,Low,Medium,Medium,High,Low,Medium
2218816,Walgreens Alcohol,38671,38671,28033,Southaven,MS,DeSoto,RURAL,4,Healthy Lifestyle Market,General restaurant,mid-market trade area,beverage-led food concentration,High,Balanced Age Demand,Medium,Stable,High,Low,Low,High,Medium,Medium,High,High
74696,Wendy's,38671,38671,28033,Southaven,MS,DeSoto,RURAL,4,Healthy Lifestyle Market,Fast-service restaurant,mid-market trade area,beverage-led food concentration,High,Balanced Age Demand,Medium,Stable,High,Low,Low,High,Medium,Medium,High,High
674318,Wendy's,38654,38654,28033,Olive Branch,MS,DeSoto,RURAL,5,Comfort Dining Market,Fast-service restaurant,higher-income trade area,beverage-led food concentration,High,Balanced Age Demand,High,Growing,High,Low,Low,High,Medium,Medium,High,Medium
2071204,Willie Mae's Down Home Cooking,38128,38128,47157,Memphis,TN,Shelby,RURAL,4,Healthy Lifestyle Market,Chicken-focused restaurant,value-oriented trade area,wings and chicken-wing concentration,High,Young Demand High,Low,Stable,Medium,Low,Medium,High,High,Medium,Medium,High
1381282,Wings &amp; Potato,38128,38128,47157,Memphis,TN,Shelby,RURAL,4,Healthy Lifestyle Market,Wings-focused restaurant,value-oriented trade area,wings and chicken-wing concentration,High,Young Demand High,Low,Stable,Medium,Low,Medium,High,High,Medium,Medium,High
2541122,Wrapzody Gourmet Wrapz,38103,38103,47157,Memphis,TN,Shelby,SUBURBAN,5,Comfort Dining Market,Health-oriented restaurant,higher-income trade area,beverage-led food concentration,High,Senior Demand High,High,Stable,High,Low,Medium,High,Low,Medium,High,Low
2513395,A&J's Catfish Station,38115,38115,47157,Memphis,TN,Shelby,SUBURBAN,4,Healthy Lifestyle Market,Wings-focused restaurant,value-oriented trade area,wings and chicken-wing concentration,High,Senior Demand High,Low,Declining,High,Low,Medium,High,Medium,Medium,Low,High
2552532,Darrick's Kitchen,38118,38118,47157,Memphis,TN,Shelby,RURAL,4,Healthy Lifestyle Market,Wings-focused restaurant,value-oriented trade area,wings and chicken-wing concentration,High,Young Demand High,Low,Stable,Medium,Low,Medium,High,High,Medium,Medium,High
2538924,Krave Kitchen,38016,38016,47157,Cordova,TN,Shelby,RURAL,5,Comfort Dining Market,Wings-focused restaurant,higher-income trade area,health-oriented food concentration,High,Senior Demand High,High,Stable,High,Low,Low,High,Low,High,High,Medium
1954496,Charles Vergos' Rendezvous,38103,38103,47157,Memphis,TN,Shelby,SUBURBAN,5,Comfort Dining Market,Beverage-led restaurant,higher-income trade area,beverage-led food concentration,High,Senior Demand High,High,Stable,High,Low,Medium,High,Low,Medium,High,Low
1910116,Guthrie's,38016,38016,47157,Cordova,TN,Shelby,RURAL,5,Comfort Dining Market,Chicken-focused restaurant,higher-income trade area,health-oriented food concentration,High,Senior Demand High,High,Stable,High,Low,Low,High,Low,High,High,Medium
2468210,SnoBiz,38637,38637,28033,Horn Lake,MS,DeSoto,RURAL,4,Healthy Lifestyle Market,General restaurant,mid-market trade area,wings and chicken-wing concentration,High,Balanced Age Demand,Medium,Stable,High,Medium,Low,High,Medium,High,Medium,High
2459105,NEW BEAUTY NAIL BAR LLC,38133,38133,47157,Memphis,TN,Shelby,RURAL,5,Comfort Dining Market,General restaurant,higher-income trade area,health-oriented food concentration,High,Balanced Age Demand,High,Stable,High,Low,Low,High,Medium,High,Medium,Medium
2456360,The Local Market,38618,38618,28137,Coldwater,MS,Tate,RURAL,3,Youth Convenience Market,General restaurant,mid-market trade area,health-oriented food concentration,High,Balanced Age Demand,Medium,Declining,Low,High,High,Low,Low,High,Low,Low
1904196,Monte's Market,38116,38116,47157,Memphis,TN,Shelby,RURAL,4,Healthy Lifestyle Market,General restaurant,value-oriented trade area,wings and chicken-wing concentration,High,Young Demand High,Low,Stable,High,Low,Low,High,High,Medium,Medium,High
1140935,YOU HAD ME AT BOBA,38017,38017,47157,Collierville,TN,Shelby,RURAL,13,Healthy Lifestyle Market,Health-oriented restaurant,higher-income trade area,health-oriented food concentration,High,Young Demand High,High,Growing,Medium,Low,Low,High,Medium,High,Medium,Low
2456443,ALI BABA RESTAURANT,38134,38134,47157,Memphis,TN,Shelby,RURAL,5,Comfort Dining Market,General restaurant,mid-market trade area,health-oriented food concentration,High,Senior Demand High,Medium,Stable,High,Low,Low,High,Low,High,Medium,Medium
2443841,INSPIRE BY MARCELA BEAUTY SPA,38122,38122,47157,Memphis,TN,Shelby,SUBURBAN,4,Healthy Lifestyle Market,General restaurant,value-oriented trade area,health-oriented food concentration,High,Young Demand High,Low,Declining,High,Medium,Low,High,Low,High,Medium,Medium
1153648,LOS ILBERTOS MEXICAN TACO SHOP,38116,38116,47157,Memphis,TN,Shelby,RURAL,4,Healthy Lifestyle Market,Mexican cuisine restaurant,value-oriented trade area,wings and chicken-wing concentration,High,Young Demand High,Low,Stable,High,Low,Low,High,High,Medium,Medium,High
2557932,MITCHELL'S BREAKFAST BUR,72301,72301,05035,West Memphis,AR,Crittenden,RURAL,4,Healthy Lifestyle Market,Health-oriented restaurant,value-oriented trade area,fast-service concentration,High,Balanced Age Demand,Low,Stable,High,Low,Medium,Medium,High,Medium,Medium,High
1089989,PITA MEDITERRANEAN GRILL,38672,38672,28033,Southaven,MS,DeSoto,RURAL,13,Healthy Lifestyle Market,Health-oriented restaurant,higher-income trade area,health-oriented food concentration,High,Young Demand High,High,Growing,High,Medium,Low,Medium,Medium,High,High,Medium
2057876,LOTUS THAI RESTAURANT,38134,38134,47157,Memphis,TN,Shelby,RURAL,5,Comfort Dining Market,Asian cuisine restaurant,mid-market trade area,health-oriented food concentration,High,Senior Demand High,Medium,Stable,High,Low,Low,High,Low,High,Medium,Medium
2577222,ENERGY RESTAURANT,38107,38107,47157,Memphis,TN,Shelby,RURAL,0,Social Dining Market,Seafood-focused restaurant,value-oriented trade area,beverage-led food concentration,High,Senior Demand High,Low,Declining,Medium,High,Medium,Medium,Low,High,High,Medium
2502176,BANDOS FOOD & BEVERAGE,38107,38107,47157,Memphis,TN,Shelby,RURAL,0,Social Dining Market,Mexican cuisine restaurant,value-oriented trade area,beverage-led food concentration,High,Senior Demand High,Low,Declining,Medium,High,Medium,Medium,Low,High,High,Medium
2567023,SOULFUL CHICK,38654,38654,28033,Olive Branch,MS,DeSoto,RURAL,5,Comfort Dining Market,Wings-focused restaurant,higher-income trade area,beverage-led food concentration,High,Balanced Age Demand,High,Growing,High,Low,Low,High,Medium,Medium,High,Medium
2391366,PROHIBITION LOUNGE,38118,38118,47157,Memphis,TN,Shelby,RURAL,4,Healthy Lifestyle Market,Wings-focused restaurant,value-oriented trade area,wings and chicken-wing concentration,High,Young Demand High,Low,Stable,Medium,Low,Medium,High,High,Medium,Medium,High
1648225,662 Bistro,38664,38664,28143,Robinsonville,MS,Tunica,RURAL,5,Comfort Dining Market,Seafood-focused restaurant,mid-market trade area,fast-service concentration,Low,Senior Demand High,Medium,Growing,High,High,Medium,Medium,Low,Medium,Medium,Low
2198438,Cache 42 Downtown Express,38103,38103,47157,Memphis,TN,Shelby,SUBURBAN,5,Comfort Dining Market,Fast-service restaurant,higher-income trade area,beverage-led food concentration,High,Senior Demand High,High,Stable,High,Low,Medium,High,Low,Medium,High,Low
1359065,Erling Jensen Small Bites / Topgolf Swing Suites,38117,38117,47157,Memphis,TN,Shelby,SUBURBAN,5,Comfort Dining Market,Fast-service restaurant,higher-income trade area,beverage-led food concentration,High,Senior Demand High,High,Stable,High,Medium,Low,High,Low,High,High,Low
214413,Flight Restaurant & Wine Bar,38103,38103,47157,Memphis,TN,Shelby,SUBURBAN,5,Comfort Dining Market,Beverage-led restaurant,higher-income trade area,beverage-led food concentration,High,Senior Demand High,High,Stable,High,Low,Medium,High,Low,Medium,High,Low
369735,Interim Restaurant & Bar,38117,38117,47157,Memphis,TN,Shelby,SUBURBAN,5,Comfort Dining Market,General restaurant,higher-income trade area,beverage-led food concentration,High,Senior Demand High,High,Stable,High,Medium,Low,High,Low,High,High,Low
1747197,Park + Cherry by Chef Phillip Dewayne,38117,38117,47157,Memphis,TN,Shelby,SUBURBAN,5,Comfort Dining Market,Health-oriented restaurant,higher-income trade area,beverage-led food concentration,High,Senior Demand High,High,Stable,High,Medium,Low,High,Low,High,High,Low
1757016,Strano by Chef Josh,38117,38117,47157,Memphis,TN,Shelby,SUBURBAN,5,Comfort Dining Market,General restaurant,higher-income trade area,beverage-led food concentration,High,Senior Demand High,High,Stable,High,Medium,Low,High,Low,High,High,Low
861126,Hustle & Dough,38103,38103,47157,Memphis,TN,Shelby,SUBURBAN,5,Comfort Dining Market,Beverage-led restaurant,higher-income trade area,beverage-led food concentration,High,Senior Demand High,High,Stable,High,Low,Medium,High,Low,Medium,High,Low
473903,El Mero Restaurant,38018,38018,47157,Cordova,TN,Shelby,RURAL,5,Comfort Dining Market,Mexican cuisine restaurant,higher-income trade area,health-oriented food concentration,High,Senior Demand High,High,Growing,High,Low,Low,High,Medium,High,Medium,Medium
2328786,Fratello's Prime Steakhouse,38632,38632,28033,Hernando,MS,DeSoto,RURAL,1,Social Dining Market,General restaurant,higher-income trade area,beverage-led food concentration,High,Balanced Age Demand,High,Growing,Medium,Medium,Medium,Medium,Medium,Medium,High,High
2505825,Guac Fresh Mex,38105,38105,47157,Memphis,TN,Shelby,SUBURBAN,0,Social Dining Market,Mexican cuisine restaurant,value-oriented trade area,health-oriented food concentration,High,Senior Demand High,Low,Declining,High,High,Medium,Medium,High,High,High,High
2449026,Johnnie Mae's,38106,38106,47157,Memphis,TN,Shelby,RURAL,6,Youth Convenience Market,Wings-focused restaurant,value-oriented trade area,wings and chicken-wing concentration,High,Young Demand High,Low,Declining,Medium,Medium,Medium,Low,High,Low,Low,High
2519091,Kukuruku Crispy Chicken Poplar Avenue,38111,38111,47157,Memphis,TN,Shelby,SUBURBAN,5,Comfort Dining Market,Wings-focused restaurant,mid-market trade area,health-oriented food concentration,High,Senior Demand High,Medium,Declining,High,Low,Low,High,Low,High,High,Medium
1880688,Owners Box Sports Grill,38002,38002,47157,Arlington,TN,Shelby,RURAL,13,Healthy Lifestyle Market,Beverage-led restaurant,higher-income trade area,health-oriented food concentration,High,Young Demand High,High,Growing,Medium,Low,Low,High,Medium,High,High,Medium
2011259,The Baker's Corner Gluten Free Cafe & Coffeehouse,38632,38632,28033,Hernando,MS,DeSoto,RURAL,1,Social Dining Market,Beverage-led restaurant,higher-income trade area,beverage-led food concentration,High,Balanced Age Demand,High,Growing,Medium,Medium,Medium,Medium,Medium,Medium,High,High
2569961,Lennys Grill & Subs,38002,38002,47157,Arlington,TN,Shelby,RURAL,13,Healthy Lifestyle Market,Fast-service restaurant,higher-income trade area,health-oriented food concentration,High,Young Demand High,High,Growing,Medium,Low,Low,High,Medium,High,High,Medium
1748195,Lennys Grill & Subs,38637,38637,28033,Horn Lake,MS,DeSoto,RURAL,4,Healthy Lifestyle Market,Health-oriented restaurant,mid-market trade area,wings and chicken-wing concentration,High,Balanced Age Demand,Medium,Stable,High,Medium,Low,High,Medium,High,Medium,High
2282521,Lennys Grill & Subs,38017,38017,47157,Collierville,TN,Shelby,RURAL,13,Healthy Lifestyle Market,Fast-service restaurant,higher-income trade area,health-oriented food concentration,High,Young Demand High,High,Growing,Medium,Low,Low,High,Medium,High,Medium,Low
1090499,Memphis Pizza Cafe,38017,38017,47157,Collierville,TN,Shelby,RURAL,13,Healthy Lifestyle Market,General restaurant,higher-income trade area,health-oriented food concentration,High,Young Demand High,High,Growing,Medium,Low,Low,High,Medium,High,Medium,Low
1062696,Katie's Kitchen,38138,38138,47157,Germantown,TN,Shelby,RURAL,14,Social Dining Market,Health-oriented restaurant,higher-income trade area,health-oriented food concentration,High,Young Demand High,High,Stable,High,Low,Medium,High,Low,High,High,Low
1092096,Marciano Restaurant,38117,38117,47157,Memphis,TN,Shelby,SUBURBAN,5,Comfort Dining Market,Seafood-focused restaurant,higher-income trade area,beverage-led food concentration,High,Senior Demand High,High,Stable,High,Medium,Low,High,Low,High,High,Low
2237757,Lennys Grill & Subs,38117,38117,47157,Memphis,TN,Shelby,SUBURBAN,5,Comfort Dining Market,Health-oriented restaurant,higher-income trade area,beverage-led food concentration,High,Senior Demand High,High,Stable,High,Medium,Low,High,Low,High,High,Low
1017413,Salsa Mexican Restaurant,38119,38119,47157,Memphis,TN,Shelby,SUBURBAN,5,Comfort Dining Market,Mexican cuisine restaurant,higher-income trade area,beverage-led food concentration,High,Senior Demand High,High,Stable,High,Medium,Low,High,Low,Medium,High,Low
1058488,Vietnamese Lotus Restaurant,38122,38122,47157,Memphis,TN,Shelby,SUBURBAN,4,Healthy Lifestyle Market,Asian cuisine restaurant,value-oriented trade area,health-oriented food concentration,High,Young Demand High,Low,Declining,High,Medium,Low,High,Low,High,Medium,Medium
1357224,The BBQ Shop,38104,38104,47157,Memphis,TN,Shelby,SUBURBAN,5,Comfort Dining Market,Beverage-led restaurant,mid-market trade area,beverage-led food concentration,High,Senior Demand High,Medium,Stable,High,Low,Low,High,Medium,High,High,Medium
387635,El Porton Mexican Restaurant,38115,38115,47157,Memphis,TN,Shelby,SUBURBAN,4,Healthy Lifestyle Market,Mexican cuisine restaurant,value-oriented trade area,wings and chicken-wing concentration,High,Senior Demand High,Low,Declining,High,Low,Medium,High,Medium,Medium,Low,High
1084892,Huey's Midtown,38104,38104,47157,Memphis,TN,Shelby,SUBURBAN,5,Comfort Dining Market,Beverage-led restaurant,mid-market trade area,beverage-led food concentration,High,Senior Demand High,Medium,Stable,High,Low,Low,High,Medium,High,High,Medium
2433721,Memphis Pizza Cafe,38117,38117,47157,Memphis,TN,Shelby,SUBURBAN,5,Comfort Dining Market,Fast-service restaurant,higher-income trade area,beverage-led food concentration,High,Senior Demand High,High,Stable,High,Medium,Low,High,Low,High,High,Low
2257154,Applebee's,38019,38019,47167,Covington,TN,Tipton,RURAL,4,Healthy Lifestyle Market,Wings-focused restaurant,mid-market trade area,beverage-led food concentration,Medium,Balanced Age Demand,Medium,Stable,Medium,Medium,Medium,Medium,Medium,Low,Medium,Medium
1762208,APSARA CAFE,38654,38654,28033,Olive Branch,MS,DeSoto,RURAL,5,Comfort Dining Market,Asian cuisine restaurant,higher-income trade area,beverage-led food concentration,High,Balanced Age Demand,High,Growing,High,Low,Low,High,Medium,Medium,High,Medium
1398313,Ashtar Garden,38104,38104,47157,Memphis,TN,Shelby,SUBURBAN,5,Comfort Dining Market,Wings-focused restaurant,mid-market trade area,beverage-led food concentration,High,Senior Demand High,Medium,Stable,High,Low,Low,High,Medium,High,High,Medium
809978,Balqees Restaurant and Grill,38122,38122,47157,Memphis,TN,Shelby,SUBURBAN,4,Healthy Lifestyle Market,Health-oriented restaurant,value-oriented trade area,health-oriented food concentration,High,Young Demand High,Low,Declining,High,Medium,Low,High,Low,High,Medium,Medium
2478394,Baskin-Robbins,38016,38016,47157,Cordova,TN,Shelby,RURAL,5,Comfort Dining Market,Fast-service restaurant,higher-income trade area,health-oriented food concentration,High,Senior Demand High,High,Stable,High,Low,Low,High,Low,High,High,Medium
1165251,Black Lodge,38104,38104,47157,Memphis,TN,Shelby,SUBURBAN,5,Comfort Dining Market,Fast-service restaurant,mid-market trade area,beverage-led food concentration,High,Senior Demand High,Medium,Stable,High,Low,Low,High,Medium,High,High,Medium
1706037,Bluff City Crab,38125,38125,47157,Memphis,TN,Shelby,RURAL,5,Comfort Dining Market,Seafood-focused restaurant,higher-income trade area,fast-service concentration,Medium,Balanced Age Demand,High,Growing,Medium,Low,Low,High,Medium,Medium,Medium,Medium
2116124,Brother Juniper's,38111,38111,47157,Memphis,TN,Shelby,SUBURBAN,5,Comfort Dining Market,Beverage-led restaurant,mid-market trade area,health-oriented food concentration,High,Senior Demand High,Medium,Declining,High,Low,Low,High,Low,High,High,Medium
1166420,Brunch Time Cafe,38011,38011,47167,Brighton,TN,Tipton,RURAL,8,Youth Convenience Market,Beverage-led restaurant,higher-income trade area,beverage-led food concentration,High,Senior Demand High,High,Growing,Low,High,High,Low,Low,Low,High,Low
1390774,Cheesesteak Paradise,38134,38134,47157,Memphis,TN,Shelby,RURAL,5,Comfort Dining Market,Fast-service restaurant,mid-market trade area,health-oriented food concentration,High,Senior Demand High,Medium,Stable,High,Low,Low,High,Low,High,Medium,Medium
2548375,Church's Texas Chicken,38134,38134,47157,Memphis,TN,Shelby,RURAL,5,Comfort Dining Market,Wings-focused restaurant,mid-market trade area,health-oriented food concentration,High,Senior Demand High,Medium,Stable,High,Low,Low,High,Low,High,Medium,Medium
2479988,Crazy Taco,38654,38654,28033,Olive Branch,MS,DeSoto,RURAL,5,Comfort Dining Market,Mexican cuisine restaurant,higher-income trade area,beverage-led food concentration,High,Balanced Age Demand,High,Growing,High,Low,Low,High,Medium,Medium,High,Medium
2401467,Discount Wine &amp; Liquor,38671,38671,28033,Southaven,MS,DeSoto,RURAL,4,Healthy Lifestyle Market,General restaurant,mid-market trade area,beverage-led food concentration,High,Balanced Age Demand,Medium,Stable,High,Low,Low,High,Medium,Medium,High,High
2393908,Fresh &amp; Ready from Kroger,38111,38111,47157,Memphis,TN,Shelby,SUBURBAN,5,Comfort Dining Market,General restaurant,mid-market trade area,health-oriented food concentration,High,Senior Demand High,Medium,Declining,High,Low,Low,High,Low,High,High,Medium
1177983,Green China Restaurant,38138,38138,47157,Germantown,TN,Shelby,RURAL,14,Social Dining Market,Asian cuisine restaurant,higher-income trade area,health-oriented food concentration,High,Young Demand High,High,Stable,High,Low,Medium,High,Low,High,High,Low
2412805,Hack's Liquors,38654,38654,28033,Olive Branch,MS,DeSoto,RURAL,5,Comfort Dining Market,General restaurant,higher-income trade area,beverage-led food concentration,High,Balanced Age Demand,High,Growing,High,Low,Low,High,Medium,Medium,High,Medium
2026033,Hunan Restaurant,38654,38654,28033,Olive Branch,MS,DeSoto,RURAL,5,Comfort Dining Market,Asian cuisine restaurant,higher-income trade area,beverage-led food concentration,High,Balanced Age Demand,High,Growing,High,Low,Low,High,Medium,Medium,High,Medium
2229692,IHOP,38671,38671,28033,Southaven,MS,DeSoto,RURAL,4,Healthy Lifestyle Market,Fast-service restaurant,mid-market trade area,beverage-led food concentration,High,Balanced Age Demand,Medium,Stable,High,Low,Low,High,Medium,Medium,High,High
1626503,IHOP,38134,38134,47157,Memphis,TN,Shelby,RURAL,5,Comfort Dining Market,Fast-service restaurant,mid-market trade area,health-oriented food concentration,High,Senior Demand High,Medium,Stable,High,Low,Low,High,Low,High,Medium,Medium
1181358,Jay's Coffee & Cuisine,38053,38053,47157,Millington,TN,Shelby,RURAL,4,Healthy Lifestyle Market,Beverage-led restaurant,mid-market trade area,beverage-led food concentration,High,Young Demand High,Medium,Declining,High,Medium,Medium,Medium,Medium,Medium,High,Medium
2220414,Jay's Delightful Cheesecakes,38128,38128,47157,Memphis,TN,Shelby,RURAL,4,Healthy Lifestyle Market,General restaurant,value-oriented trade area,wings and chicken-wing concentration,High,Young Demand High,Low,Stable,Medium,Low,Medium,High,High,Medium,Medium,High
2332045,Krab Kingz Seafood,38133,38133,47157,Memphis,TN,Shelby,RURAL,5,Comfort Dining Market,Seafood-focused restaurant,higher-income trade area,health-oriented food concentration,High,Balanced Age Demand,High,Stable,High,Low,Low,High,Medium,High,Medium,Medium
1551368,Louis Connelly's Bar For Fun Times &amp; Friendship,38104,38104,47157,Memphis,TN,Shelby,SUBURBAN,5,Comfort Dining Market,Beverage-led restaurant,mid-market trade area,beverage-led food concentration,High,Senior Demand High,Medium,Stable,High,Low,Low,High,Medium,High,High,Medium
2260434,McAlister's Deli,38017,38017,47157,Collierville,TN,Shelby,RURAL,13,Healthy Lifestyle Market,Health-oriented restaurant,higher-income trade area,health-oriented food concentration,High,Young Demand High,High,Growing,Medium,Low,Low,High,Medium,High,Medium,Low
2276125,Moe's Southwest Grill,38018,38018,47157,Cordova,TN,Shelby,RURAL,5,Comfort Dining Market,Mexican cuisine restaurant,higher-income trade area,health-oriented food concentration,High,Senior Demand High,High,Growing,High,Low,Low,High,Medium,High,Medium,Medium
1771123,New China,38119,38119,47157,Memphis,TN,Shelby,SUBURBAN,5,Comfort Dining Market,Asian cuisine restaurant,higher-income trade area,beverage-led food concentration,High,Senior Demand High,High,Stable,High,Medium,Low,High,Low,Medium,High,Low
2076812,Palepop’s Mexican ice cream shop,72364,72364,05035,Marion,AR,Crittenden,RURAL,13,Healthy Lifestyle Market,General restaurant,higher-income trade area,health-oriented food concentration,Medium,Young Demand High,High,Stable,Medium,Medium,High,Medium,Medium,Medium,Medium,Medium
1192107,Papa Corazon's Quesadillas-Poplar/Highland,38111,38111,47157,Memphis,TN,Shelby,SUBURBAN,5,Comfort Dining Market,Mexican cuisine restaurant,mid-market trade area,health-oriented food concentration,High,Senior Demand High,Medium,Declining,High,Low,Low,High,Low,High,High,Medium
1192109,Papa Corazón's Senatobia,38668,38668,28137,Senatobia,MS,Tate,RURAL,1,Social Dining Market,Mexican cuisine restaurant,mid-market trade area,beverage-led food concentration,High,Balanced Age Demand,Medium,Stable,Medium,Medium,Medium,Medium,Medium,Low,High,High
1771854,Papa Johns Pizza,72301,72301,05035,West Memphis,AR,Crittenden,RURAL,4,Healthy Lifestyle Market,Wings-focused restaurant,value-oriented trade area,fast-service concentration,High,Balanced Age Demand,Low,Stable,High,Low,Medium,Medium,High,Medium,Medium,High
2185256,Piccadilly Cafeteria,38138,38138,47157,Germantown,TN,Shelby,RURAL,14,Social Dining Market,General restaurant,higher-income trade area,health-oriented food concentration,High,Young Demand High,High,Stable,High,Low,Medium,High,Low,High,High,Low
1194920,Pizza Hut,38134,38134,47157,Memphis,TN,Shelby,RURAL,5,Comfort Dining Market,Wings-focused restaurant,mid-market trade area,health-oriented food concentration,High,Senior Demand High,Medium,Stable,High,Low,Low,High,Low,High,Medium,Medium
1708922,Poke Paradise 901,38134,38134,47157,Memphis,TN,Shelby,RURAL,5,Comfort Dining Market,Asian cuisine restaurant,mid-market trade area,health-oriented food concentration,High,Senior Demand High,Medium,Stable,High,Low,Low,High,Low,High,Medium,Medium
2402447,Poplar Wine &amp; Spirits,38139,38139,47157,Germantown,TN,Shelby,RURAL,14,Social Dining Market,General restaurant,higher-income trade area,beverage-led food concentration,High,Young Demand High,High,Growing,Medium,High,Low,Medium,Low,Medium,High,Medium
2036630,Pops Comfort Kitchen,38135,38135,47157,Memphis,TN,Shelby,RURAL,12,Healthy Lifestyle Market,Seafood-focused restaurant,higher-income trade area,health-oriented food concentration,High,Balanced Age Demand,High,Growing,Low,High,Low,Medium,Medium,High,Low,Medium
2262069,Ragin' Cajun,38134,38134,47157,Memphis,TN,Shelby,RURAL,5,Comfort Dining Market,Seafood-focused restaurant,mid-market trade area,health-oriented food concentration,High,Senior Demand High,Medium,Stable,High,Low,Low,High,Low,High,Medium,Medium
2078673,Ramblin' Joe's Coffee Cafe,38117,38117,47157,Memphis,TN,Shelby,SUBURBAN,5,Comfort Dining Market,Beverage-led restaurant,higher-income trade area,beverage-led food concentration,High,Senior Demand High,High,Stable,High,Medium,Low,High,Low,High,High,Low
1061348,Red Hook Cajun Seafood & Bar,38111,38111,47157,Memphis,TN,Shelby,SUBURBAN,5,Comfort Dining Market,Seafood-focused restaurant,mid-market trade area,health-oriented food concentration,High,Senior Demand High,Medium,Declining,High,Low,Low,High,Low,High,High,Medium
1942987,Revival at The Depot,38057,38057,47047,Moscow,TN,Fayette,RURAL,7,Comfort Dining Market,Fast-service restaurant,higher-income trade area,fast-service concentration,High,Senior Demand High,High,Declining,Low,High,High,Low,High,Low,Low,Low
700811,Rio Azul Mexican Restaurant,38018,38018,47157,Cordova,TN,Shelby,RURAL,5,Comfort Dining Market,Mexican cuisine restaurant,higher-income trade area,health-oriented food concentration,High,Senior Demand High,High,Growing,High,Low,Low,High,Medium,High,Medium,Medium
2486347,Rum Boogie Cafe,38103,38103,47157,Memphis,TN,Shelby,SUBURBAN,5,Comfort Dining Market,Seafood-focused restaurant,higher-income trade area,beverage-led food concentration,High,Senior Demand High,High,Stable,High,Low,Medium,High,Low,Medium,High,Low
1491095,Solo Italiana!,38018,38018,47157,Cordova,TN,Shelby,RURAL,5,Comfort Dining Market,Health-oriented restaurant,higher-income trade area,health-oriented food concentration,High,Senior Demand High,High,Growing,High,Low,Low,High,Medium,High,Medium,Medium
2171481,Subway,38019,38019,47167,Covington,TN,Tipton,RURAL,4,Healthy Lifestyle Market,Health-oriented restaurant,mid-market trade area,beverage-led food concentration,Medium,Balanced Age Demand,Medium,Stable,Medium,Medium,Medium,Medium,Medium,Low,Medium,Medium
1394961,Subway,38134,38134,47157,Memphis,TN,Shelby,RURAL,5,Comfort Dining Market,Health-oriented restaurant,mid-market trade area,health-oriented food concentration,High,Senior Demand High,Medium,Stable,High,Low,Low,High,Low,High,Medium,Medium
305363,Subway,38135,38135,47157,Memphis,TN,Shelby,RURAL,12,Healthy Lifestyle Market,Health-oriented restaurant,higher-income trade area,health-oriented food concentration,High,Balanced Age Demand,High,Growing,Low,High,Low,Medium,Medium,High,Low,Medium
2222072,Sushi from Kroger by Snowfox,38139,38139,47157,Germantown,TN,Shelby,RURAL,14,Social Dining Market,General restaurant,higher-income trade area,beverage-led food concentration,High,Young Demand High,High,Growing,Medium,High,Low,Medium,Low,Medium,High,Medium
2222080,Sushi from Kroger by Snowfox,38134,38134,47157,Memphis,TN,Shelby,RURAL,5,Comfort Dining Market,General restaurant,mid-market trade area,health-oriented food concentration,High,Senior Demand High,Medium,Stable,High,Low,Low,High,Low,High,Medium,Medium
14020,Taco Bell,38118,38118,47157,Memphis,TN,Shelby,RURAL,4,Healthy Lifestyle Market,Mexican cuisine restaurant,value-oriented trade area,wings and chicken-wing concentration,High,Young Demand High,Low,Stable,Medium,Low,Medium,High,High,Medium,Medium,High
1899033,Taco Bell,38017,38017,47157,Collierville,TN,Shelby,RURAL,13,Healthy Lifestyle Market,Mexican cuisine restaurant,higher-income trade area,health-oriented food concentration,High,Young Demand High,High,Growing,Medium,Low,Low,High,Medium,High,Medium,Low
2222198,Taste &amp; Sea,38141,38141,47157,Memphis,TN,Shelby,SUBURBAN,1,Social Dining Market,Seafood-focused restaurant,mid-market trade area,wings and chicken-wing concentration,High,Balanced Age Demand,Medium,Growing,Medium,Medium,Medium,Medium,High,Medium,Medium,High
2222203,Tasty Bubble Tea &amp; Seafood,38016,38016,47157,Cordova,TN,Shelby,RURAL,5,Comfort Dining Market,Seafood-focused restaurant,higher-income trade area,health-oriented food concentration,High,Senior Demand High,High,Stable,High,Low,Low,High,Low,High,High,Medium
2420526,The Bottle Shoppe,38111,38111,47157,Memphis,TN,Shelby,SUBURBAN,5,Comfort Dining Market,General restaurant,mid-market trade area,health-oriented food concentration,High,Senior Demand High,Medium,Declining,High,Low,Low,High,Low,High,High,Medium
2222294,The Dollar Cafe Truck,38125,38125,47157,Memphis,TN,Shelby,RURAL,5,Comfort Dining Market,Fast-service restaurant,higher-income trade area,fast-service concentration,Medium,Balanced Age Demand,High,Growing,Medium,Low,Low,High,Medium,Medium,Medium,Medium
1944598,The Neighborhood Grill,38017,38017,47157,Collierville,TN,Shelby,RURAL,13,Healthy Lifestyle Market,Fast-service restaurant,higher-income trade area,health-oriented food concentration,High,Young Demand High,High,Growing,Medium,Low,Low,High,Medium,High,Medium,Low
1161488,Tokyo House,38637,38637,28033,Horn Lake,MS,DeSoto,RURAL,4,Healthy Lifestyle Market,Asian cuisine restaurant,mid-market trade area,wings and chicken-wing concentration,High,Balanced Age Demand,Medium,Stable,High,Medium,Low,High,Medium,High,Medium,High
912357,WAFFLEMANIA 2,38108,38108,47157,Memphis,TN,Shelby,RURAL,6,Youth Convenience Market,Wings-focused restaurant,value-oriented trade area,wings and chicken-wing concentration,High,Young Demand High,Low,Stable,Low,Medium,High,Low,Medium,Medium,Medium,High
1398208,Walgreens Alcohol,38141,38141,47157,Memphis,TN,Shelby,SUBURBAN,1,Social Dining Market,General restaurant,mid-market trade area,wings and chicken-wing concentration,High,Balanced Age Demand,Medium,Growing,Medium,Medium,Medium,Medium,High,Medium,Medium,High
390630,Wendy's,38654,38654,28033,Olive Branch,MS,DeSoto,RURAL,5,Comfort Dining Market,Fast-service restaurant,higher-income trade area,beverage-led food concentration,High,Balanced Age Demand,High,Growing,High,Low,Low,High,Medium,Medium,High,Medium
1211132,Wendy's,38019,38019,47167,Covington,TN,Tipton,RURAL,4,Healthy Lifestyle Market,Fast-service restaurant,mid-market trade area,beverage-led food concentration,Medium,Balanced Age Demand,Medium,Stable,Medium,Medium,Medium,Medium,Medium,Low,Medium,Medium
2489150,WingSide Horn Lake,38637,38637,28033,Horn Lake,MS,DeSoto,RURAL,4,Healthy Lifestyle Market,Wings-focused restaurant,mid-market trade area,wings and chicken-wing concentration,High,Balanced Age Demand,Medium,Stable,High,Medium,Low,High,Medium,High,Medium,High
2447967,MEALS FOR YOU,38116,38116,47157,Memphis,TN,Shelby,RURAL,4,Healthy Lifestyle Market,Wings-focused restaurant,value-oriented trade area,wings and chicken-wing concentration,High,Young Demand High,Low,Stable,High,Low,Low,High,High,Medium,Medium,High
2520133,Memphis Finest phla8vors,38109,38109,47157,Memphis,TN,Shelby,RURAL,6,Youth Convenience Market,Seafood-focused restaurant,value-oriented trade area,wings and chicken-wing concentration,High,Balanced Age Demand,Low,Stable,Low,Low,Medium,Medium,High,Low,Medium,High
980730,New China,38118,38118,47157,Memphis,TN,Shelby,RURAL,4,Healthy Lifestyle Market,Wings-focused restaurant,value-oriented trade area,wings and chicken-wing concentration,High,Young Demand High,Low,Stable,Medium,Low,Medium,High,High,Medium,Medium,High
2465356,The Red Barn Restaurant,72331,72331,05035,Earle,AR,Crittenden,RURAL,10,Family Value Market,Seafood-focused restaurant,value-oriented trade area,fast-service concentration,High,Young Demand High,Low,Declining,Low,High,High,Low,High,Low,Low,Low
2555994,Big Dawg,38127,38127,47157,Memphis,TN,Shelby,RURAL,6,Youth Convenience Market,Wings-focused restaurant,value-oriented trade area,wings and chicken-wing concentration,High,Young Demand High,Low,Declining,Medium,Medium,Medium,Medium,High,Medium,Low,High
2576124,ALL STAR FAMILY WINGS,38133,38133,47157,Memphis,TN,Shelby,RURAL,5,Comfort Dining Market,Wings-focused restaurant,higher-income trade area,health-oriented food concentration,High,Balanced Age Demand,High,Stable,High,Low,Low,High,Medium,High,Medium,Medium
2126003,Memphis Indian Restaurant,38111,38111,47157,Memphis,TN,Shelby,SUBURBAN,5,Comfort Dining Market,General restaurant,mid-market trade area,health-oriented food concentration,High,Senior Demand High,Medium,Declining,High,Low,Low,High,Low,High,High,Medium
2457200,Abyssinia Restaurant,38112,38112,47157,Memphis,TN,Shelby,SUBURBAN,4,Healthy Lifestyle Market,General restaurant,mid-market trade area,wings and chicken-wing concentration,Medium,Balanced Age Demand,Medium,Stable,High,Medium,Medium,High,Low,Medium,Medium,Medium
2450925,TACO CAT,38018,38018,47157,Cordova,TN,Shelby,RURAL,5,Comfort Dining Market,General restaurant,higher-income trade area,health-oriented food concentration,High,Senior Demand High,High,Growing,High,Low,Low,High,Medium,High,Medium,Medium
810215,STRAIGHT DROP SEAFOOD,38107,38107,47157,Memphis,TN,Shelby,RURAL,0,Social Dining Market,Seafood-focused restaurant,value-oriented trade area,beverage-led food concentration,High,Senior Demand High,Low,Declining,Medium,High,Medium,Medium,Low,High,High,Medium
2514117,BAZARS DINER,38632,38632,28033,Hernando,MS,DeSoto,RURAL,1,Social Dining Market,Fast-service restaurant,higher-income trade area,beverage-led food concentration,High,Balanced Age Demand,High,Growing,Medium,Medium,Medium,Medium,Medium,Medium,High,High
2453276,BLISS BRIDAL & BOUTIQUE,38134,38134,47157,Memphis,TN,Shelby,RURAL,5,Comfort Dining Market,General restaurant,mid-market trade area,health-oriented food concentration,High,Senior Demand High,Medium,Stable,High,Low,Low,High,Low,High,Medium,Medium
2453287,CHEF JEFF,38134,38134,47157,Memphis,TN,Shelby,RURAL,5,Comfort Dining Market,General restaurant,mid-market trade area,health-oriented food concentration,High,Senior Demand High,Medium,Stable,High,Low,Low,High,Low,High,Medium,Medium
2470575,APRIL BEAUTY SUPPLY INC,38637,38637,28033,Horn Lake,MS,DeSoto,RURAL,4,Healthy Lifestyle Market,General restaurant,mid-market trade area,wings and chicken-wing concentration,High,Balanced Age Demand,Medium,Stable,High,Medium,Low,High,Medium,High,Medium,High
2443957,BELAIRE BAR & GRILL,72301,72301,05035,West Memphis,AR,Crittenden,RURAL,4,Healthy Lifestyle Market,General restaurant,value-oriented trade area,fast-service concentration,High,Balanced Age Demand,Low,Stable,High,Low,Medium,Medium,High,Medium,Medium,High
2475836,Southern Smoke BBQ And Grill,38115,38115,47157,Memphis,TN,Shelby,SUBURBAN,4,Healthy Lifestyle Market,General restaurant,value-oriented trade area,wings and chicken-wing concentration,High,Senior Demand High,Low,Declining,High,Low,Medium,High,Medium,Medium,Low,High
2456085,POK CHA'S EGG ROLLS,38632,38632,28033,Hernando,MS,DeSoto,RURAL,1,Social Dining Market,General restaurant,higher-income trade area,beverage-led food concentration,High,Balanced Age Demand,High,Growing,Medium,Medium,Medium,Medium,Medium,Medium,High,High
2476898,RIVERARTSFEST INC,38103,38103,47157,Memphis,TN,Shelby,SUBURBAN,5,Comfort Dining Market,General restaurant,higher-income trade area,beverage-led food concentration,High,Senior Demand High,High,Stable,High,Low,Medium,High,Low,Medium,High,Low
2447546,PAPER PLATE PAVILION,38103,38103,47157,Memphis,TN,Shelby,SUBURBAN,5,Comfort Dining Market,General restaurant,higher-income trade area,beverage-led food concentration,High,Senior Demand High,High,Stable,High,Low,Medium,High,Low,Medium,High,Low
2509771,QUEEN OF SHEBA,38122,38122,47157,Memphis,TN,Shelby,SUBURBAN,4,Healthy Lifestyle Market,Health-oriented restaurant,value-oriented trade area,health-oriented food concentration,High,Young Demand High,Low,Declining,High,Medium,Low,High,Low,High,Medium,Medium
2476918,JACKIE MAE'S PLACE,38041,38041,47097,Henning,TN,Lauderdale,RURAL,2,Youth Convenience Market,General restaurant,mid-market trade area,older-customer demand,High,Senior Demand High,Medium,Declining,Low,Low,High,Low,Low,Low,Low,Low
1583245,BOBA BOBA LIFE,38104,38104,47157,Memphis,TN,Shelby,SUBURBAN,5,Comfort Dining Market,Health-oriented restaurant,mid-market trade area,beverage-led food concentration,High,Senior Demand High,Medium,Stable,High,Low,Low,High,Medium,High,High,Medium
1673043,SUFI's MED GRILL & BAR,38138,38138,47157,Germantown,TN,Shelby,RURAL,14,Social Dining Market,Health-oriented restaurant,higher-income trade area,health-oriented food concentration,High,Young Demand High,High,Stable,High,Low,Medium,High,Low,High,High,Low
2464620,TACO FELIX HERNANDO,38632,38632,28033,Hernando,MS,DeSoto,RURAL,1,Social Dining Market,Mexican cuisine restaurant,higher-income trade area,beverage-led food concentration,High,Balanced Age Demand,High,Growing,Medium,Medium,Medium,Medium,Medium,Medium,High,High
2467315,A Tan Hibachi Steakhouse,38111,38111,47157,Memphis,TN,Shelby,SUBURBAN,5,Comfort Dining Market,Asian cuisine restaurant,mid-market trade area,health-oriented food concentration,High,Senior Demand High,Medium,Declining,High,Low,Low,High,Low,High,High,Medium
1152193,Bar DKDC,38104,38104,47157,Memphis,TN,Shelby,SUBURBAN,5,Comfort Dining Market,Beverage-led restaurant,mid-market trade area,beverage-led food concentration,High,Senior Demand High,Medium,Stable,High,Low,Low,High,Medium,High,High,Medium
1147916,Ciao Bella,38120,38120,47157,Memphis,TN,Shelby,RURAL,5,Comfort Dining Market,General restaurant,higher-income trade area,health-oriented food concentration,High,Young Demand High,High,Declining,Medium,High,Low,High,Medium,High,High,Low
1760361,Coastal Fish Company,38134,38134,47157,Memphis,TN,Shelby,RURAL,5,Comfort Dining Market,Seafood-focused restaurant,mid-market trade area,health-oriented food concentration,High,Senior Demand High,Medium,Stable,High,Low,Low,High,Low,High,Medium,Medium
214273,Itta Bena,38103,38103,47157,Memphis,TN,Shelby,SUBURBAN,5,Comfort Dining Market,Asian cuisine restaurant,higher-income trade area,beverage-led food concentration,High,Senior Demand High,High,Stable,High,Low,Medium,High,Low,Medium,High,Low
2432723,La Capital,38671,38671,28033,Southaven,MS,DeSoto,RURAL,4,Healthy Lifestyle Market,Mexican cuisine restaurant,mid-market trade area,beverage-led food concentration,High,Balanced Age Demand,Medium,Stable,High,Low,Low,High,Medium,Medium,High,High
1144768,Oshi Burger Bar,38103,38103,47157,Memphis,TN,Shelby,SUBURBAN,5,Comfort Dining Market,Fast-service restaurant,higher-income trade area,beverage-led food concentration,High,Senior Demand High,High,Stable,High,Low,Medium,High,Low,Medium,High,Low
2535720,Pete and Sam's Restaurant,38111,38111,47157,Memphis,TN,Shelby,SUBURBAN,5,Comfort Dining Market,Seafood-focused restaurant,mid-market trade area,health-oriented food concentration,High,Senior Demand High,Medium,Declining,High,Low,Low,High,Low,High,High,Medium
1357646,Pontotoc,38103,38103,47157,Memphis,TN,Shelby,SUBURBAN,5,Comfort Dining Market,Beverage-led restaurant,higher-income trade area,beverage-led food concentration,High,Senior Demand High,High,Stable,High,Low,Medium,High,Low,Medium,High,Low
1582922,901 Tribe,38104,38104,47157,Memphis,TN,Shelby,SUBURBAN,5,Comfort Dining Market,Health-oriented restaurant,mid-market trade area,beverage-led food concentration,High,Senior Demand High,Medium,Stable,High,Low,Low,High,Medium,High,High,Medium
392198,AC's Steakhouse Pub,38632,38632,28033,Hernando,MS,DeSoto,RURAL,1,Social Dining Market,Beverage-led restaurant,higher-income trade area,beverage-led food concentration,High,Balanced Age Demand,High,Growing,Medium,Medium,Medium,Medium,Medium,Medium,High,High
2467429,Blane's at the Radisson AR247 Radisson West Memphis,72301,72301,05035,West Memphis,AR,Crittenden,RURAL,4,Healthy Lifestyle Market,General restaurant,value-oriented trade area,fast-service concentration,High,Balanced Age Demand,Low,Stable,High,Low,Medium,Medium,High,Medium,Medium,High
1651254,DC Cafe 7485 Polk Lane,38654,38654,28033,Olive Branch,MS,DeSoto,RURAL,5,Comfort Dining Market,General restaurant,higher-income trade area,beverage-led food concentration,High,Balanced Age Demand,High,Growing,High,Low,Low,High,Medium,Medium,High,Medium
2451523,Say Cheese Mobile,38018,38018,47157,Cordova,TN,Shelby,RURAL,5,Comfort Dining Market,General restaurant,higher-income trade area,health-oriented food concentration,High,Senior Demand High,High,Growing,High,Low,Low,High,Medium,High,Medium,Medium
2470888,Go Grisanti,38138,38138,47157,Germantown,TN,Shelby,RURAL,14,Social Dining Market,Health-oriented restaurant,higher-income trade area,health-oriented food concentration,High,Young Demand High,High,Stable,High,Low,Medium,High,Low,High,High,Low
1846760,Lit Cafe & Billiard,38053,38053,47157,Millington,TN,Shelby,RURAL,4,Healthy Lifestyle Market,Beverage-led restaurant,mid-market trade area,beverage-led food concentration,High,Young Demand High,Medium,Declining,High,Medium,Medium,Medium,Medium,Medium,High,Medium
2461688,The Food Dude LLC,38002,38002,47157,Arlington,TN,Shelby,RURAL,13,Healthy Lifestyle Market,General restaurant,higher-income trade area,health-oriented food concentration,High,Young Demand High,High,Growing,Medium,Low,Low,High,Medium,High,High,Medium
2237058,Huey's Collierville,38139,38139,47157,Germantown,TN,Shelby,RURAL,14,Social Dining Market,Beverage-led restaurant,higher-income trade area,beverage-led food concentration,High,Young Demand High,High,Growing,Medium,High,Low,Medium,Low,Medium,High,Medium
469240,Garibaldi's Pizza,38138,38138,47157,Germantown,TN,Shelby,RURAL,14,Social Dining Market,General restaurant,higher-income trade area,health-oriented food concentration,High,Young Demand High,High,Stable,High,Low,Medium,High,Low,High,High,Low
1050852,Memphis Pizza Cafe,38138,38138,47157,Germantown,TN,Shelby,RURAL,14,Social Dining Market,General restaurant,higher-income trade area,health-oriented food concentration,High,Young Demand High,High,Stable,High,Low,Medium,High,Low,High,High,Low
2260099,Lennys Grill & Subs,38141,38141,47157,Memphis,TN,Shelby,SUBURBAN,1,Social Dining Market,Health-oriented restaurant,mid-market trade area,wings and chicken-wing concentration,High,Balanced Age Demand,Medium,Growing,Medium,Medium,Medium,Medium,High,Medium,Medium,High
2336133,Cafe Society,38112,38112,47157,Memphis,TN,Shelby,SUBURBAN,4,Healthy Lifestyle Market,General restaurant,mid-market trade area,wings and chicken-wing concentration,Medium,Balanced Age Demand,Medium,Stable,High,Medium,Medium,High,Low,Medium,Medium,Medium
2557196,Huey's Southwind,38125,38125,47157,Memphis,TN,Shelby,RURAL,5,Comfort Dining Market,Fast-service restaurant,higher-income trade area,fast-service concentration,Medium,Balanced Age Demand,High,Growing,Medium,Low,Low,High,Medium,Medium,Medium,Medium
1020814,Venice Kitchen,38117,38117,47157,Memphis,TN,Shelby,SUBURBAN,5,Comfort Dining Market,Fast-service restaurant,higher-income trade area,beverage-led food concentration,High,Senior Demand High,High,Stable,High,Medium,Low,High,Low,High,High,Low
1162422,Allstarburger,72301,72301,05035,West Memphis,AR,Crittenden,RURAL,4,Healthy Lifestyle Market,Fast-service restaurant,value-oriented trade area,fast-service concentration,High,Balanced Age Demand,Low,Stable,High,Low,Medium,Medium,High,Medium,Medium,High
1007513,Baskin-Robbins,38133,38133,47157,Memphis,TN,Shelby,RURAL,5,Comfort Dining Market,Fast-service restaurant,higher-income trade area,health-oriented food concentration,High,Balanced Age Demand,High,Stable,High,Low,Low,High,Medium,High,Medium,Medium
2194436,Blues City Crab,38134,38134,47157,Memphis,TN,Shelby,RURAL,5,Comfort Dining Market,Seafood-focused restaurant,mid-market trade area,health-oriented food concentration,High,Senior Demand High,Medium,Stable,High,Low,Low,High,Low,High,Medium,Medium
1166258,Broken Cup Cafe,38668,38668,28137,Senatobia,MS,Tate,RURAL,1,Social Dining Market,Beverage-led restaurant,mid-market trade area,beverage-led food concentration,High,Balanced Age Demand,Medium,Stable,Medium,Medium,Medium,Medium,Medium,Low,High,High
1167026,Burger King,38671,38671,28033,Southaven,MS,DeSoto,RURAL,4,Healthy Lifestyle Market,Fast-service restaurant,mid-market trade area,beverage-led food concentration,High,Balanced Age Demand,Medium,Stable,High,Low,Low,High,Medium,Medium,High,High
304158,Burger King,72301,72301,05035,West Memphis,AR,Crittenden,RURAL,4,Healthy Lifestyle Market,Fast-service restaurant,value-oriented trade area,fast-service concentration,High,Balanced Age Demand,Low,Stable,High,Low,Medium,Medium,High,Medium,Medium,High
1395628,Burger King,38134,38134,47157,Memphis,TN,Shelby,RURAL,5,Comfort Dining Market,Fast-service restaurant,mid-market trade area,health-oriented food concentration,High,Senior Demand High,Medium,Stable,High,Low,Low,High,Low,High,Medium,Medium
1167480,Burger King,38115,38115,47157,Memphis,TN,Shelby,SUBURBAN,4,Healthy Lifestyle Market,Fast-service restaurant,value-oriented trade area,wings and chicken-wing concentration,High,Senior Demand High,Low,Declining,High,Low,Medium,High,Medium,Medium,Low,High
2309422,Burger King,72364,72364,05035,Marion,AR,Crittenden,RURAL,13,Healthy Lifestyle Market,Fast-service restaurant,higher-income trade area,health-oriented food concentration,Medium,Young Demand High,High,Stable,Medium,Medium,High,Medium,Medium,Medium,Medium,Medium
1893585,Cairo Gyro,38060,38060,47047,Oakland,TN,Fayette,RURAL,5,Comfort Dining Market,Health-oriented restaurant,higher-income trade area,wings and chicken-wing concentration,High,Senior Demand High,High,Growing,High,Medium,Low,Medium,Low,Medium,Medium,High
1168145,Cameo,38104,38104,47157,Memphis,TN,Shelby,SUBURBAN,5,Comfort Dining Market,Health-oriented restaurant,mid-market trade area,beverage-led food concentration,High,Senior Demand High,Medium,Stable,High,Low,Low,High,Medium,High,High,Medium
2086200,Chow Time Buffet & Grill,38125,38125,47157,Memphis,TN,Shelby,RURAL,5,Comfort Dining Market,Asian cuisine restaurant,higher-income trade area,fast-service concentration,Medium,Balanced Age Demand,High,Growing,Medium,Low,Low,High,Medium,Medium,Medium,Medium
2480710,Don Jose Mexican Restaurant,72396,72396,05037,Wynne,AR,Cross,RURAL,3,Youth Convenience Market,Mexican cuisine restaurant,mid-market trade area,health-oriented food concentration,High,Young Demand High,Medium,Stable,Medium,High,Medium,Low,Medium,High,Medium,Medium
1174078,Double Trouble Seafood,38106,38106,47157,Memphis,TN,Shelby,RURAL,6,Youth Convenience Market,Seafood-focused restaurant,value-oriented trade area,wings and chicken-wing concentration,High,Young Demand High,Low,Declining,Medium,Medium,Medium,Low,High,Low,Low,High
699831,Dunkin',38104,38104,47157,Memphis,TN,Shelby,SUBURBAN,5,Comfort Dining Market,Beverage-led restaurant,mid-market trade area,beverage-led food concentration,High,Senior Demand High,Medium,Stable,High,Low,Low,High,Medium,High,High,Medium
2384074,Euphoria Liquor &amp; Wine,38671,38671,28033,Southaven,MS,DeSoto,RURAL,4,Healthy Lifestyle Market,General restaurant,mid-market trade area,beverage-led food concentration,High,Balanced Age Demand,Medium,Stable,High,Low,Low,High,Medium,Medium,High,High
2384172,Fresh &amp; Ready from Kroger,38138,38138,47157,Germantown,TN,Shelby,RURAL,14,Social Dining Market,General restaurant,higher-income trade area,health-oriented food concentration,High,Young Demand High,High,Stable,High,Low,Medium,High,Low,High,High,Low
2482444,Juice Bar,38104,38104,47157,Memphis,TN,Shelby,SUBURBAN,5,Comfort Dining Market,Health-oriented restaurant,mid-market trade area,beverage-led food concentration,High,Senior Demand High,Medium,Stable,High,Low,Low,High,Medium,High,High,Medium
2482445,I Love Pho &amp; Grills,38117,38117,47157,Memphis,TN,Shelby,SUBURBAN,5,Comfort Dining Market,Asian cuisine restaurant,higher-income trade area,beverage-led food concentration,High,Senior Demand High,High,Stable,High,Medium,Low,High,Low,High,High,Low
2494476,Imagine Vegan Cafe,38104,38104,47157,Memphis,TN,Shelby,SUBURBAN,5,Comfort Dining Market,Health-oriented restaurant,mid-market trade area,beverage-led food concentration,High,Senior Demand High,Medium,Stable,High,Low,Low,High,Medium,High,High,Medium
807969,Insomnia Cookies,38103,38103,47157,Memphis,TN,Shelby,SUBURBAN,5,Comfort Dining Market,Health-oriented restaurant,higher-income trade area,beverage-led food concentration,High,Senior Demand High,High,Stable,High,Low,Medium,High,Low,Medium,High,Low
2412901,Interstate Barbecue,38109,38109,47157,Memphis,TN,Shelby,RURAL,6,Youth Convenience Market,Health-oriented restaurant,value-oriented trade area,wings and chicken-wing concentration,High,Balanced Age Demand,Low,Stable,Low,Low,Medium,Medium,High,Low,Medium,High
763920,KFC,38637,38637,28033,Horn Lake,MS,DeSoto,RURAL,4,Healthy Lifestyle Market,Wings-focused restaurant,mid-market trade area,wings and chicken-wing concentration,High,Balanced Age Demand,Medium,Stable,High,Medium,Low,High,Medium,High,Medium,High
2483256,Kung Fu Tea + TKK Fried Chicken Express,38122,38122,47157,Memphis,TN,Shelby,SUBURBAN,4,Healthy Lifestyle Market,Beverage-led restaurant,value-oriented trade area,health-oriented food concentration,High,Young Demand High,Low,Declining,High,Medium,Low,High,Low,High,Medium,Medium
2483695,Little Italy Downtown,38103,38103,47157,Memphis,TN,Shelby,SUBURBAN,5,Comfort Dining Market,Fast-service restaurant,higher-income trade area,beverage-led food concentration,High,Senior Demand High,High,Stable,High,Low,Medium,High,Low,Medium,High,Low
1399190,Live From The Kitchen Wings and More,38115,38115,47157,Memphis,TN,Shelby,SUBURBAN,4,Healthy Lifestyle Market,Fast-service restaurant,value-oriented trade area,wings and chicken-wing concentration,High,Senior Demand High,Low,Declining,High,Low,Medium,High,Medium,Medium,Low,High
2483776,Los Comales Downtown,38103,38103,47157,Memphis,TN,Shelby,SUBURBAN,5,Comfort Dining Market,Mexican cuisine restaurant,higher-income trade area,beverage-led food concentration,High,Senior Demand High,High,Stable,High,Low,Medium,High,Low,Medium,High,Low
1187526,McAlister's Deli,38018,38018,47157,Cordova,TN,Shelby,RURAL,5,Comfort Dining Market,Health-oriented restaurant,higher-income trade area,health-oriented food concentration,High,Senior Demand High,High,Growing,High,Low,Low,High,Medium,High,Medium,Medium
2297896,McDonald's,38637,38637,28033,Horn Lake,MS,DeSoto,RURAL,4,Healthy Lifestyle Market,Beverage-led restaurant,mid-market trade area,wings and chicken-wing concentration,High,Balanced Age Demand,Medium,Stable,High,Medium,Low,High,Medium,High,Medium,High
714442,McDonald's,38138,38138,47157,Germantown,TN,Shelby,RURAL,14,Social Dining Market,Beverage-led restaurant,higher-income trade area,health-oriented food concentration,High,Young Demand High,High,Stable,High,Low,Medium,High,Low,High,High,Low
2275610,McDonald's,72335,72335,05123,Forrest City,AR,St. Francis,RURAL,0,Social Dining Market,Beverage-led restaurant,value-oriented trade area,fast-service concentration,High,Senior Demand High,Low,Declining,Medium,High,Medium,Medium,High,Medium,Medium,High
2169553,McDonald's,72301,72301,05035,West Memphis,AR,Crittenden,RURAL,4,Healthy Lifestyle Market,Beverage-led restaurant,value-oriented trade area,fast-service concentration,High,Balanced Age Demand,Low,Stable,High,Low,Medium,Medium,High,Medium,Medium,High
2310116,McDonald's,38671,38671,28033,Southaven,MS,DeSoto,RURAL,4,Healthy Lifestyle Market,Beverage-led restaurant,mid-market trade area,beverage-led food concentration,High,Balanced Age Demand,Medium,Stable,High,Low,Low,High,Medium,Medium,High,High
2384485,Mid-South Liquors,38654,38654,28033,Olive Branch,MS,DeSoto,RURAL,5,Comfort Dining Market,General restaurant,higher-income trade area,beverage-led food concentration,High,Balanced Age Demand,High,Growing,High,Low,Low,High,Medium,Medium,High,Medium
2554032,New China Star Buffet,38019,38019,47167,Covington,TN,Tipton,RURAL,4,Healthy Lifestyle Market,Asian cuisine restaurant,mid-market trade area,beverage-led food concentration,Medium,Balanced Age Demand,Medium,Stable,Medium,Medium,Medium,Medium,Medium,Low,Medium,Medium
1192099,Papa Corazon's Quesadillas-Collierville,38017,38017,47157,Collierville,TN,Shelby,RURAL,13,Healthy Lifestyle Market,Mexican cuisine restaurant,higher-income trade area,health-oriented food concentration,High,Young Demand High,High,Growing,Medium,Low,Low,High,Medium,High,Medium,Low
1388818,Pizza Hut,38134,38134,47157,Memphis,TN,Shelby,RURAL,5,Comfort Dining Market,Wings-focused restaurant,mid-market trade area,health-oriented food concentration,High,Senior Demand High,Medium,Stable,High,Low,Low,High,Low,High,Medium,Medium
1399975,Playa Bowls East Memphis,38117,38117,47157,Memphis,TN,Shelby,SUBURBAN,5,Comfort Dining Market,Health-oriented restaurant,higher-income trade area,beverage-led food concentration,High,Senior Demand High,High,Stable,High,Medium,Low,High,Low,High,High,Low
1577871,Redfish Asian Bistro,38016,38016,47157,Cordova,TN,Shelby,RURAL,5,Comfort Dining Market,Asian cuisine restaurant,higher-income trade area,health-oriented food concentration,High,Senior Demand High,High,Stable,High,Low,Low,High,Low,High,High,Medium
1197204,Rock N Roll Cafe,38116,38116,47157,Memphis,TN,Shelby,RURAL,4,Healthy Lifestyle Market,General restaurant,value-oriented trade area,wings and chicken-wing concentration,High,Young Demand High,Low,Stable,High,Low,Low,High,High,Medium,Medium,High
2486497,Sarku Japan,38133,38133,47157,Memphis,TN,Shelby,RURAL,5,Comfort Dining Market,Asian cuisine restaurant,higher-income trade area,health-oriented food concentration,High,Balanced Age Demand,High,Stable,High,Low,Low,High,Medium,High,Medium,Medium
2232705,Sizzlin' Skillet,72301,72301,05035,West Memphis,AR,Crittenden,RURAL,4,Healthy Lifestyle Market,Chicken-focused restaurant,value-oriented trade area,fast-service concentration,High,Balanced Age Demand,Low,Stable,High,Low,Medium,Medium,High,Medium,Medium,High
1009304,Slam Dunk Wingz of Memphis,38111,38111,47157,Memphis,TN,Shelby,SUBURBAN,5,Comfort Dining Market,Wings-focused restaurant,mid-market trade area,health-oriented food concentration,High,Senior Demand High,Medium,Declining,High,Low,Low,High,Low,High,High,Medium
316017,Starbucks,38637,38637,28033,Horn Lake,MS,DeSoto,RURAL,4,Healthy Lifestyle Market,Beverage-led restaurant,mid-market trade area,wings and chicken-wing concentration,High,Balanced Age Demand,Medium,Stable,High,Medium,Low,High,Medium,High,Medium,High
14772,Starbucks,38111,38111,47157,Memphis,TN,Shelby,SUBURBAN,5,Comfort Dining Market,Beverage-led restaurant,mid-market trade area,health-oriented food concentration,High,Senior Demand High,Medium,Declining,High,Low,Low,High,Low,High,High,Medium
1201906,Subway,72301,72301,05035,West Memphis,AR,Crittenden,RURAL,4,Healthy Lifestyle Market,Health-oriented restaurant,value-oriented trade area,fast-service concentration,High,Balanced Age Demand,Low,Stable,High,Low,Medium,Medium,High,Medium,Medium,High
2292764,Subway,38002,38002,47157,Arlington,TN,Shelby,RURAL,13,Healthy Lifestyle Market,Health-oriented restaurant,higher-income trade area,health-oriented food concentration,High,Young Demand High,High,Growing,Medium,Low,Low,High,Medium,High,High,Medium
2307811,Subway,38138,38138,47157,Germantown,TN,Shelby,RURAL,14,Social Dining Market,Health-oriented restaurant,higher-income trade area,health-oriented food concentration,High,Young Demand High,High,Stable,High,Low,Medium,High,Low,High,High,Low
1203610,Sunrise Thai Cuisine,38138,38138,47157,Germantown,TN,Shelby,RURAL,14,Social Dining Market,Asian cuisine restaurant,higher-income trade area,health-oriented food concentration,High,Young Demand High,High,Stable,High,Low,Medium,High,Low,High,High,Low
1203893,Sushi from Kroger by Snowfox,38632,38632,28033,Hernando,MS,DeSoto,RURAL,1,Social Dining Market,General restaurant,higher-income trade area,beverage-led food concentration,High,Balanced Age Demand,High,Growing,Medium,Medium,Medium,Medium,Medium,Medium,High,High
2197223,Sushi from Kroger by Snowfox,38104,38104,47157,Memphis,TN,Shelby,SUBURBAN,5,Comfort Dining Market,General restaurant,mid-market trade area,beverage-led food concentration,High,Senior Demand High,Medium,Stable,High,Low,Low,High,Medium,High,High,Medium
2197224,Sushi from Kroger by Snowfox,38135,38135,47157,Memphis,TN,Shelby,RURAL,12,Healthy Lifestyle Market,General restaurant,higher-income trade area,health-oriented food concentration,High,Balanced Age Demand,High,Growing,Low,High,Low,Medium,Medium,High,Low,Medium
2278249,Sushi Kingdom Memphis,38117,38117,47157,Memphis,TN,Shelby,SUBURBAN,5,Comfort Dining Market,Asian cuisine restaurant,higher-income trade area,beverage-led food concentration,High,Senior Demand High,High,Stable,High,Medium,Low,High,Low,High,High,Low
813294,Thai Bistro,38133,38133,47157,Memphis,TN,Shelby,RURAL,5,Comfort Dining Market,Asian cuisine restaurant,higher-income trade area,health-oriented food concentration,High,Balanced Age Demand,High,Stable,High,Low,Low,High,Medium,High,Medium,Medium
2300992,The Butcher Shop East Memphis,38120,38120,47157,Memphis,TN,Shelby,RURAL,5,Comfort Dining Market,Seafood-focused restaurant,higher-income trade area,health-oriented food concentration,High,Young Demand High,High,Declining,Medium,High,Low,High,Medium,High,High,Low
2555223,The Genre Food Truck,38103,38103,47157,Memphis,TN,Shelby,SUBURBAN,5,Comfort Dining Market,Seafood-focused restaurant,higher-income trade area,beverage-led food concentration,High,Senior Demand High,High,Stable,High,Low,Medium,High,Low,Medium,High,Low
1207954,The Rook x Raven Coffee x Kitchen,38016,38016,47157,Cordova,TN,Shelby,RURAL,5,Comfort Dining Market,Health-oriented restaurant,higher-income trade area,health-oriented food concentration,High,Senior Demand High,High,Stable,High,Low,Low,High,Low,High,High,Medium
2488579,Tonica,38112,38112,47157,Memphis,TN,Shelby,SUBURBAN,4,Healthy Lifestyle Market,Beverage-led restaurant,mid-market trade area,wings and chicken-wing concentration,Medium,Balanced Age Demand,Medium,Stable,High,Medium,Medium,High,Low,Medium,Medium,Medium
1081837,Tuyen's Asian Bistro,38104,38104,47157,Memphis,TN,Shelby,SUBURBAN,5,Comfort Dining Market,Asian cuisine restaurant,mid-market trade area,beverage-led food concentration,High,Senior Demand High,Medium,Stable,High,Low,Low,High,Medium,High,High,Medium
1402974,Walgreens Alcohol,38016,38016,47157,Cordova,TN,Shelby,RURAL,5,Comfort Dining Market,General restaurant,higher-income trade area,health-oriented food concentration,High,Senior Demand High,High,Stable,High,Low,Low,High,Low,High,High,Medium
2197756,Walgreens Alcohol,38060,38060,47047,Oakland,TN,Fayette,RURAL,5,Comfort Dining Market,General restaurant,higher-income trade area,wings and chicken-wing concentration,High,Senior Demand High,High,Growing,High,Medium,Low,Medium,Low,Medium,Medium,High
2197793,Wendy's,38668,38668,28137,Senatobia,MS,Tate,RURAL,1,Social Dining Market,Fast-service restaurant,mid-market trade area,beverage-led food concentration,High,Balanced Age Demand,Medium,Stable,Medium,Medium,Medium,Medium,Medium,Low,High,High
2197849,Wings &amp; More,38606,38606,28107,Batesville,MS,Panola,RURAL,1,Social Dining Market,Chicken-focused restaurant,mid-market trade area,beverage-led food concentration,High,Balanced Age Demand,Medium,Stable,Low,Medium,High,Low,Medium,Low,High,Medium
2197914,Yakiniku,38671,38671,28033,Southaven,MS,DeSoto,RURAL,4,Healthy Lifestyle Market,Asian cuisine restaurant,mid-market trade area,beverage-led food concentration,High,Balanced Age Demand,Medium,Stable,High,Low,Low,High,Medium,Medium,High,High
2535465,Ms D's Wings,38127,38127,47157,Memphis,TN,Shelby,RURAL,6,Youth Convenience Market,Wings-focused restaurant,value-oriented trade area,wings and chicken-wing concentration,High,Young Demand High,Low,Declining,Medium,Medium,Medium,Medium,High,Medium,Low,High
2053995,Collierville Commissary,38139,38139,47157,Germantown,TN,Shelby,RURAL,14,Social Dining Market,Beverage-led restaurant,higher-income trade area,beverage-led food concentration,High,Young Demand High,High,Growing,Medium,High,Low,Medium,Low,Medium,High,Medium
2489824,Anointed Hands Soulfood Catering,38127,38127,47157,Memphis,TN,Shelby,RURAL,6,Youth Convenience Market,General restaurant,value-oriented trade area,wings and chicken-wing concentration,High,Young Demand High,Low,Declining,Medium,Medium,Medium,Medium,High,Medium,Low,High
1097925,Portales Mexican Tapas & Tequila,38002,38002,47157,Arlington,TN,Shelby,RURAL,13,Healthy Lifestyle Market,Mexican cuisine restaurant,higher-income trade area,health-oriented food concentration,High,Young Demand High,High,Growing,Medium,Low,Low,High,Medium,High,High,Medium
2505488,FROSTY BERRY YOGURT &SMOOTHIES,38018,38018,47157,Cordova,TN,Shelby,RURAL,5,Comfort Dining Market,Asian cuisine restaurant,higher-income trade area,health-oriented food concentration,High,Senior Demand High,High,Growing,High,Low,Low,High,Medium,High,Medium,Medium
2555701,A&R BAR-B-Q,38106,38106,47157,Memphis,TN,Shelby,RURAL,6,Youth Convenience Market,Beverage-led restaurant,value-oriented trade area,wings and chicken-wing concentration,High,Young Demand High,Low,Declining,Medium,Medium,Medium,Low,High,Low,Low,High
700838,RESERVATIONS BAR BISTRO,38016,38016,47157,Cordova,TN,Shelby,RURAL,5,Comfort Dining Market,Seafood-focused restaurant,higher-income trade area,health-oriented food concentration,High,Senior Demand High,High,Stable,High,Low,Low,High,Low,High,High,Medium
2463048,Hometown Eats & Treats,38665,38665,28137,Sarah,MS,Tate,RURAL,2,Youth Convenience Market,General restaurant,mid-market trade area,younger-customer demand,High,Young Demand High,Medium,Growing,Low,Low,High,Low,Low,Low,Low,Low
2458118,GOOD MOOD CAFE,38618,38618,28137,Coldwater,MS,Tate,RURAL,3,Youth Convenience Market,General restaurant,mid-market trade area,health-oriented food concentration,High,Balanced Age Demand,Medium,Declining,Low,High,High,Low,Low,High,Low,Low
2468028,SASSY TREATS MEMPHIS,38117,38117,47157,Memphis,TN,Shelby,SUBURBAN,5,Comfort Dining Market,General restaurant,higher-income trade area,beverage-led food concentration,High,Senior Demand High,High,Stable,High,Medium,Low,High,Low,High,High,Low
1397808,TAQUERIA ALEXIS,38611,38611,28093,Byhalia,MS,Marshall,RURAL,13,Healthy Lifestyle Market,Mexican cuisine restaurant,mid-market trade area,health-oriented food concentration,High,Balanced Age Demand,Medium,Growing,Low,Medium,Medium,Medium,Medium,High,Medium,Medium
2462291,Mala African American Food,38116,38116,47157,Memphis,TN,Shelby,RURAL,4,Healthy Lifestyle Market,General restaurant,value-oriented trade area,wings and chicken-wing concentration,High,Young Demand High,Low,Stable,High,Low,Low,High,High,Medium,Medium,High
2468100,MANGO'S CARIBBEAN GRILL,38115,38115,47157,Memphis,TN,Shelby,SUBURBAN,4,Healthy Lifestyle Market,General restaurant,value-oriented trade area,wings and chicken-wing concentration,High,Senior Demand High,Low,Declining,High,Low,Medium,High,Medium,Medium,Low,High
2460390,The Life Store,38141,38141,47157,Memphis,TN,Shelby,SUBURBAN,1,Social Dining Market,General restaurant,mid-market trade area,wings and chicken-wing concentration,High,Balanced Age Demand,Medium,Growing,Medium,Medium,Medium,Medium,High,Medium,Medium,High
2472680,MONKEYGRASS MAYHEM,38117,38117,47157,Memphis,TN,Shelby,SUBURBAN,5,Comfort Dining Market,General restaurant,higher-income trade area,beverage-led food concentration,High,Senior Demand High,High,Stable,High,Medium,Low,High,Low,High,High,Low
2447827,A New Life Herbs,38068,38068,47047,Somerville,TN,Fayette,RURAL,1,Social Dining Market,Beverage-led restaurant,mid-market trade area,beverage-led food concentration,High,Balanced Age Demand,Medium,Growing,Medium,Medium,High,Low,High,Medium,High,High
2454709,Smoky City BBQ Grill & Diner,38107,38107,47157,Memphis,TN,Shelby,RURAL,0,Social Dining Market,Beverage-led restaurant,value-oriented trade area,beverage-led food concentration,High,Senior Demand High,Low,Declining,Medium,High,Medium,Medium,Low,High,High,Medium
2573537,Holy Moly,38060,38060,47047,Oakland,TN,Fayette,RURAL,5,Comfort Dining Market,Wings-focused restaurant,higher-income trade area,wings and chicken-wing concentration,High,Senior Demand High,High,Growing,High,Medium,Low,Medium,Low,Medium,Medium,High
1058528,18 Wayz Wingz & Thingz,38111,38111,47157,Memphis,TN,Shelby,SUBURBAN,5,Comfort Dining Market,Wings-focused restaurant,mid-market trade area,health-oriented food concentration,High,Senior Demand High,Medium,Declining,High,Low,Low,High,Low,High,High,Medium
2180636,Arcade Restaurant,38103,38103,47157,Memphis,TN,Shelby,SUBURBAN,5,Comfort Dining Market,Fast-service restaurant,higher-income trade area,beverage-led food concentration,High,Senior Demand High,High,Stable,High,Low,Medium,High,Low,Medium,High,Low
1046218,Felicia Suzanne's,38103,38103,47157,Memphis,TN,Shelby,SUBURBAN,5,Comfort Dining Market,Seafood-focused restaurant,higher-income trade area,beverage-led food concentration,High,Senior Demand High,High,Stable,High,Low,Medium,High,Low,Medium,High,Low
2449273,Restaurant Iris,38117,38117,47157,Memphis,TN,Shelby,SUBURBAN,5,Comfort Dining Market,Seafood-focused restaurant,higher-income trade area,beverage-led food concentration,High,Senior Demand High,High,Stable,High,Medium,Low,High,Low,High,High,Low
2562721,River Oaks,38119,38119,47157,Memphis,TN,Shelby,SUBURBAN,5,Comfort Dining Market,Fast-service restaurant,higher-income trade area,beverage-led food concentration,High,Senior Demand High,High,Stable,High,Medium,Low,High,Low,Medium,High,Low
2534425,The Forest Hill Grill,38138,38138,47157,Germantown,TN,Shelby,RURAL,14,Social Dining Market,Beverage-led restaurant,higher-income trade area,health-oriented food concentration,High,Young Demand High,High,Stable,High,Low,Medium,High,Low,High,High,Low
2576346,Belly Acres Collierville,38017,38017,47157,Collierville,TN,Shelby,RURAL,13,Healthy Lifestyle Market,Health-oriented restaurant,higher-income trade area,health-oriented food concentration,High,Young Demand High,High,Growing,Medium,Low,Low,High,Medium,High,Medium,Low
2363984,Brooklyn Bridge Italian Restaurant,38120,38120,47157,Memphis,TN,Shelby,RURAL,5,Comfort Dining Market,General restaurant,higher-income trade area,health-oriented food concentration,High,Young Demand High,High,Declining,Medium,High,Low,High,Medium,High,High,Low
2573753,Jt's Burgers and Wings,38058,38058,47167,Munford,TN,Tipton,RURAL,1,Social Dining Market,Wings-focused restaurant,higher-income trade area,health-oriented food concentration,High,Balanced Age Demand,High,Growing,Low,High,High,Medium,High,High,High,High
833823,M and M kitchen,38104,38104,47157,Memphis,TN,Shelby,SUBURBAN,5,Comfort Dining Market,General restaurant,mid-market trade area,beverage-led food concentration,High,Senior Demand High,Medium,Stable,High,Low,Low,High,Medium,High,High,Medium
1743579,Molly’s La Casita,38104,38104,47157,Memphis,TN,Shelby,SUBURBAN,5,Comfort Dining Market,Mexican cuisine restaurant,mid-market trade area,beverage-led food concentration,High,Senior Demand High,Medium,Stable,High,Low,Low,High,Medium,High,High,Medium
1818127,OB Pizza Company,38654,38654,28033,Olive Branch,MS,DeSoto,RURAL,5,Comfort Dining Market,General restaurant,higher-income trade area,beverage-led food concentration,High,Balanced Age Demand,High,Growing,High,Low,Low,High,Medium,Medium,High,Medium
1649391,Sam's Corner,38138,38138,47157,Germantown,TN,Shelby,RURAL,14,Social Dining Market,Health-oriented restaurant,higher-income trade area,health-oriented food concentration,High,Young Demand High,High,Stable,High,Low,Medium,High,Low,High,High,Low
2260097,Lennys Grill & Subs,38133,38133,47157,Memphis,TN,Shelby,RURAL,5,Comfort Dining Market,Fast-service restaurant,higher-income trade area,health-oriented food concentration,High,Balanced Age Demand,High,Stable,High,Low,Low,High,Medium,High,Medium,Medium
2017790,Huey's Cordova,38016,38016,47157,Cordova,TN,Shelby,RURAL,5,Comfort Dining Market,Beverage-led restaurant,higher-income trade area,health-oriented food concentration,High,Senior Demand High,High,Stable,High,Low,Low,High,Low,High,High,Medium
2378505,New Asia,38138,38138,47157,Germantown,TN,Shelby,RURAL,14,Social Dining Market,Asian cuisine restaurant,higher-income trade area,health-oriented food concentration,High,Young Demand High,High,Stable,High,Low,Medium,High,Low,High,High,Low
2275084,Lennys Grill & Subs,38138,38138,47157,Germantown,TN,Shelby,RURAL,14,Social Dining Market,Fast-service restaurant,higher-income trade area,health-oriented food concentration,High,Young Demand High,High,Stable,High,Low,Medium,High,Low,High,High,Low
212301,Complicated Pilgrim,38104,38104,47157,Memphis,TN,Shelby,SUBURBAN,5,Comfort Dining Market,Beverage-led restaurant,mid-market trade area,beverage-led food concentration,High,Senior Demand High,Medium,Stable,High,Low,Low,High,Medium,High,High,Medium
2304880,Lennys Grill & Subs,38118,38118,47157,Memphis,TN,Shelby,RURAL,4,Healthy Lifestyle Market,Fast-service restaurant,value-oriented trade area,wings and chicken-wing concentration,High,Young Demand High,Low,Stable,Medium,Low,Medium,High,High,Medium,Medium,High
2245189,Lennys Grill & Subs,38117,38117,47157,Memphis,TN,Shelby,SUBURBAN,5,Comfort Dining Market,Fast-service restaurant,higher-income trade area,beverage-led food concentration,High,Senior Demand High,High,Stable,High,Medium,Low,High,Low,High,High,Low
1043331,Garibaldi's Pizza,38111,38111,47157,Memphis,TN,Shelby,SUBURBAN,5,Comfort Dining Market,Health-oriented restaurant,mid-market trade area,health-oriented food concentration,High,Senior Demand High,Medium,Declining,High,Low,Low,High,Low,High,High,Medium
1074241,Jack Pirtle’s Chicken,38106,38106,47157,Memphis,TN,Shelby,RURAL,6,Youth Convenience Market,Wings-focused restaurant,value-oriented trade area,wings and chicken-wing concentration,High,Young Demand High,Low,Declining,Medium,Medium,Medium,Low,High,Low,Low,High
493230,Silky O'sullivan's,38103,38103,47157,Memphis,TN,Shelby,SUBURBAN,5,Comfort Dining Market,Seafood-focused restaurant,higher-income trade area,beverage-led food concentration,High,Senior Demand High,High,Stable,High,Low,Medium,High,Low,Medium,High,Low
365828,Otherlands Coffee Bar,38104,38104,47157,Memphis,TN,Shelby,SUBURBAN,5,Comfort Dining Market,Beverage-led restaurant,mid-market trade area,beverage-led food concentration,High,Senior Demand High,Medium,Stable,High,Low,Low,High,Medium,High,High,Medium
2244483,Huey's Poplar,38117,38117,47157,Memphis,TN,Shelby,SUBURBAN,5,Comfort Dining Market,Beverage-led restaurant,higher-income trade area,beverage-led food concentration,High,Senior Demand High,High,Stable,High,Medium,Low,High,Low,High,High,Low
2489763,American Deli,38128,38128,47157,Memphis,TN,Shelby,RURAL,4,Healthy Lifestyle Market,Wings-focused restaurant,value-oriented trade area,wings and chicken-wing concentration,High,Young Demand High,Low,Stable,Medium,Low,Medium,High,High,Medium,Medium,High
699832,Applebee's Grill + Bar,38104,38104,47157,Memphis,TN,Shelby,SUBURBAN,5,Comfort Dining Market,Wings-focused restaurant,mid-market trade area,beverage-led food concentration,High,Senior Demand High,Medium,Stable,High,Low,Low,High,Medium,High,High,Medium
1412967,Arby's,38632,38632,28033,Hernando,MS,DeSoto,RURAL,1,Social Dining Market,Chicken-focused restaurant,higher-income trade area,beverage-led food concentration,High,Balanced Age Demand,High,Growing,Medium,Medium,Medium,Medium,Medium,Medium,High,High
2001410,Auntie Anne's,38133,38133,47157,Memphis,TN,Shelby,RURAL,5,Comfort Dining Market,Fast-service restaurant,higher-income trade area,health-oriented food concentration,High,Balanced Age Demand,High,Stable,High,Low,Low,High,Medium,High,Medium,Medium
1164953,Big Ham's Kitchen,38116,38116,47157,Memphis,TN,Shelby,RURAL,4,Healthy Lifestyle Market,Wings-focused restaurant,value-oriented trade area,wings and chicken-wing concentration,High,Young Demand High,Low,Stable,High,Low,Low,High,High,Medium,Medium,High
2490444,Bin's Restaurant,72396,72396,05037,Wynne,AR,Cross,RURAL,3,Youth Convenience Market,Asian cuisine restaurant,mid-market trade area,health-oriented food concentration,High,Young Demand High,Medium,Stable,Medium,High,Medium,Low,Medium,High,Medium,Medium
2227798,Burger King,38017,38017,47157,Collierville,TN,Shelby,RURAL,13,Healthy Lifestyle Market,Fast-service restaurant,higher-income trade area,health-oriented food concentration,High,Young Demand High,High,Growing,Medium,Low,Low,High,Medium,High,Medium,Low
1167066,Burger King,38019,38019,47167,Covington,TN,Tipton,RURAL,4,Healthy Lifestyle Market,Fast-service restaurant,mid-market trade area,beverage-led food concentration,Medium,Balanced Age Demand,Medium,Stable,Medium,Medium,Medium,Medium,Medium,Low,Medium,Medium
1404475,Burger King,38133,38133,47157,Memphis,TN,Shelby,RURAL,5,Comfort Dining Market,Fast-service restaurant,higher-income trade area,health-oriented food concentration,High,Balanced Age Demand,High,Stable,High,Low,Low,High,Medium,High,Medium,Medium
1167544,Burger King,38133,38133,47157,Memphis,TN,Shelby,RURAL,5,Comfort Dining Market,Fast-service restaurant,higher-income trade area,health-oriented food concentration,High,Balanced Age Demand,High,Stable,High,Low,Low,High,Medium,High,Medium,Medium
1168282,Captain D's,38116,38116,47157,Memphis,TN,Shelby,RURAL,4,Healthy Lifestyle Market,Seafood-focused restaurant,value-oriented trade area,wings and chicken-wing concentration,High,Young Demand High,Low,Stable,High,Low,Low,High,High,Medium,Medium,High
796350,Captain D's,38133,38133,47157,Memphis,TN,Shelby,RURAL,5,Comfort Dining Market,Seafood-focused restaurant,higher-income trade area,health-oriented food concentration,High,Balanced Age Demand,High,Stable,High,Low,Low,High,Medium,High,Medium,Medium
2401314,Channy’s Kitchen,38637,38637,28033,Horn Lake,MS,DeSoto,RURAL,4,Healthy Lifestyle Market,Asian cuisine restaurant,mid-market trade area,wings and chicken-wing concentration,High,Balanced Age Demand,Medium,Stable,High,Medium,Low,High,Medium,High,Medium,High
1169322,Chick-fil-A,38671,38671,28033,Southaven,MS,DeSoto,RURAL,4,Healthy Lifestyle Market,Chicken-focused restaurant,mid-market trade area,beverage-led food concentration,High,Balanced Age Demand,Medium,Stable,High,Low,Low,High,Medium,Medium,High,High
2302962,Crab Islands,38637,38637,28033,Horn Lake,MS,DeSoto,RURAL,4,Healthy Lifestyle Market,Seafood-focused restaurant,mid-market trade area,wings and chicken-wing concentration,High,Balanced Age Demand,Medium,Stable,High,Medium,Low,High,Medium,High,Medium,High
2492356,D'bo's Buffalo Wings-N-Things,38116,38116,47157,Memphis,TN,Shelby,RURAL,4,Healthy Lifestyle Market,Wings-focused restaurant,value-oriented trade area,wings and chicken-wing concentration,High,Young Demand High,Low,Stable,High,Low,Low,High,High,Medium,Medium,High
1496350,Domino's Pizza,38104,38104,47157,Memphis,TN,Shelby,SUBURBAN,5,Comfort Dining Market,Wings-focused restaurant,mid-market trade area,beverage-led food concentration,High,Senior Demand High,Medium,Stable,High,Low,Low,High,Medium,High,High,Medium
2181978,Domino's Pizza,38654,38654,28033,Olive Branch,MS,DeSoto,RURAL,5,Comfort Dining Market,Wings-focused restaurant,higher-income trade area,beverage-led food concentration,High,Balanced Age Demand,High,Growing,High,Low,Low,High,Medium,Medium,High,Medium
913449,Electrolyfe Juice Bar,38106,38106,47157,Memphis,TN,Shelby,RURAL,6,Youth Convenience Market,Health-oriented restaurant,value-oriented trade area,wings and chicken-wing concentration,High,Young Demand High,Low,Declining,Medium,Medium,Medium,Low,High,Low,Low,High
1495151,Exlines' Best Pizza In Town Bartlett,38134,38134,47157,Memphis,TN,Shelby,RURAL,5,Comfort Dining Market,Fast-service restaurant,mid-market trade area,health-oriented food concentration,High,Senior Demand High,Medium,Stable,High,Low,Low,High,Low,High,Medium,Medium
1175860,Fat Daddy’s Bistro,38016,38016,47157,Cordova,TN,Shelby,RURAL,5,Comfort Dining Market,Wings-focused restaurant,higher-income trade area,health-oriented food concentration,High,Senior Demand High,High,Stable,High,Low,Low,High,Low,High,High,Medium
1176036,Finger Lickin'Good,38125,38125,47157,Memphis,TN,Shelby,RURAL,5,Comfort Dining Market,Fast-service restaurant,higher-income trade area,fast-service concentration,Medium,Balanced Age Demand,High,Growing,Medium,Low,Low,High,Medium,Medium,Medium,Medium
2296159,Firehouse Subs,38017,38017,47157,Collierville,TN,Shelby,RURAL,13,Healthy Lifestyle Market,Fast-service restaurant,higher-income trade area,health-oriented food concentration,High,Young Demand High,High,Growing,Medium,Low,Low,High,Medium,High,Medium,Low
2395517,Fresh &amp; Ready from Kroger,38002,38002,47157,Arlington,TN,Shelby,RURAL,13,Healthy Lifestyle Market,General restaurant,higher-income trade area,health-oriented food concentration,High,Young Demand High,High,Growing,Medium,Low,Low,High,Medium,High,High,Medium
2493501,Fresh &amp; Ready from Kroger,38138,38138,47157,Germantown,TN,Shelby,RURAL,14,Social Dining Market,General restaurant,higher-income trade area,health-oriented food concentration,High,Young Demand High,High,Stable,High,Low,Medium,High,Low,High,High,Low
2414855,Frida's Mexican Restaurant,38017,38017,47157,Collierville,TN,Shelby,RURAL,13,Healthy Lifestyle Market,Mexican cuisine restaurant,higher-income trade area,health-oriented food concentration,High,Young Demand High,High,Growing,Medium,Low,Low,High,Medium,High,Medium,Low
2012724,FryDay Fish,38017,38017,47157,Collierville,TN,Shelby,RURAL,13,Healthy Lifestyle Market,Seafood-focused restaurant,higher-income trade area,health-oriented food concentration,High,Young Demand High,High,Growing,Medium,Low,Low,High,Medium,High,Medium,Low
1177734,GOOD EATN,38115,38115,47157,Memphis,TN,Shelby,SUBURBAN,4,Healthy Lifestyle Market,Fast-service restaurant,value-oriented trade area,wings and chicken-wing concentration,High,Senior Demand High,Low,Declining,High,Low,Medium,High,Medium,Medium,Low,High
1418698,GrillMaster CHEW Bbq And Catering,38141,38141,47157,Memphis,TN,Shelby,SUBURBAN,1,Social Dining Market,Fast-service restaurant,mid-market trade area,wings and chicken-wing concentration,High,Balanced Age Demand,Medium,Growing,Medium,Medium,Medium,Medium,High,Medium,Medium,High
1626311,Groovy Gratitude,38107,38107,47157,Memphis,TN,Shelby,RURAL,0,Social Dining Market,Health-oriented restaurant,value-oriented trade area,beverage-led food concentration,High,Senior Demand High,Low,Declining,Medium,High,Medium,Medium,Low,High,High,Medium
2359482,Herradero Taqueria,38637,38637,28033,Horn Lake,MS,DeSoto,RURAL,4,Healthy Lifestyle Market,Mexican cuisine restaurant,mid-market trade area,wings and chicken-wing concentration,High,Balanced Age Demand,Medium,Stable,High,Medium,Low,High,Medium,High,Medium,High
2494212,Hive Bagel & Deli,38103,38103,47157,Memphis,TN,Shelby,SUBURBAN,5,Comfort Dining Market,General restaurant,higher-income trade area,beverage-led food concentration,High,Senior Demand High,High,Stable,High,Low,Medium,High,Low,Medium,High,Low
1179591,Hope Hookah Lounge + JuStrips Chicken &amp; Fish,38106,38106,47157,Memphis,TN,Shelby,RURAL,6,Youth Convenience Market,Fast-service restaurant,value-oriented trade area,wings and chicken-wing concentration,High,Young Demand High,Low,Declining,Medium,Medium,Medium,Low,High,Low,Low,High
2354433,IHOP,38654,38654,28033,Olive Branch,MS,DeSoto,RURAL,5,Comfort Dining Market,Fast-service restaurant,higher-income trade area,beverage-led food concentration,High,Balanced Age Demand,High,Growing,High,Low,Low,High,Medium,Medium,High,Medium
1059870,Inspire Community Cafe,38112,38112,47157,Memphis,TN,Shelby,SUBURBAN,4,Healthy Lifestyle Market,Mexican cuisine restaurant,mid-market trade area,wings and chicken-wing concentration,Medium,Balanced Age Demand,Medium,Stable,High,Medium,Medium,High,Low,Medium,Medium,Medium
2494767,Jimmy John's,38016,38016,47157,Cordova,TN,Shelby,RURAL,5,Comfort Dining Market,Fast-service restaurant,higher-income trade area,health-oriented food concentration,High,Senior Demand High,High,Stable,High,Low,Low,High,Low,High,High,Medium
2087918,JJ`S SOUL FOOD & GRILL,38108,38108,47157,Memphis,TN,Shelby,RURAL,6,Youth Convenience Market,Wings-focused restaurant,value-oriented trade area,wings and chicken-wing concentration,High,Young Demand High,Low,Stable,Low,Medium,High,Low,Medium,Medium,Medium,High
1403604,Klex Hotdogs,38104,38104,47157,Memphis,TN,Shelby,SUBURBAN,5,Comfort Dining Market,Fast-service restaurant,mid-market trade area,beverage-led food concentration,High,Senior Demand High,Medium,Stable,High,Low,Low,High,Medium,High,High,Medium
1415952,Krystal,38104,38104,47157,Memphis,TN,Shelby,SUBURBAN,5,Comfort Dining Market,Fast-service restaurant,mid-market trade area,beverage-led food concentration,High,Senior Demand High,Medium,Stable,High,Low,Low,High,Medium,High,High,Medium
2557491,Krystal,38654,38654,28033,Olive Branch,MS,DeSoto,RURAL,5,Comfort Dining Market,Fast-service restaurant,higher-income trade area,beverage-led food concentration,High,Balanced Age Demand,High,Growing,High,Low,Low,High,Medium,Medium,High,Medium
2495272,Kublai Khan Mongolian Stir Fry,38671,38671,28033,Southaven,MS,DeSoto,RURAL,4,Healthy Lifestyle Market,Asian cuisine restaurant,mid-market trade area,beverage-led food concentration,High,Balanced Age Demand,Medium,Stable,High,Low,Low,High,Medium,Medium,High,High
2224402,Latino City Market,38111,38111,47157,Memphis,TN,Shelby,SUBURBAN,5,Comfort Dining Market,Wings-focused restaurant,mid-market trade area,health-oriented food concentration,High,Senior Demand High,Medium,Declining,High,Low,Low,High,Low,High,High,Medium
1785677,Little Caesars,38104,38104,47157,Memphis,TN,Shelby,SUBURBAN,5,Comfort Dining Market,Wings-focused restaurant,mid-market trade area,beverage-led food concentration,High,Senior Demand High,Medium,Stable,High,Low,Low,High,Medium,High,High,Medium
1785975,Little Caesars,38654,38654,28033,Olive Branch,MS,DeSoto,RURAL,5,Comfort Dining Market,Wings-focused restaurant,higher-income trade area,beverage-led food concentration,High,Balanced Age Demand,High,Growing,High,Low,Low,High,Medium,Medium,High,Medium
2495787,Los Comales Restaurant,38122,38122,47157,Memphis,TN,Shelby,SUBURBAN,4,Healthy Lifestyle Market,Mexican cuisine restaurant,value-oriented trade area,health-oriented food concentration,High,Young Demand High,Low,Declining,High,Medium,Low,High,Low,High,Medium,Medium
2495862,Lucchesi's Ravioli and Pasta Company,38117,38117,47157,Memphis,TN,Shelby,SUBURBAN,5,Comfort Dining Market,Fast-service restaurant,higher-income trade area,beverage-led food concentration,High,Senior Demand High,High,Stable,High,Medium,Low,High,Low,High,High,Low
1186958,Mama Pug's,38018,38018,47157,Cordova,TN,Shelby,RURAL,5,Comfort Dining Market,General restaurant,higher-income trade area,health-oriented food concentration,High,Senior Demand High,High,Growing,High,Low,Low,High,Medium,High,Medium,Medium
1187527,McAlister's Deli,38125,38125,47157,Memphis,TN,Shelby,RURAL,5,Comfort Dining Market,Health-oriented restaurant,higher-income trade area,fast-service concentration,Medium,Balanced Age Demand,High,Growing,Medium,Low,Low,High,Medium,Medium,Medium,Medium
2183896,McDonald's,38606,38606,28107,Batesville,MS,Panola,RURAL,1,Social Dining Market,Beverage-led restaurant,mid-market trade area,beverage-led food concentration,High,Balanced Age Demand,Medium,Stable,Low,Medium,High,Low,Medium,Low,High,Medium
2260578,McDonald's,38019,38019,47167,Covington,TN,Tipton,RURAL,4,Healthy Lifestyle Market,Beverage-led restaurant,mid-market trade area,beverage-led food concentration,Medium,Balanced Age Demand,Medium,Stable,Medium,Medium,Medium,Medium,Medium,Low,Medium,Medium
1949841,Memphis Finest Ph8lavors BBQ,38109,38109,47157,Memphis,TN,Shelby,RURAL,6,Youth Convenience Market,Fast-service restaurant,value-oriented trade area,wings and chicken-wing concentration,High,Balanced Age Demand,Low,Stable,Low,Low,Medium,Medium,High,Low,Medium,High
1187827,Memphis Street Food 1,38125,38125,47157,Memphis,TN,Shelby,RURAL,5,Comfort Dining Market,Fast-service restaurant,higher-income trade area,fast-service concentration,Medium,Balanced Age Demand,High,Growing,Medium,Low,Low,High,Medium,Medium,Medium,Medium
1188592,Moe's Southwest Grill,38654,38654,28033,Olive Branch,MS,DeSoto,RURAL,5,Comfort Dining Market,Mexican cuisine restaurant,higher-income trade area,beverage-led food concentration,High,Balanced Age Demand,High,Growing,High,Low,Low,High,Medium,Medium,High,Medium
1188739,Momma Louise Bbq burgers and more,72396,72396,05037,Wynne,AR,Cross,RURAL,3,Youth Convenience Market,Fast-service restaurant,mid-market trade area,health-oriented food concentration,High,Young Demand High,Medium,Stable,Medium,High,Medium,Low,Medium,High,Medium,Medium
2177244,New Orleans Seafood#3,38115,38115,47157,Memphis,TN,Shelby,SUBURBAN,4,Healthy Lifestyle Market,Seafood-focused restaurant,value-oriented trade area,wings and chicken-wing concentration,High,Senior Demand High,Low,Declining,High,Low,Medium,High,Medium,Medium,Low,High
1788200,Papa Johns Pizza,38632,38632,28033,Hernando,MS,DeSoto,RURAL,1,Social Dining Market,Wings-focused restaurant,higher-income trade area,beverage-led food concentration,High,Balanced Age Demand,High,Growing,Medium,Medium,Medium,Medium,Medium,Medium,High,High
2254185,Papa Johns Pizza,38017,38017,47157,Collierville,TN,Shelby,RURAL,13,Healthy Lifestyle Market,Wings-focused restaurant,higher-income trade area,health-oriented food concentration,High,Young Demand High,High,Growing,Medium,Low,Low,High,Medium,High,Medium,Low
1193447,Pasta Bistro,38134,38134,47157,Memphis,TN,Shelby,RURAL,5,Comfort Dining Market,Health-oriented restaurant,mid-market trade area,health-oriented food concentration,High,Senior Demand High,Medium,Stable,High,Low,Low,High,Low,High,Medium,Medium
2395994,Petey's Wine and Liquor,38018,38018,47157,Cordova,TN,Shelby,RURAL,5,Comfort Dining Market,General restaurant,higher-income trade area,health-oriented food concentration,High,Senior Demand High,High,Growing,High,Low,Low,High,Medium,High,Medium,Medium
1195027,Pizza Hut,38017,38017,47157,Collierville,TN,Shelby,RURAL,13,Healthy Lifestyle Market,Wings-focused restaurant,higher-income trade area,health-oriented food concentration,High,Young Demand High,High,Growing,Medium,Low,Low,High,Medium,High,Medium,Low
699305,Popeyes Louisiana Kitchen,38115,38115,47157,Memphis,TN,Shelby,SUBURBAN,4,Healthy Lifestyle Market,Wings-focused restaurant,value-oriented trade area,wings and chicken-wing concentration,High,Senior Demand High,Low,Declining,High,Low,Medium,High,Medium,Medium,Low,High
2225259,Pride mart,38654,38654,28033,Olive Branch,MS,DeSoto,RURAL,5,Comfort Dining Market,Seafood-focused restaurant,higher-income trade area,beverage-led food concentration,High,Balanced Age Demand,High,Growing,High,Low,Low,High,Medium,Medium,High,Medium
2247093,Pyro's Fire Fresh Pizza,38654,38654,28033,Olive Branch,MS,DeSoto,RURAL,5,Comfort Dining Market,Health-oriented restaurant,higher-income trade area,beverage-led food concentration,High,Balanced Age Demand,High,Growing,High,Low,Low,High,Medium,Medium,High,Medium
809277,Runway Grille,38118,38118,47157,Memphis,TN,Shelby,RURAL,4,Healthy Lifestyle Market,Wings-focused restaurant,value-oriented trade area,wings and chicken-wing concentration,High,Young Demand High,Low,Stable,Medium,Low,Medium,High,High,Medium,Medium,High
2558790,SLICE MIDTOWN,38002,38002,47157,Arlington,TN,Shelby,RURAL,13,Healthy Lifestyle Market,General restaurant,higher-income trade area,health-oriented food concentration,High,Young Demand High,High,Growing,Medium,Low,Low,High,Medium,High,High,Medium
2498937,Smoothie King Midtown,38104,38104,47157,Memphis,TN,Shelby,SUBURBAN,5,Comfort Dining Market,Health-oriented restaurant,mid-market trade area,beverage-led food concentration,High,Senior Demand High,Medium,Stable,High,Low,Low,High,Medium,High,High,Medium
2396124,Southwind Liquor,38125,38125,47157,Memphis,TN,Shelby,RURAL,5,Comfort Dining Market,General restaurant,higher-income trade area,fast-service concentration,Medium,Balanced Age Demand,High,Growing,Medium,Low,Low,High,Medium,Medium,Medium,Medium
1407354,Subway,38671,38671,28033,Southaven,MS,DeSoto,RURAL,4,Healthy Lifestyle Market,Health-oriented restaurant,mid-market trade area,beverage-led food concentration,High,Balanced Age Demand,Medium,Stable,High,Low,Low,High,Medium,Medium,High,High
1680097,Subway,38125,38125,47157,Memphis,TN,Shelby,RURAL,5,Comfort Dining Market,Health-oriented restaurant,higher-income trade area,fast-service concentration,Medium,Balanced Age Demand,High,Growing,Medium,Low,Low,High,Medium,Medium,Medium,Medium
1205182,Taqueria Garibaldi,38122,38122,47157,Memphis,TN,Shelby,SUBURBAN,4,Healthy Lifestyle Market,Mexican cuisine restaurant,value-oriented trade area,health-oriented food concentration,High,Young Demand High,Low,Declining,High,Medium,Low,High,Low,High,Medium,Medium
1714957,TBAAR(Germantown),38138,38138,47157,Germantown,TN,Shelby,RURAL,14,Social Dining Market,Asian cuisine restaurant,higher-income trade area,health-oriented food concentration,High,Young Demand High,High,Stable,High,Low,Medium,High,Low,High,High,Low
2225999,The Bakers Corner,38632,38632,28033,Hernando,MS,DeSoto,RURAL,1,Social Dining Market,General restaurant,higher-income trade area,beverage-led food concentration,High,Balanced Age Demand,High,Growing,Medium,Medium,Medium,Medium,Medium,Medium,High,High
2500363,The Rockin Chair,38106,38106,47157,Memphis,TN,Shelby,RURAL,6,Youth Convenience Market,Fast-service restaurant,value-oriented trade area,wings and chicken-wing concentration,High,Young Demand High,Low,Declining,Medium,Medium,Medium,Low,High,Low,Low,High
2500455,Three Little Pigs Bar Bq INC,38117,38117,47157,Memphis,TN,Shelby,SUBURBAN,5,Comfort Dining Market,Beverage-led restaurant,higher-income trade area,beverage-led food concentration,High,Senior Demand High,High,Stable,High,Medium,Low,High,Low,High,High,Low
1628696,Tommy's Burger California Style,38117,38117,47157,Memphis,TN,Shelby,SUBURBAN,5,Comfort Dining Market,Mexican cuisine restaurant,higher-income trade area,beverage-led food concentration,High,Senior Demand High,High,Stable,High,Medium,Low,High,Low,High,High,Low
2500649,Tops Bar-B-Q Winchester,38115,38115,47157,Memphis,TN,Shelby,SUBURBAN,4,Healthy Lifestyle Market,Beverage-led restaurant,value-oriented trade area,wings and chicken-wing concentration,High,Senior Demand High,Low,Declining,High,Low,Medium,High,Medium,Medium,Low,High
2500650,Tops Bar-B-Q Southaven,38671,38671,28033,Southaven,MS,DeSoto,RURAL,4,Healthy Lifestyle Market,Beverage-led restaurant,mid-market trade area,beverage-led food concentration,High,Balanced Age Demand,Medium,Stable,High,Low,Low,High,Medium,Medium,High,High
1907274,Vallartacos,38004,38004,47167,Atoka,TN,Tipton,RURAL,1,Social Dining Market,Mexican cuisine restaurant,higher-income trade area,wings and chicken-wing concentration,Medium,Senior Demand High,High,Growing,Medium,Medium,Low,Medium,Low,Low,Low,Medium
2226312,Walgreens Alcohol,38127,38127,47157,Memphis,TN,Shelby,RURAL,6,Youth Convenience Market,General restaurant,value-oriented trade area,wings and chicken-wing concentration,High,Young Demand High,Low,Declining,Medium,Medium,Medium,Medium,High,Medium,Low,High
303919,Wendy's,38120,38120,47157,Memphis,TN,Shelby,RURAL,5,Comfort Dining Market,Fast-service restaurant,higher-income trade area,health-oriented food concentration,High,Young Demand High,High,Declining,Medium,High,Low,High,Medium,High,High,Low
1211137,Wendy's,38018,38018,47157,Cordova,TN,Shelby,RURAL,5,Comfort Dining Market,Fast-service restaurant,higher-income trade area,health-oriented food concentration,High,Senior Demand High,High,Growing,High,Low,Low,High,Medium,High,Medium,Medium
796820,Wendy's,38016,38016,47157,Cordova,TN,Shelby,RURAL,5,Comfort Dining Market,Fast-service restaurant,higher-income trade area,health-oriented food concentration,High,Senior Demand High,High,Stable,High,Low,Low,High,Low,High,High,Medium
2562136,NEELY'S INTERSTATE BBQ,38125,38125,47157,Memphis,TN,Shelby,RURAL,5,Comfort Dining Market,Wings-focused restaurant,higher-income trade area,fast-service concentration,Medium,Balanced Age Demand,High,Growing,Medium,Low,Low,High,Medium,Medium,Medium,Medium
2437357,Ten eye see,38104,38104,47157,Memphis,TN,Shelby,SUBURBAN,5,Comfort Dining Market,Wings-focused restaurant,mid-market trade area,beverage-led food concentration,High,Senior Demand High,Medium,Stable,High,Low,Low,High,Medium,High,High,Medium
2072199,Germantown Commissary,38138,38138,47157,Germantown,TN,Shelby,RURAL,14,Social Dining Market,Beverage-led restaurant,higher-income trade area,health-oriented food concentration,High,Young Demand High,High,Stable,High,Low,Medium,High,Low,High,High,Low
1420044,Bone's Wings,38106,38106,47157,Memphis,TN,Shelby,RURAL,6,Youth Convenience Market,Wings-focused restaurant,value-oriented trade area,wings and chicken-wing concentration,High,Young Demand High,Low,Declining,Medium,Medium,Medium,Low,High,Low,Low,High
2442503,Amazing Wings,38671,38671,28033,Southaven,MS,DeSoto,RURAL,4,Healthy Lifestyle Market,Wings-focused restaurant,mid-market trade area,beverage-led food concentration,High,Balanced Age Demand,Medium,Stable,High,Low,Low,High,Medium,Medium,High,High
2466441,Buttercups Cupcakes & Bakery,38017,38017,47157,Collierville,TN,Shelby,RURAL,13,Healthy Lifestyle Market,General restaurant,higher-income trade area,health-oriented food concentration,High,Young Demand High,High,Growing,Medium,Low,Low,High,Medium,High,Medium,Low
2456344,MEMPHIS HAIR COMPANY,38128,38128,47157,Memphis,TN,Shelby,RURAL,4,Healthy Lifestyle Market,General restaurant,value-oriented trade area,wings and chicken-wing concentration,High,Young Demand High,Low,Stable,Medium,Low,Medium,High,High,Medium,Medium,High
2559852,ASIAN EATERY,38138,38138,47157,Germantown,TN,Shelby,RURAL,14,Social Dining Market,Asian cuisine restaurant,higher-income trade area,health-oriented food concentration,High,Young Demand High,High,Stable,High,Low,Medium,High,Low,High,High,Low
699826,THE CRAZY NOODLE,38104,38104,47157,Memphis,TN,Shelby,SUBURBAN,5,Comfort Dining Market,Asian cuisine restaurant,mid-market trade area,beverage-led food concentration,High,Senior Demand High,Medium,Stable,High,Low,Low,High,Medium,High,High,Medium
2086586,A1 PIZZA,38060,38060,47047,Oakland,TN,Fayette,RURAL,5,Comfort Dining Market,General restaurant,higher-income trade area,wings and chicken-wing concentration,High,Senior Demand High,High,Growing,High,Medium,Low,Medium,Low,Medium,Medium,High
2443848,GRANNYS SOUTHERN KITCHEN,38104,38104,47157,Memphis,TN,Shelby,SUBURBAN,5,Comfort Dining Market,General restaurant,mid-market trade area,beverage-led food concentration,High,Senior Demand High,Medium,Stable,High,Low,Low,High,Medium,High,High,Medium
1715050,The Chicken Coop,38635,38635,28093,Holly Springs,MS,Marshall,RURAL,12,Healthy Lifestyle Market,Wings-focused restaurant,mid-market trade area,health-oriented food concentration,High,Senior Demand High,Medium,Stable,Low,High,Low,High,High,High,Medium,High
2550098,No It All Mart,38114,38114,47157,Memphis,TN,Shelby,SUBURBAN,0,Social Dining Market,Fast-service restaurant,value-oriented trade area,wings and chicken-wing concentration,High,Senior Demand High,Low,Declining,Medium,Medium,Medium,Medium,High,Medium,Low,High
2472533,LOCOS CAFE & EVENT CENTER,72364,72364,05035,Marion,AR,Crittenden,RURAL,13,Healthy Lifestyle Market,General restaurant,higher-income trade area,health-oriented food concentration,Medium,Young Demand High,High,Stable,Medium,Medium,High,Medium,Medium,Medium,Medium,Medium
808176,SABOR CARIBE LLC,38105,38105,47157,Memphis,TN,Shelby,SUBURBAN,0,Social Dining Market,General restaurant,value-oriented trade area,health-oriented food concentration,High,Senior Demand High,Low,Declining,High,High,Medium,Medium,High,High,High,High
2476857,Mufasa Memphis Jewelers,38111,38111,47157,Memphis,TN,Shelby,SUBURBAN,5,Comfort Dining Market,General restaurant,mid-market trade area,health-oriented food concentration,High,Senior Demand High,Medium,Declining,High,Low,Low,High,Low,High,High,Medium
2444807,The Icehouse of Oakland,38060,38060,47047,Oakland,TN,Fayette,RURAL,5,Comfort Dining Market,Beverage-led restaurant,higher-income trade area,wings and chicken-wing concentration,High,Senior Demand High,High,Growing,High,Medium,Low,Medium,Low,Medium,Medium,High
2443452,HILLBOYZ WING&BURGER BAR,72301,72301,05035,West Memphis,AR,Crittenden,RURAL,4,Healthy Lifestyle Market,Wings-focused restaurant,value-oriented trade area,fast-service concentration,High,Balanced Age Demand,Low,Stable,High,Low,Medium,Medium,High,Medium,Medium,High
2520875,111 MADISON LLC,38103,38103,47157,Memphis,TN,Shelby,SUBURBAN,5,Comfort Dining Market,Beverage-led restaurant,higher-income trade area,beverage-led food concentration,High,Senior Demand High,High,Stable,High,Low,Medium,High,Low,Medium,High,Low
2419072,CRUMPYS HOT WINGS Downtown,38105,38105,47157,Memphis,TN,Shelby,SUBURBAN,0,Social Dining Market,Wings-focused restaurant,value-oriented trade area,health-oriented food concentration,High,Senior Demand High,Low,Declining,High,High,Medium,Medium,High,High,High,High
2458606,SHES CAFE & CATERING,72364,72364,05035,Marion,AR,Crittenden,RURAL,13,Healthy Lifestyle Market,General restaurant,higher-income trade area,health-oriented food concentration,Medium,Young Demand High,High,Stable,Medium,Medium,High,Medium,Medium,Medium,Medium,Medium
2151411,King Of Spuds,38115,38115,47157,Memphis,TN,Shelby,SUBURBAN,4,Healthy Lifestyle Market,Seafood-focused restaurant,value-oriented trade area,wings and chicken-wing concentration,High,Senior Demand High,Low,Declining,High,Low,Medium,High,Medium,Medium,Low,High
860189,Loflin Yard,38103,38103,47157,Memphis,TN,Shelby,SUBURBAN,5,Comfort Dining Market,Beverage-led restaurant,higher-income trade area,beverage-led food concentration,High,Senior Demand High,High,Stable,High,Low,Medium,High,Low,Medium,High,Low
1084280,Sekisui Midtown,38104,38104,47157,Memphis,TN,Shelby,SUBURBAN,5,Comfort Dining Market,Asian cuisine restaurant,mid-market trade area,beverage-led food concentration,High,Senior Demand High,Medium,Stable,High,Low,Low,High,Medium,High,High,Medium
2546866,South of Beale,38103,38103,47157,Memphis,TN,Shelby,SUBURBAN,5,Comfort Dining Market,Beverage-led restaurant,higher-income trade area,beverage-led food concentration,High,Senior Demand High,High,Stable,High,Low,Medium,High,Low,Medium,High,Low
1152351,Spindini,38103,38103,47157,Memphis,TN,Shelby,SUBURBAN,5,Comfort Dining Market,General restaurant,higher-income trade area,beverage-led food concentration,High,Senior Demand High,High,Stable,High,Low,Medium,High,Low,Medium,High,Low
369715,Thrive Social Bar,38104,38104,47157,Memphis,TN,Shelby,SUBURBAN,5,Comfort Dining Market,Beverage-led restaurant,mid-market trade area,beverage-led food concentration,High,Senior Demand High,Medium,Stable,High,Low,Low,High,Medium,High,High,Medium
451961,Buon Cibo Hernando,38632,38632,28033,Hernando,MS,DeSoto,RURAL,1,Social Dining Market,Health-oriented restaurant,higher-income trade area,beverage-led food concentration,High,Balanced Age Demand,High,Growing,Medium,Medium,Medium,Medium,Medium,Medium,High,High
1634314,Elenas Taco Shop,38133,38133,47157,Memphis,TN,Shelby,RURAL,5,Comfort Dining Market,Mexican cuisine restaurant,higher-income trade area,health-oriented food concentration,High,Balanced Age Demand,High,Stable,High,Low,Low,High,Medium,High,Medium,Medium
2519090,Kukuruku Crispy Chicken Bartlett Towne Center,38134,38134,47157,Memphis,TN,Shelby,RURAL,5,Comfort Dining Market,Wings-focused restaurant,mid-market trade area,health-oriented food concentration,High,Senior Demand High,Medium,Stable,High,Low,Low,High,Low,High,Medium,Medium
2383339,Dq Side Piece,38128,38128,47157,Memphis,TN,Shelby,RURAL,4,Healthy Lifestyle Market,General restaurant,value-oriented trade area,wings and chicken-wing concentration,High,Young Demand High,Low,Stable,Medium,Low,Medium,High,High,Medium,Medium,High
997576,The Neighborhood Grill,38654,38654,28033,Olive Branch,MS,DeSoto,RURAL,5,Comfort Dining Market,General restaurant,higher-income trade area,beverage-led food concentration,High,Balanced Age Demand,High,Growing,High,Low,Low,High,Medium,Medium,High,Medium
730520,Tropical Smoothie Cafe,38654,38654,28033,Olive Branch,MS,DeSoto,RURAL,5,Comfort Dining Market,Health-oriented restaurant,higher-income trade area,beverage-led food concentration,High,Balanced Age Demand,High,Growing,High,Low,Low,High,Medium,Medium,High,Medium
1006802,Huey's Southaven,38671,38671,28033,Southaven,MS,DeSoto,RURAL,4,Healthy Lifestyle Market,Beverage-led restaurant,mid-market trade area,beverage-led food concentration,High,Balanced Age Demand,Medium,Stable,High,Low,Low,High,Medium,Medium,High,High
2275089,Lennys Grill & Subs,38672,38672,28033,Southaven,MS,DeSoto,RURAL,13,Healthy Lifestyle Market,Fast-service restaurant,higher-income trade area,health-oriented food concentration,High,Young Demand High,High,Growing,High,Medium,Low,Medium,Medium,High,High,Medium
1744694,Lucky 8 Asian Bistro,38664,38664,28143,Robinsonville,MS,Tunica,RURAL,5,Comfort Dining Market,Asian cuisine restaurant,mid-market trade area,fast-service concentration,Low,Senior Demand High,Medium,Growing,High,High,Medium,Medium,Low,Medium,Medium,Low
2245188,Lennys Grill & Subs,38018,38018,47157,Cordova,TN,Shelby,RURAL,5,Comfort Dining Market,Fast-service restaurant,higher-income trade area,health-oriented food concentration,High,Senior Demand High,High,Growing,High,Low,Low,High,Medium,High,Medium,Medium
121623,Sekisui Cordova,38016,38016,47157,Cordova,TN,Shelby,RURAL,5,Comfort Dining Market,Asian cuisine restaurant,higher-income trade area,health-oriented food concentration,High,Senior Demand High,High,Stable,High,Low,Low,High,Low,High,High,Medium
2507449,Leonard's Pit Barbecue,38115,38115,47157,Memphis,TN,Shelby,SUBURBAN,4,Healthy Lifestyle Market,Beverage-led restaurant,value-oriented trade area,wings and chicken-wing concentration,High,Senior Demand High,Low,Declining,High,Low,Medium,High,Medium,Medium,Low,High
2561986,Milano's Pizza,38019,38019,47167,Covington,TN,Tipton,RURAL,4,Healthy Lifestyle Market,General restaurant,mid-market trade area,beverage-led food concentration,Medium,Balanced Age Demand,Medium,Stable,Medium,Medium,Medium,Medium,Medium,Low,Medium,Medium
699365,Tropical Smoothie Cafe,38120,38120,47157,Memphis,TN,Shelby,RURAL,5,Comfort Dining Market,Health-oriented restaurant,higher-income trade area,health-oriented food concentration,High,Young Demand High,High,Declining,Medium,High,Low,High,Medium,High,High,Low
2246287,Mulan Asian Bistro East,38117,38117,47157,Memphis,TN,Shelby,SUBURBAN,5,Comfort Dining Market,Asian cuisine restaurant,higher-income trade area,beverage-led food concentration,High,Senior Demand High,High,Stable,High,Medium,Low,High,Low,High,High,Low
2544145,Japan House,38116,38116,47157,Memphis,TN,Shelby,RURAL,4,Healthy Lifestyle Market,Asian cuisine restaurant,value-oriented trade area,wings and chicken-wing concentration,High,Young Demand High,Low,Stable,High,Low,Low,High,High,Medium,Medium,High
121543,Ruby Tuesday #3278,38134,38134,47157,Memphis,TN,Shelby,RURAL,5,Comfort Dining Market,Beverage-led restaurant,mid-market trade area,health-oriented food concentration,High,Senior Demand High,Medium,Stable,High,Low,Low,High,Low,High,Medium,Medium
2260100,Lennys Grill & Subs,38111,38111,47157,Memphis,TN,Shelby,SUBURBAN,5,Comfort Dining Market,Fast-service restaurant,mid-market trade area,health-oriented food concentration,High,Senior Demand High,Medium,Declining,High,Low,Low,High,Low,High,High,Medium
2153786,Formosa Restaurant,38119,38119,47157,Memphis,TN,Shelby,SUBURBAN,5,Comfort Dining Market,Asian cuisine restaurant,higher-income trade area,beverage-led food concentration,High,Senior Demand High,High,Stable,High,Medium,Low,High,Low,Medium,High,Low
1160151,Lennys Grill & Subs,38116,38116,47157,Memphis,TN,Shelby,RURAL,4,Healthy Lifestyle Market,Fast-service restaurant,value-oriented trade area,wings and chicken-wing concentration,High,Young Demand High,Low,Stable,High,Low,Low,High,High,Medium,Medium,High
987180,Pho Saigon,38111,38111,47157,Memphis,TN,Shelby,SUBURBAN,5,Comfort Dining Market,Asian cuisine restaurant,mid-market trade area,health-oriented food concentration,High,Senior Demand High,Medium,Declining,High,Low,Low,High,Low,High,High,Medium
1085078,Memphis Pizza Cafe,38104,38104,47157,Memphis,TN,Shelby,SUBURBAN,5,Comfort Dining Market,Beverage-led restaurant,mid-market trade area,beverage-led food concentration,High,Senior Demand High,Medium,Stable,High,Low,Low,High,Medium,High,High,Medium
1749338,Babalu,38104,38104,47157,Memphis,TN,Shelby,SUBURBAN,5,Comfort Dining Market,Mexican cuisine restaurant,mid-market trade area,beverage-led food concentration,High,Senior Demand High,Medium,Stable,High,Low,Low,High,Medium,High,High,Medium
14908,Brookhaven Pub & Grill,38117,38117,47157,Memphis,TN,Shelby,SUBURBAN,5,Comfort Dining Market,Beverage-led restaurant,higher-income trade area,beverage-led food concentration,High,Senior Demand High,High,Stable,High,Medium,Low,High,Low,High,High,Low
2286832,Akita Sushi & Hibachi Steakhouse,38671,38671,28033,Southaven,MS,DeSoto,RURAL,4,Healthy Lifestyle Market,Asian cuisine restaurant,mid-market trade area,beverage-led food concentration,High,Balanced Age Demand,Medium,Stable,High,Low,Low,High,Medium,Medium,High,High
714328,Arby's,38017,38017,47157,Collierville,TN,Shelby,RURAL,13,Healthy Lifestyle Market,Chicken-focused restaurant,higher-income trade area,health-oriented food concentration,High,Young Demand High,High,Growing,Medium,Low,Low,High,Medium,High,Medium,Low
2490196,Baskin-Robbins,38122,38122,47157,Memphis,TN,Shelby,SUBURBAN,4,Healthy Lifestyle Market,Fast-service restaurant,value-oriented trade area,health-oriented food concentration,High,Young Demand High,Low,Declining,High,Medium,Low,High,Low,High,Medium,Medium
1217564,Boujize Kitchen,38112,38112,47157,Memphis,TN,Shelby,SUBURBAN,4,Healthy Lifestyle Market,Fast-service restaurant,mid-market trade area,wings and chicken-wing concentration,Medium,Balanced Age Demand,Medium,Stable,High,Medium,Medium,High,Low,Medium,Medium,Medium
1028316,Buffalo Wild Wings,38125,38125,47157,Memphis,TN,Shelby,RURAL,5,Comfort Dining Market,Wings-focused restaurant,higher-income trade area,fast-service concentration,Medium,Balanced Age Demand,High,Growing,Medium,Low,Low,High,Medium,Medium,Medium,Medium
988173,Burger King,38654,38654,28033,Olive Branch,MS,DeSoto,RURAL,5,Comfort Dining Market,Fast-service restaurant,higher-income trade area,beverage-led food concentration,High,Balanced Age Demand,High,Growing,High,Low,Low,High,Medium,Medium,High,Medium
1219777,Cammys Kake’s Homemade Sweetness,38119,38119,47157,Memphis,TN,Shelby,SUBURBAN,5,Comfort Dining Market,General restaurant,higher-income trade area,beverage-led food concentration,High,Senior Demand High,High,Stable,High,Medium,Low,High,Low,Medium,High,Low
1219927,Captain D's,38668,38668,28137,Senatobia,MS,Tate,RURAL,1,Social Dining Market,Seafood-focused restaurant,mid-market trade area,beverage-led food concentration,High,Balanced Age Demand,Medium,Stable,Medium,Medium,Medium,Medium,Medium,Low,High,High
1222124,Chopz Restaurant,38115,38115,47157,Memphis,TN,Shelby,SUBURBAN,4,Healthy Lifestyle Market,General restaurant,value-oriented trade area,wings and chicken-wing concentration,High,Senior Demand High,Low,Declining,High,Low,Medium,High,Medium,Medium,Low,High
2048816,Crazy Chicken,72335,72335,05123,Forrest City,AR,St. Francis,RURAL,0,Social Dining Market,Wings-focused restaurant,value-oriented trade area,fast-service concentration,High,Senior Demand High,Low,Declining,Medium,High,Medium,Medium,High,Medium,Medium,High
1553741,Cucina Madina,38018,38018,47157,Cordova,TN,Shelby,RURAL,5,Comfort Dining Market,Health-oriented restaurant,higher-income trade area,health-oriented food concentration,High,Senior Demand High,High,Growing,High,Low,Low,High,Medium,High,Medium,Medium
2504825,Dyer's Cafe,38017,38017,47157,Collierville,TN,Shelby,RURAL,13,Healthy Lifestyle Market,Fast-service restaurant,higher-income trade area,health-oriented food concentration,High,Young Demand High,High,Growing,Medium,Low,Low,High,Medium,High,Medium,Low
2395545,Fresh &amp; Ready From Kroger,38104,38104,47157,Memphis,TN,Shelby,SUBURBAN,5,Comfort Dining Market,General restaurant,mid-market trade area,beverage-led food concentration,High,Senior Demand High,Medium,Stable,High,Low,Low,High,Medium,High,High,Medium
2091485,Goodie's,38111,38111,47157,Memphis,TN,Shelby,SUBURBAN,5,Comfort Dining Market,Wings-focused restaurant,mid-market trade area,health-oriented food concentration,High,Senior Demand High,Medium,Declining,High,Low,Low,High,Low,High,High,Medium
1554294,Green cactus,38060,38060,47047,Oakland,TN,Fayette,RURAL,5,Comfort Dining Market,Mexican cuisine restaurant,higher-income trade area,wings and chicken-wing concentration,High,Senior Demand High,High,Growing,High,Medium,Low,Medium,Low,Medium,Medium,High
2494334,Howard's Donuts,38016,38016,47157,Cordova,TN,Shelby,RURAL,5,Comfort Dining Market,General restaurant,higher-income trade area,health-oriented food concentration,High,Senior Demand High,High,Stable,High,Low,Low,High,Low,High,High,Medium
809963,IHOP,38115,38115,47157,Memphis,TN,Shelby,SUBURBAN,4,Healthy Lifestyle Market,Fast-service restaurant,value-oriented trade area,wings and chicken-wing concentration,High,Senior Demand High,Low,Declining,High,Low,Medium,High,Medium,Medium,Low,High
2304346,Jack's,38654,38654,28033,Olive Branch,MS,DeSoto,RURAL,5,Comfort Dining Market,Chicken-focused restaurant,higher-income trade area,beverage-led food concentration,High,Balanced Age Demand,High,Growing,High,Low,Low,High,Medium,Medium,High,Medium
2199509,JAnnsWingBoilsandEggrolls,38127,38127,47157,Memphis,TN,Shelby,RURAL,6,Youth Convenience Market,Wings-focused restaurant,value-oriented trade area,wings and chicken-wing concentration,High,Young Demand High,Low,Declining,Medium,Medium,Medium,Medium,High,Medium,Low,High
980818,Jason's Deli,38111,38111,47157,Memphis,TN,Shelby,SUBURBAN,5,Comfort Dining Market,Health-oriented restaurant,mid-market trade area,health-oriented food concentration,High,Senior Demand High,Medium,Declining,High,Low,Low,High,Low,High,High,Medium
2507615,Longshot,38103,38103,47157,Memphis,TN,Shelby,SUBURBAN,5,Comfort Dining Market,Beverage-led restaurant,higher-income trade area,beverage-led food concentration,High,Senior Demand High,High,Stable,High,Low,Medium,High,Low,Medium,High,Low
2395783,Mama's Soul Food and Treats 1,38128,38128,47157,Memphis,TN,Shelby,RURAL,4,Healthy Lifestyle Market,Fast-service restaurant,value-oriented trade area,wings and chicken-wing concentration,High,Young Demand High,Low,Stable,Medium,Low,Medium,High,High,Medium,Medium,High
2297660,McAlister's Deli,38053,38053,47157,Millington,TN,Shelby,RURAL,4,Healthy Lifestyle Market,Health-oriented restaurant,mid-market trade area,beverage-led food concentration,High,Young Demand High,Medium,Declining,High,Medium,Medium,Medium,Medium,Medium,High,Medium
2290158,McDonald's,38002,38002,47157,Arlington,TN,Shelby,RURAL,13,Healthy Lifestyle Market,Beverage-led restaurant,higher-income trade area,health-oriented food concentration,High,Young Demand High,High,Growing,Medium,Low,Low,High,Medium,High,High,Medium
2176654,McDonalds,38632,38632,28033,Hernando,MS,DeSoto,RURAL,1,Social Dining Market,Beverage-led restaurant,higher-income trade area,beverage-led food concentration,High,Balanced Age Demand,High,Growing,Medium,Medium,Medium,Medium,Medium,Medium,High,High
2275557,McDonald's,38016,38016,47157,Cordova,TN,Shelby,RURAL,5,Comfort Dining Market,Beverage-led restaurant,higher-income trade area,health-oriented food concentration,High,Senior Demand High,High,Stable,High,Low,Low,High,Low,High,High,Medium
15012,McDonald's,38128,38128,47157,Memphis,TN,Shelby,RURAL,4,Healthy Lifestyle Market,Beverage-led restaurant,value-oriented trade area,wings and chicken-wing concentration,High,Young Demand High,Low,Stable,Medium,Low,Medium,High,High,Medium,Medium,High
1241576,Mugshots Grill & Bar Olive Branch,38654,38654,28033,Olive Branch,MS,DeSoto,RURAL,5,Comfort Dining Market,Beverage-led restaurant,higher-income trade area,beverage-led food concentration,High,Balanced Age Demand,High,Growing,High,Low,Low,High,Medium,Medium,High,Medium
808860,Panda Express,38018,38018,47157,Cordova,TN,Shelby,RURAL,5,Comfort Dining Market,Asian cuisine restaurant,higher-income trade area,health-oriented food concentration,High,Senior Demand High,High,Growing,High,Low,Low,High,Medium,High,Medium,Medium
2200463,Papa Corazon Quesadilla Germantown,38138,38138,47157,Germantown,TN,Shelby,RURAL,14,Social Dining Market,Mexican cuisine restaurant,higher-income trade area,health-oriented food concentration,High,Young Demand High,High,Stable,High,Low,Medium,High,Low,High,High,Low
1788460,Papa Johns Pizza,38018,38018,47157,Cordova,TN,Shelby,RURAL,5,Comfort Dining Market,Wings-focused restaurant,higher-income trade area,health-oriented food concentration,High,Senior Demand High,High,Growing,High,Low,Low,High,Medium,High,Medium,Medium
1556199,Patriot Nutrition,38654,38654,28033,Olive Branch,MS,DeSoto,RURAL,5,Comfort Dining Market,Health-oriented restaurant,higher-income trade area,beverage-led food concentration,High,Balanced Age Demand,High,Growing,High,Low,Low,High,Medium,Medium,High,Medium
2143585,Pickeatz,38018,38018,47157,Cordova,TN,Shelby,RURAL,5,Comfort Dining Market,Wings-focused restaurant,higher-income trade area,health-oriented food concentration,High,Senior Demand High,High,Growing,High,Low,Low,High,Medium,High,Medium,Medium
1247311,Pk's Trap Shack,38128,38128,47157,Memphis,TN,Shelby,RURAL,4,Healthy Lifestyle Market,Fast-service restaurant,value-oriented trade area,wings and chicken-wing concentration,High,Young Demand High,Low,Stable,Medium,Low,Medium,High,High,Medium,Medium,High
2404676,La Playita Mexicana,38134,38134,47157,Memphis,TN,Shelby,RURAL,5,Comfort Dining Market,Mexican cuisine restaurant,mid-market trade area,health-oriented food concentration,High,Senior Demand High,Medium,Stable,High,Low,Low,High,Low,High,Medium,Medium
1405186,Popeyes,72335,72335,05123,Forrest City,AR,St. Francis,RURAL,0,Social Dining Market,Wings-focused restaurant,value-oriented trade area,fast-service concentration,High,Senior Demand High,Low,Declining,Medium,High,Medium,Medium,High,Medium,Medium,High
699358,Popeyes Louisiana Kitchen,38125,38125,47157,Memphis,TN,Shelby,RURAL,5,Comfort Dining Market,Wings-focused restaurant,higher-income trade area,fast-service concentration,Medium,Balanced Age Demand,High,Growing,Medium,Low,Low,High,Medium,Medium,Medium,Medium
2284391,Pyros Fire Fresh Pizza,38016,38016,47157,Cordova,TN,Shelby,RURAL,5,Comfort Dining Market,Health-oriented restaurant,higher-income trade area,health-oriented food concentration,High,Senior Demand High,High,Stable,High,Low,Low,High,Low,High,High,Medium
2386158,R &amp; R WINE SPIRITS AND MORE,38128,38128,47157,Memphis,TN,Shelby,RURAL,4,Healthy Lifestyle Market,General restaurant,value-oriented trade area,wings and chicken-wing concentration,High,Young Demand High,Low,Stable,Medium,Low,Medium,High,High,Medium,Medium,High
2562739,Rock'n Dough Pizza + Brewery Cordova,38016,38016,47157,Cordova,TN,Shelby,RURAL,5,Comfort Dining Market,General restaurant,higher-income trade area,health-oriented food concentration,High,Senior Demand High,High,Stable,High,Low,Low,High,Low,High,High,Medium
2092761,Royal Donut Shop,38611,38611,28093,Byhalia,MS,Marshall,RURAL,13,Healthy Lifestyle Market,Health-oriented restaurant,mid-market trade area,health-oriented food concentration,High,Balanced Age Demand,Medium,Growing,Low,Medium,Medium,Medium,Medium,High,Medium,Medium
2510186,Royal Panda Restaurant,38138,38138,47157,Germantown,TN,Shelby,RURAL,14,Social Dining Market,Asian cuisine restaurant,higher-income trade area,health-oriented food concentration,High,Young Demand High,High,Stable,High,Low,Medium,High,Low,High,High,Low
1249840,Safeway market kitchen,38109,38109,47157,Memphis,TN,Shelby,RURAL,6,Youth Convenience Market,Wings-focused restaurant,value-oriented trade area,wings and chicken-wing concentration,High,Balanced Age Demand,Low,Stable,Low,Low,Medium,Medium,High,Low,Medium,High
2510319,Saltwater Crab,38104,38104,47157,Memphis,TN,Shelby,SUBURBAN,5,Comfort Dining Market,Asian cuisine restaurant,mid-market trade area,beverage-led food concentration,High,Senior Demand High,Medium,Stable,High,Low,Low,High,Medium,High,High,Medium
1791206,STIX,38103,38103,47157,Memphis,TN,Shelby,SUBURBAN,5,Comfort Dining Market,Asian cuisine restaurant,higher-income trade area,beverage-led food concentration,High,Senior Demand High,High,Stable,High,Low,Medium,High,Low,Medium,High,Low
1253735,Subway,38002,38002,47157,Arlington,TN,Shelby,RURAL,13,Healthy Lifestyle Market,Health-oriented restaurant,higher-income trade area,health-oriented food concentration,High,Young Demand High,High,Growing,Medium,Low,Low,High,Medium,High,High,Medium
1254312,Subway,38017,38017,47157,Collierville,TN,Shelby,RURAL,13,Healthy Lifestyle Market,Health-oriented restaurant,higher-income trade area,health-oriented food concentration,High,Young Demand High,High,Growing,Medium,Low,Low,High,Medium,High,Medium,Low
1420058,Subway,38128,38128,47157,Memphis,TN,Shelby,RURAL,4,Healthy Lifestyle Market,Health-oriented restaurant,value-oriented trade area,wings and chicken-wing concentration,High,Young Demand High,Low,Stable,Medium,Low,Medium,High,High,Medium,Medium,High
1160708,Subway,38017,38017,47157,Collierville,TN,Shelby,RURAL,13,Healthy Lifestyle Market,Health-oriented restaurant,higher-income trade area,health-oriented food concentration,High,Young Demand High,High,Growing,Medium,Low,Low,High,Medium,High,Medium,Low
699630,Subway,38119,38119,47157,Memphis,TN,Shelby,SUBURBAN,5,Comfort Dining Market,Health-oriented restaurant,higher-income trade area,beverage-led food concentration,High,Senior Demand High,High,Stable,High,Medium,Low,High,Low,Medium,High,Low
1952015,Sushi from Kroger by Snowfox,38672,38672,28033,Southaven,MS,DeSoto,RURAL,13,Healthy Lifestyle Market,General restaurant,higher-income trade area,health-oriented food concentration,High,Young Demand High,High,Growing,High,Medium,Low,Medium,Medium,High,High,Medium
2511461,Taco Antrax,38122,38122,47157,Memphis,TN,Shelby,SUBURBAN,4,Healthy Lifestyle Market,Mexican cuisine restaurant,value-oriented trade area,health-oriented food concentration,High,Young Demand High,Low,Declining,High,Medium,Low,High,Low,High,Medium,Medium
1022272,The Green Beetle,38103,38103,47157,Memphis,TN,Shelby,SUBURBAN,5,Comfort Dining Market,Beverage-led restaurant,higher-income trade area,beverage-led food concentration,High,Senior Demand High,High,Stable,High,Low,Medium,High,Low,Medium,High,Low
1410134,Walgreens Alcohol,38127,38127,47157,Memphis,TN,Shelby,RURAL,6,Youth Convenience Market,General restaurant,value-oriented trade area,wings and chicken-wing concentration,High,Young Demand High,Low,Declining,Medium,Medium,Medium,Medium,High,Medium,Low,High
2201812,Walgreens Alcohol,38018,38018,47157,Cordova,TN,Shelby,RURAL,5,Comfort Dining Market,General restaurant,higher-income trade area,health-oriented food concentration,High,Senior Demand High,High,Growing,High,Low,Low,High,Medium,High,Medium,Medium
2226350,Walgreens Alcohol,38002,38002,47157,Arlington,TN,Shelby,RURAL,13,Healthy Lifestyle Market,General restaurant,higher-income trade area,health-oriented food concentration,High,Young Demand High,High,Growing,Medium,Low,Low,High,Medium,High,High,Medium
2201870,Walgreens Alcohol,38654,38654,28033,Olive Branch,MS,DeSoto,RURAL,5,Comfort Dining Market,General restaurant,higher-income trade area,beverage-led food concentration,High,Balanced Age Demand,High,Growing,High,Low,Low,High,Medium,Medium,High,Medium
1262875,Wendy's,38017,38017,47157,Collierville,TN,Shelby,RURAL,13,Healthy Lifestyle Market,Fast-service restaurant,higher-income trade area,health-oriented food concentration,High,Young Demand High,High,Growing,Medium,Low,Low,High,Medium,High,Medium,Low
763975,Wendy's,38671,38671,28033,Southaven,MS,DeSoto,RURAL,4,Healthy Lifestyle Market,Fast-service restaurant,mid-market trade area,beverage-led food concentration,High,Balanced Age Demand,Medium,Stable,High,Low,Low,High,Medium,Medium,High,High
1405900,Whatchuwanna Eat Cafe,38116,38116,47157,Memphis,TN,Shelby,RURAL,4,Healthy Lifestyle Market,Fast-service restaurant,value-oriented trade area,wings and chicken-wing concentration,High,Young Demand High,Low,Stable,High,Low,Low,High,High,Medium,Medium,High
1907488,Wings House Memphis,38119,38119,47157,Memphis,TN,Shelby,SUBURBAN,5,Comfort Dining Market,Wings-focused restaurant,higher-income trade area,beverage-led food concentration,High,Senior Demand High,High,Stable,High,Medium,Low,High,Low,Medium,High,Low
1907493,Wings World,38632,38632,28033,Hernando,MS,DeSoto,RURAL,1,Social Dining Market,Wings-focused restaurant,higher-income trade area,beverage-led food concentration,High,Balanced Age Demand,High,Growing,Medium,Medium,Medium,Medium,Medium,Medium,High,High
2501409,Zaxby's Snowden Grove,38672,38672,28033,Southaven,MS,DeSoto,RURAL,13,Healthy Lifestyle Market,Wings-focused restaurant,higher-income trade area,health-oriented food concentration,High,Young Demand High,High,Growing,High,Medium,Low,Medium,Medium,High,High,Medium
2501808,NUEVO AMIGOS RESTAURANT,38134,38134,47157,Memphis,TN,Shelby,RURAL,5,Comfort Dining Market,Mexican cuisine restaurant,mid-market trade area,health-oriented food concentration,High,Senior Demand High,Medium,Stable,High,Low,Low,High,Low,High,Medium,Medium
810055,SOUTHERN HANDS,38115,38115,47157,Memphis,TN,Shelby,SUBURBAN,4,Healthy Lifestyle Market,Beverage-led restaurant,value-oriented trade area,wings and chicken-wing concentration,High,Senior Demand High,Low,Declining,High,Low,Medium,High,Medium,Medium,Low,High
1936636,Aldo's Pizza Pies,38104,38104,47157,Memphis,TN,Shelby,SUBURBAN,5,Comfort Dining Market,General restaurant,mid-market trade area,beverage-led food concentration,High,Senior Demand High,Medium,Stable,High,Low,Low,High,Medium,High,High,Medium
860229,On The Border Mexican Grill & Cantina,38133,38133,47157,Memphis,TN,Shelby,RURAL,5,Comfort Dining Market,Mexican cuisine restaurant,higher-income trade area,health-oriented food concentration,High,Balanced Age Demand,High,Stable,High,Low,Low,High,Medium,High,Medium,Medium
1033065,Casablanca,38117,38117,47157,Memphis,TN,Shelby,SUBURBAN,5,Comfort Dining Market,Health-oriented restaurant,higher-income trade area,beverage-led food concentration,High,Senior Demand High,High,Stable,High,Medium,Low,High,Low,High,High,Low
2568554,Central BBQ,38104,38104,47157,Memphis,TN,Shelby,SUBURBAN,5,Comfort Dining Market,Beverage-led restaurant,mid-market trade area,beverage-led food concentration,High,Senior Demand High,Medium,Stable,High,Low,Low,High,Medium,High,High,Medium
2191826,D'Bos Elvis Presley Blvd,38116,38116,47157,Memphis,TN,Shelby,RURAL,4,Healthy Lifestyle Market,Wings-focused restaurant,value-oriented trade area,wings and chicken-wing concentration,High,Young Demand High,Low,Stable,High,Low,Low,High,High,Medium,Medium,High
2553039,Gully's Jerk Hut,38115,38115,47157,Memphis,TN,Shelby,SUBURBAN,4,Healthy Lifestyle Market,Fast-service restaurant,value-oriented trade area,wings and chicken-wing concentration,High,Senior Demand High,Low,Declining,High,Low,Medium,High,Medium,Medium,Low,High
2553092,Hard Times Deli,38103,38103,47157,Memphis,TN,Shelby,SUBURBAN,5,Comfort Dining Market,Health-oriented restaurant,higher-income trade area,beverage-led food concentration,High,Senior Demand High,High,Stable,High,Low,Medium,High,Low,Medium,High,Low
2569609,ITS A WRAPP,38002,38002,47157,Arlington,TN,Shelby,RURAL,13,Healthy Lifestyle Market,Fast-service restaurant,higher-income trade area,health-oriented food concentration,High,Young Demand High,High,Growing,Medium,Low,Low,High,Medium,High,High,Medium
15748,Moondance Grill,38138,38138,47157,Germantown,TN,Shelby,RURAL,14,Social Dining Market,Beverage-led restaurant,higher-income trade area,health-oriented food concentration,High,Young Demand High,High,Stable,High,Low,Medium,High,Low,High,High,Low
1666557,Smokin Hot Wings,38134,38134,47157,Memphis,TN,Shelby,RURAL,5,Comfort Dining Market,Wings-focused restaurant,mid-market trade area,health-oriented food concentration,High,Senior Demand High,Medium,Stable,High,Low,Low,High,Low,High,Medium,Medium
2265088,Bonchon Chicken,38016,38016,47157,Cordova,TN,Shelby,RURAL,5,Comfort Dining Market,Wings-focused restaurant,higher-income trade area,health-oriented food concentration,High,Senior Demand High,High,Stable,High,Low,Low,High,Low,High,High,Medium
1376349,Burger King,38104,38104,47157,Memphis,TN,Shelby,SUBURBAN,5,Comfort Dining Market,Fast-service restaurant,mid-market trade area,beverage-led food concentration,High,Senior Demand High,Medium,Stable,High,Low,Low,High,Medium,High,High,Medium
2188551,Chick-fil-A,38105,38105,47157,Memphis,TN,Shelby,SUBURBAN,0,Social Dining Market,Chicken-focused restaurant,value-oriented trade area,health-oriented food concentration,High,Senior Demand High,Low,Declining,High,High,Medium,Medium,High,High,High,High
1022799,Cinnabon,38133,38133,47157,Memphis,TN,Shelby,RURAL,5,Comfort Dining Market,Beverage-led restaurant,higher-income trade area,health-oriented food concentration,High,Balanced Age Demand,High,Stable,High,Low,Low,High,Medium,High,Medium,Medium
2429360,Crazy Mexican Sports Bar,38115,38115,47157,Memphis,TN,Shelby,SUBURBAN,4,Healthy Lifestyle Market,Mexican cuisine restaurant,value-oriented trade area,wings and chicken-wing concentration,High,Senior Demand High,Low,Declining,High,Low,Medium,High,Medium,Medium,Low,High
1925882,Da Sammich Spot,38111,38111,47157,Memphis,TN,Shelby,SUBURBAN,5,Comfort Dining Market,Health-oriented restaurant,mid-market trade area,health-oriented food concentration,High,Senior Demand High,Medium,Declining,High,Low,Low,High,Low,High,High,Medium
2381932,Daylight Donuts,38133,38133,47157,Memphis,TN,Shelby,RURAL,5,Comfort Dining Market,Health-oriented restaurant,higher-income trade area,health-oriented food concentration,High,Balanced Age Demand,High,Stable,High,Low,Low,High,Medium,High,Medium,Medium
1115442,Dim Sum King,38122,38122,47157,Memphis,TN,Shelby,SUBURBAN,4,Healthy Lifestyle Market,Asian cuisine restaurant,value-oriented trade area,health-oriented food concentration,High,Young Demand High,Low,Declining,High,Medium,Low,High,Low,High,Medium,Medium
2228669,Domino's,38635,38635,28093,Holly Springs,MS,Marshall,RURAL,12,Healthy Lifestyle Market,Wings-focused restaurant,mid-market trade area,health-oriented food concentration,High,Senior Demand High,Medium,Stable,Low,High,Low,High,High,High,Medium,High
1479371,Domino's,38654,38654,28033,Olive Branch,MS,DeSoto,RURAL,5,Comfort Dining Market,Wings-focused restaurant,higher-income trade area,beverage-led food concentration,High,Balanced Age Demand,High,Growing,High,Low,Low,High,Medium,Medium,High,Medium
1731078,Genji Sushi,38138,38138,47157,Germantown,TN,Shelby,RURAL,14,Social Dining Market,Asian cuisine restaurant,higher-income trade area,health-oriented food concentration,High,Young Demand High,High,Stable,High,Low,Medium,High,Low,High,High,Low
1483197,Habeesha Ethiopian Restaurant,38134,38134,47157,Memphis,TN,Shelby,RURAL,5,Comfort Dining Market,Health-oriented restaurant,mid-market trade area,health-oriented food concentration,High,Senior Demand High,Medium,Stable,High,Low,Low,High,Low,High,Medium,Medium
2156842,JR Fish and Chicken,38115,38115,47157,Memphis,TN,Shelby,SUBURBAN,4,Healthy Lifestyle Market,Seafood-focused restaurant,value-oriented trade area,wings and chicken-wing concentration,High,Senior Demand High,Low,Declining,High,Low,Medium,High,Medium,Medium,Low,High
1733232,KFC,72370,72370,05093,Osceola,AR,Mississippi,RURAL,3,Youth Convenience Market,Wings-focused restaurant,value-oriented trade area,health-oriented food concentration,High,Balanced Age Demand,Low,Declining,Low,High,Medium,Medium,Low,High,Low,High
1365523,KFC,72364,72364,05035,Marion,AR,Crittenden,RURAL,13,Healthy Lifestyle Market,Wings-focused restaurant,higher-income trade area,health-oriented food concentration,Medium,Young Demand High,High,Stable,Medium,Medium,High,Medium,Medium,Medium,Medium,Medium
1479941,Krispy Krunchy Chicken,38128,38128,47157,Memphis,TN,Shelby,RURAL,4,Healthy Lifestyle Market,Chicken-focused restaurant,value-oriented trade area,wings and chicken-wing concentration,High,Young Demand High,Low,Stable,Medium,Low,Medium,High,High,Medium,Medium,High
2128958,Krispy Krunchy Chicken,38141,38141,47157,Memphis,TN,Shelby,SUBURBAN,1,Social Dining Market,Chicken-focused restaurant,mid-market trade area,wings and chicken-wing concentration,High,Balanced Age Demand,Medium,Growing,Medium,Medium,Medium,Medium,High,Medium,Medium,High
2382460,Lion Mart 2 Crazy Chicken,38118,38118,47157,Memphis,TN,Shelby,RURAL,4,Healthy Lifestyle Market,Wings-focused restaurant,value-oriented trade area,wings and chicken-wing concentration,High,Young Demand High,Low,Stable,Medium,Low,Medium,High,High,Medium,Medium,High
2433077,Lion Mart 4 Llc,38109,38109,47157,Memphis,TN,Shelby,RURAL,6,Youth Convenience Market,Chicken-focused restaurant,value-oriented trade area,wings and chicken-wing concentration,High,Balanced Age Demand,Low,Stable,Low,Low,Medium,Medium,High,Low,Medium,High
2339408,Lion Mart,38116,38116,47157,Memphis,TN,Shelby,RURAL,4,Healthy Lifestyle Market,Fast-service restaurant,value-oriented trade area,wings and chicken-wing concentration,High,Young Demand High,Low,Stable,High,Low,Low,High,High,Medium,Medium,High
810219,Little Caesars,38114,38114,47157,Memphis,TN,Shelby,SUBURBAN,0,Social Dining Market,Wings-focused restaurant,value-oriented trade area,wings and chicken-wing concentration,High,Senior Demand High,Low,Declining,Medium,Medium,Medium,Medium,High,Medium,Low,High
2183571,Little Caesars,38115,38115,47157,Memphis,TN,Shelby,SUBURBAN,4,Healthy Lifestyle Market,Wings-focused restaurant,value-oriented trade area,wings and chicken-wing concentration,High,Senior Demand High,Low,Declining,High,Low,Medium,High,Medium,Medium,Low,High
2535140,Little Petals,38103,38103,47157,Memphis,TN,Shelby,SUBURBAN,5,Comfort Dining Market,Wings-focused restaurant,higher-income trade area,beverage-led food concentration,High,Senior Demand High,High,Stable,High,Low,Medium,High,Low,Medium,High,Low
1734663,Maciel's Tortas &amp; Tacos,38133,38133,47157,Memphis,TN,Shelby,RURAL,5,Comfort Dining Market,Mexican cuisine restaurant,higher-income trade area,health-oriented food concentration,High,Balanced Age Demand,High,Stable,High,Low,Low,High,Medium,High,Medium,Medium
1480831,Main Street Thai,38138,38138,47157,Germantown,TN,Shelby,RURAL,14,Social Dining Market,Asian cuisine restaurant,higher-income trade area,health-oriented food concentration,High,Young Demand High,High,Stable,High,Low,Medium,High,Low,High,High,Low
1373578,Marco's Pizza,38002,38002,47157,Arlington,TN,Shelby,RURAL,13,Healthy Lifestyle Market,Health-oriented restaurant,higher-income trade area,health-oriented food concentration,High,Young Demand High,High,Growing,Medium,Low,Low,High,Medium,High,High,Medium
1928797,Margaritas Mexican Restaurant,38128,38128,47157,Memphis,TN,Shelby,RURAL,4,Healthy Lifestyle Market,Mexican cuisine restaurant,value-oriented trade area,wings and chicken-wing concentration,High,Young Demand High,Low,Stable,Medium,Low,Medium,High,High,Medium,Medium,High
2434074,Munford Cafe,38058,38058,47167,Munford,TN,Tipton,RURAL,1,Social Dining Market,Fast-service restaurant,higher-income trade area,health-oriented food concentration,High,Balanced Age Demand,High,Growing,Low,High,High,Medium,High,High,High,High
1126725,Noodles &amp; Greens,38133,38133,47157,Memphis,TN,Shelby,RURAL,5,Comfort Dining Market,Chicken-focused restaurant,higher-income trade area,health-oriented food concentration,High,Balanced Age Demand,High,Stable,High,Low,Low,High,Medium,High,Medium,Medium
1366722,Nothing Bundt Cakes,38016,38016,47157,Cordova,TN,Shelby,RURAL,5,Comfort Dining Market,General restaurant,higher-income trade area,health-oriented food concentration,High,Senior Demand High,High,Stable,High,Low,Low,High,Low,High,High,Medium
1736948,Bonefish Grill,38016,38016,47157,Cordova,TN,Shelby,RURAL,5,Comfort Dining Market,Seafood-focused restaurant,higher-income trade area,health-oriented food concentration,High,Senior Demand High,High,Stable,High,Low,Low,High,Low,High,High,Medium
2434917,Piccadilly Cafeteria,38115,38115,47157,Memphis,TN,Shelby,SUBURBAN,4,Healthy Lifestyle Market,Seafood-focused restaurant,value-oriented trade area,wings and chicken-wing concentration,High,Senior Demand High,Low,Declining,High,Low,Medium,High,Medium,Medium,Low,High
1129131,Pier 64 Seafood &amp; Bar,38134,38134,47157,Memphis,TN,Shelby,RURAL,5,Comfort Dining Market,Seafood-focused restaurant,mid-market trade area,health-oriented food concentration,High,Senior Demand High,Medium,Stable,High,Low,Low,High,Low,High,Medium,Medium
2069252,Plant Based Heat,38016,38016,47157,Cordova,TN,Shelby,RURAL,5,Comfort Dining Market,Health-oriented restaurant,higher-income trade area,health-oriented food concentration,High,Senior Demand High,High,Stable,High,Low,Low,High,Low,High,High,Medium
814728,Poke World,38671,38671,28033,Southaven,MS,DeSoto,RURAL,4,Healthy Lifestyle Market,Asian cuisine restaurant,mid-market trade area,beverage-led food concentration,High,Balanced Age Demand,Medium,Stable,High,Low,Low,High,Medium,Medium,High,High
2435181,Popeyes,38016,38016,47157,Cordova,TN,Shelby,RURAL,5,Comfort Dining Market,Wings-focused restaurant,higher-income trade area,health-oriented food concentration,High,Senior Demand High,High,Stable,High,Low,Low,High,Low,High,High,Medium
2536286,Smoothie King,38119,38119,47157,Memphis,TN,Shelby,SUBURBAN,5,Comfort Dining Market,Health-oriented restaurant,higher-income trade area,beverage-led food concentration,High,Senior Demand High,High,Stable,High,Medium,Low,High,Low,Medium,High,Low
1645357,Star 24 Travel Plaza,38654,38654,28033,Olive Branch,MS,DeSoto,RURAL,5,Comfort Dining Market,General restaurant,higher-income trade area,beverage-led food concentration,High,Balanced Age Demand,High,Growing,High,Low,Low,High,Medium,Medium,High,Medium
2144008,Starbucks,38116,38116,47157,Memphis,TN,Shelby,RURAL,4,Healthy Lifestyle Market,Beverage-led restaurant,value-oriented trade area,wings and chicken-wing concentration,High,Young Demand High,Low,Stable,High,Low,Low,High,High,Medium,Medium,High
2300185,Subway,38016,38016,47157,Cordova,TN,Shelby,RURAL,5,Comfort Dining Market,Health-oriented restaurant,higher-income trade area,health-oriented food concentration,High,Senior Demand High,High,Stable,High,Low,Low,High,Low,High,High,Medium
1379943,Subway,38016,38016,47157,Cordova,TN,Shelby,RURAL,5,Comfort Dining Market,Health-oriented restaurant,higher-income trade area,health-oriented food concentration,High,Senior Demand High,High,Stable,High,Low,Low,High,Low,High,High,Medium
2240666,Subway,38115,38115,47157,Memphis,TN,Shelby,SUBURBAN,4,Healthy Lifestyle Market,Health-oriented restaurant,value-oriented trade area,wings and chicken-wing concentration,High,Senior Demand High,Low,Declining,High,Low,Medium,High,Medium,Medium,Low,High
1369438,Subway,38672,38672,28033,Southaven,MS,DeSoto,RURAL,13,Healthy Lifestyle Market,Health-oriented restaurant,higher-income trade area,health-oriented food concentration,High,Young Demand High,High,Growing,High,Medium,Low,Medium,Medium,High,High,Medium
1701805,Subway,38671,38671,28033,Southaven,MS,DeSoto,RURAL,4,Healthy Lifestyle Market,Health-oriented restaurant,mid-market trade area,beverage-led food concentration,High,Balanced Age Demand,Medium,Stable,High,Low,Low,High,Medium,Medium,High,High
2307911,Subway,38115,38115,47157,Memphis,TN,Shelby,SUBURBAN,4,Healthy Lifestyle Market,Health-oriented restaurant,value-oriented trade area,wings and chicken-wing concentration,High,Senior Demand High,Low,Declining,High,Low,Medium,High,Medium,Medium,Low,High
1377083,Subway,38105,38105,47157,Memphis,TN,Shelby,SUBURBAN,0,Social Dining Market,Health-oriented restaurant,value-oriented trade area,health-oriented food concentration,High,Senior Demand High,Low,Declining,High,High,Medium,Medium,High,High,High,High
1134936,Subway,38111,38111,47157,Memphis,TN,Shelby,SUBURBAN,5,Comfort Dining Market,Health-oriented restaurant,mid-market trade area,health-oriented food concentration,High,Senior Demand High,Medium,Declining,High,Low,Low,High,Low,High,High,Medium
1135590,Taco Bell,38004,38004,47167,Atoka,TN,Tipton,RURAL,1,Social Dining Market,Mexican cuisine restaurant,higher-income trade area,wings and chicken-wing concentration,Medium,Senior Demand High,High,Growing,Medium,Medium,Low,Medium,Low,Low,Low,Medium
1135657,Taco Bell,38668,38668,28137,Senatobia,MS,Tate,RURAL,1,Social Dining Market,Mexican cuisine restaurant,mid-market trade area,beverage-led food concentration,High,Balanced Age Demand,Medium,Stable,Medium,Medium,Medium,Medium,Medium,Low,High,High
1739822,Taco Bell,38118,38118,47157,Memphis,TN,Shelby,RURAL,4,Healthy Lifestyle Market,Mexican cuisine restaurant,value-oriented trade area,wings and chicken-wing concentration,High,Young Demand High,Low,Stable,Medium,Low,Medium,High,High,Medium,Medium,High
808183,Taco Bell,38141,38141,47157,Memphis,TN,Shelby,SUBURBAN,1,Social Dining Market,Mexican cuisine restaurant,mid-market trade area,wings and chicken-wing concentration,High,Balanced Age Demand,Medium,Growing,Medium,Medium,Medium,Medium,High,Medium,Medium,High
1365162,Taco Bell,38671,38671,28033,Southaven,MS,DeSoto,RURAL,4,Healthy Lifestyle Market,Mexican cuisine restaurant,mid-market trade area,beverage-led food concentration,High,Balanced Age Demand,Medium,Stable,High,Low,Low,High,Medium,Medium,High,High
2255964,Taco Bell,38637,38637,28033,Horn Lake,MS,DeSoto,RURAL,4,Healthy Lifestyle Market,Mexican cuisine restaurant,mid-market trade area,wings and chicken-wing concentration,High,Balanced Age Demand,Medium,Stable,High,Medium,Low,High,Medium,High,Medium,High
1136555,Thai &amp; Go,38117,38117,47157,Memphis,TN,Shelby,SUBURBAN,5,Comfort Dining Market,Asian cuisine restaurant,higher-income trade area,beverage-led food concentration,High,Senior Demand High,High,Stable,High,Medium,Low,High,Low,High,High,Low
1369028,The Salad Station,38138,38138,47157,Germantown,TN,Shelby,RURAL,14,Social Dining Market,Health-oriented restaurant,higher-income trade area,health-oriented food concentration,High,Young Demand High,High,Stable,High,Low,Medium,High,Low,High,High,Low
2437991,Tokyo Grill,38117,38117,47157,Memphis,TN,Shelby,SUBURBAN,5,Comfort Dining Market,Asian cuisine restaurant,higher-income trade area,beverage-led food concentration,High,Senior Demand High,High,Stable,High,Medium,Low,High,Low,High,High,Low
666035,Tops Bar-B-Q,38654,38654,28033,Olive Branch,MS,DeSoto,RURAL,5,Comfort Dining Market,Beverage-led restaurant,higher-income trade area,beverage-led food concentration,High,Balanced Age Demand,High,Growing,High,Low,Low,High,Medium,Medium,High,Medium
1369446,Tropical Smoothie Cafe,38002,38002,47157,Arlington,TN,Shelby,RURAL,13,Healthy Lifestyle Market,Health-oriented restaurant,higher-income trade area,health-oriented food concentration,High,Young Demand High,High,Growing,Medium,Low,Low,High,Medium,High,High,Medium
1139229,Vivians Down Home Cgookin,38112,38112,47157,Memphis,TN,Shelby,SUBURBAN,4,Healthy Lifestyle Market,Fast-service restaurant,mid-market trade area,wings and chicken-wing concentration,Medium,Balanced Age Demand,Medium,Stable,High,Medium,Medium,High,Low,Medium,Medium,Medium
2361124,Whataburger,38637,38637,28033,Horn Lake,MS,DeSoto,RURAL,4,Healthy Lifestyle Market,Fast-service restaurant,mid-market trade area,wings and chicken-wing concentration,High,Balanced Age Demand,Medium,Stable,High,Medium,Low,High,Medium,High,Medium,High
1702607,Whataburger,38632,38632,28033,Hernando,MS,DeSoto,RURAL,1,Social Dining Market,Fast-service restaurant,higher-income trade area,beverage-led food concentration,High,Balanced Age Demand,High,Growing,Medium,Medium,Medium,Medium,Medium,Medium,High,High
1140206,Wild Burger,38053,38053,47157,Millington,TN,Shelby,RURAL,4,Healthy Lifestyle Market,Fast-service restaurant,mid-market trade area,beverage-led food concentration,High,Young Demand High,Medium,Declining,High,Medium,Medium,Medium,Medium,Medium,High,Medium
2068805,Wingstop,38104,38104,47157,Memphis,TN,Shelby,SUBURBAN,5,Comfort Dining Market,Wings-focused restaurant,mid-market trade area,beverage-led food concentration,High,Senior Demand High,Medium,Stable,High,Low,Low,High,Medium,High,High,Medium
2172975,Zaxbys,38002,38002,47157,Arlington,TN,Shelby,RURAL,13,Healthy Lifestyle Market,Wings-focused restaurant,higher-income trade area,health-oriented food concentration,High,Young Demand High,High,Growing,Medium,Low,Low,High,Medium,High,High,Medium
2284875,SMOOTH LIVING,38116,38116,47157,Memphis,TN,Shelby,RURAL,4,Healthy Lifestyle Market,Wings-focused restaurant,value-oriented trade area,wings and chicken-wing concentration,High,Young Demand High,Low,Stable,High,Low,Low,High,High,Medium,Medium,High
214565,Amerigo,38119,38119,47157,Memphis,TN,Shelby,SUBURBAN,5,Comfort Dining Market,Seafood-focused restaurant,higher-income trade area,beverage-led food concentration,High,Senior Demand High,High,Stable,High,Medium,Low,High,Low,Medium,High,Low
2551903,BB King's Blues Club,38103,38103,47157,Memphis,TN,Shelby,SUBURBAN,5,Comfort Dining Market,Beverage-led restaurant,higher-income trade area,beverage-led food concentration,High,Senior Demand High,High,Stable,High,Low,Medium,High,Low,Medium,High,Low
837510,Chili's Grill & Bar,38053,38053,47157,Millington,TN,Shelby,RURAL,4,Healthy Lifestyle Market,Wings-focused restaurant,mid-market trade area,beverage-led food concentration,High,Young Demand High,Medium,Declining,High,Medium,Medium,Medium,Medium,Medium,High,Medium
981445,Chili's Grill & Bar,38671,38671,28033,Southaven,MS,DeSoto,RURAL,4,Healthy Lifestyle Market,Wings-focused restaurant,mid-market trade area,beverage-led food concentration,High,Balanced Age Demand,Medium,Stable,High,Low,Low,High,Medium,Medium,High,High
1676465,Firebirds Wood Fired Grill,38017,38017,47157,Collierville,TN,Shelby,RURAL,13,Healthy Lifestyle Market,Seafood-focused restaurant,higher-income trade area,health-oriented food concentration,High,Young Demand High,High,Growing,Medium,Low,Low,High,Medium,High,Medium,Low
1730706,Firebirds Wood Fired Grill,38133,38133,47157,Memphis,TN,Shelby,RURAL,5,Comfort Dining Market,Seafood-focused restaurant,higher-income trade area,health-oriented food concentration,High,Balanced Age Demand,High,Stable,High,Low,Low,High,Medium,High,Medium,Medium
1157185,Houston's,38117,38117,47157,Memphis,TN,Shelby,SUBURBAN,5,Comfort Dining Market,General restaurant,higher-income trade area,beverage-led food concentration,High,Senior Demand High,High,Stable,High,Medium,Low,High,Low,High,High,Low
2204333,O'Charley's,38017,38017,47157,Collierville,TN,Shelby,RURAL,13,Healthy Lifestyle Market,General restaurant,higher-income trade area,health-oriented food concentration,High,Young Demand High,High,Growing,Medium,Low,Low,High,Medium,High,Medium,Low
1893920,On The Border Mexican Grill & Cantina,38671,38671,28033,Southaven,MS,DeSoto,RURAL,4,Healthy Lifestyle Market,Mexican cuisine restaurant,mid-market trade area,beverage-led food concentration,High,Balanced Age Demand,Medium,Stable,High,Low,Low,High,Medium,Medium,High,High
2563579,Tu Combito Express LLC,38134,38134,47157,Memphis,TN,Shelby,RURAL,5,Comfort Dining Market,Seafood-focused restaurant,mid-market trade area,health-oriented food concentration,High,Senior Demand High,Medium,Stable,High,Low,Low,High,Low,High,Medium,Medium
2431498,Half Shell,38138,38138,47157,Germantown,TN,Shelby,RURAL,14,Social Dining Market,Seafood-focused restaurant,higher-income trade area,health-oriented food concentration,High,Young Demand High,High,Stable,High,Low,Medium,High,Low,High,High,Low
2468398,LA-91,38671,38671,28033,Southaven,MS,DeSoto,RURAL,4,Healthy Lifestyle Market,Wings-focused restaurant,mid-market trade area,beverage-led food concentration,High,Balanced Age Demand,Medium,Stable,High,Low,Low,High,Medium,Medium,High,High
372483,Lake Village Country Club P O BOX,72373,72373,05037,Parkin,AR,Cross,RURAL,2,Youth Convenience Market,General restaurant,value-oriented trade area,competitive intensity,Medium,Low Age Demand,Low,Declining,Medium,Low,High,Low,Low,Low,Low,Low
1958464,Owen Brennan’s Restaurant,38119,38119,47157,Memphis,TN,Shelby,SUBURBAN,5,Comfort Dining Market,Seafood-focused restaurant,higher-income trade area,beverage-led food concentration,High,Senior Demand High,High,Stable,High,Medium,Low,High,Low,Medium,High,Low
2192338,Tacker's Shake Shack Wynne Tacker’s Shake Shack,72396,72396,05037,Wynne,AR,Cross,RURAL,3,Youth Convenience Market,Fast-service restaurant,mid-market trade area,health-oriented food concentration,High,Young Demand High,Medium,Stable,Medium,High,Medium,Low,Medium,High,Medium,Medium
2511048,Staks Kitchen,38002,38002,47157,Arlington,TN,Shelby,RURAL,13,Healthy Lifestyle Market,Health-oriented restaurant,higher-income trade area,health-oriented food concentration,High,Young Demand High,High,Growing,Medium,Low,Low,High,Medium,High,High,Medium
2449904,Fuego Vivo,38117,38117,47157,Memphis,TN,Shelby,SUBURBAN,5,Comfort Dining Market,General restaurant,higher-income trade area,beverage-led food concentration,High,Senior Demand High,High,Stable,High,Medium,Low,High,Low,High,High,Low
2376930,Tekila Modern Mexican,38672,38672,28033,Southaven,MS,DeSoto,RURAL,13,Healthy Lifestyle Market,Mexican cuisine restaurant,higher-income trade area,health-oriented food concentration,High,Young Demand High,High,Growing,High,Medium,Low,Medium,Medium,High,High,Medium
1109306,Asian Star,38060,38060,47047,Oakland,TN,Fayette,RURAL,5,Comfort Dining Market,Asian cuisine restaurant,higher-income trade area,wings and chicken-wing concentration,High,Senior Demand High,High,Growing,High,Medium,Low,Medium,Low,Medium,Medium,High
2330679,Bakery by Perkins,38017,38017,47157,Collierville,TN,Shelby,RURAL,13,Healthy Lifestyle Market,General restaurant,higher-income trade area,health-oriented food concentration,High,Young Demand High,High,Growing,Medium,Low,Low,High,Medium,High,Medium,Low
1520284,Baskin-Robbins,38671,38671,28033,Southaven,MS,DeSoto,RURAL,4,Healthy Lifestyle Market,Fast-service restaurant,mid-market trade area,beverage-led food concentration,High,Balanced Age Demand,Medium,Stable,High,Low,Low,High,Medium,Medium,High,High
2391970,Best Buy,38133,38133,47157,Memphis,TN,Shelby,RURAL,5,Comfort Dining Market,General restaurant,higher-income trade area,health-oriented food concentration,High,Balanced Age Demand,High,Stable,High,Low,Low,High,Medium,High,Medium,Medium
1727729,Bojangles,38133,38133,47157,Memphis,TN,Shelby,RURAL,5,Comfort Dining Market,Chicken-focused restaurant,higher-income trade area,health-oriented food concentration,High,Balanced Age Demand,High,Stable,High,Low,Low,High,Medium,High,Medium,Medium
2537468,Bojangles,38125,38125,47157,Memphis,TN,Shelby,RURAL,5,Comfort Dining Market,Wings-focused restaurant,higher-income trade area,fast-service concentration,Medium,Balanced Age Demand,High,Growing,Medium,Low,Low,High,Medium,Medium,Medium,Medium
2537541,Buddy V's Cake Slice,38016,38016,47157,Cordova,TN,Shelby,RURAL,5,Comfort Dining Market,General restaurant,higher-income trade area,health-oriented food concentration,High,Senior Demand High,High,Stable,High,Low,Low,High,Low,High,High,Medium
2366550,Burger King,38004,38004,47167,Atoka,TN,Tipton,RURAL,1,Social Dining Market,Fast-service restaurant,higher-income trade area,wings and chicken-wing concentration,Medium,Senior Demand High,High,Growing,Medium,Medium,Low,Medium,Low,Low,Low,Medium
1373032,Burger King,38134,38134,47157,Memphis,TN,Shelby,RURAL,5,Comfort Dining Market,Fast-service restaurant,mid-market trade area,health-oriented food concentration,High,Senior Demand High,Medium,Stable,High,Low,Low,High,Low,High,Medium,Medium
1112187,Cajun King Seafood,38116,38116,47157,Memphis,TN,Shelby,RURAL,4,Healthy Lifestyle Market,Wings-focused restaurant,value-oriented trade area,wings and chicken-wing concentration,High,Young Demand High,Low,Stable,High,Low,Low,High,High,Medium,Medium,High
860190,Celebrity's Soul Food,38111,38111,47157,Memphis,TN,Shelby,SUBURBAN,5,Comfort Dining Market,Wings-focused restaurant,mid-market trade area,health-oriented food concentration,High,Senior Demand High,Medium,Declining,High,Low,Low,High,Low,High,High,Medium
1520049,Checkers,38125,38125,47157,Memphis,TN,Shelby,RURAL,5,Comfort Dining Market,Fast-service restaurant,higher-income trade area,fast-service concentration,Medium,Balanced Age Demand,High,Growing,Medium,Low,Low,High,Medium,Medium,Medium,Medium
2537740,Chester's,38118,38118,47157,Memphis,TN,Shelby,RURAL,4,Healthy Lifestyle Market,Wings-focused restaurant,value-oriented trade area,wings and chicken-wing concentration,High,Young Demand High,Low,Stable,Medium,Low,Medium,High,High,Medium,Medium,High
1113067,Chick-fil-A,72301,72301,05035,West Memphis,AR,Crittenden,RURAL,4,Healthy Lifestyle Market,Chicken-focused restaurant,value-oriented trade area,fast-service concentration,High,Balanced Age Demand,Low,Stable,High,Low,Medium,Medium,High,Medium,Medium,High
2295186,Chick-fil-A,38637,38637,28033,Horn Lake,MS,DeSoto,RURAL,4,Healthy Lifestyle Market,Chicken-focused restaurant,mid-market trade area,wings and chicken-wing concentration,High,Balanced Age Demand,Medium,Stable,High,Medium,Low,High,Medium,High,Medium,High
2428942,Chipotle Mexican Grill,38017,38017,47157,Collierville,TN,Shelby,RURAL,13,Healthy Lifestyle Market,Mexican cuisine restaurant,higher-income trade area,health-oriented food concentration,High,Young Demand High,High,Growing,Medium,Low,Low,High,Medium,High,Medium,Low
2359008,Church's Texas Chicken,38118,38118,47157,Memphis,TN,Shelby,RURAL,4,Healthy Lifestyle Market,Wings-focused restaurant,value-oriented trade area,wings and chicken-wing concentration,High,Young Demand High,Low,Stable,Medium,Low,Medium,High,High,Medium,Medium,High
809925,Church's Texas Chicken,38116,38116,47157,Memphis,TN,Shelby,RURAL,4,Healthy Lifestyle Market,Wings-focused restaurant,value-oriented trade area,wings and chicken-wing concentration,High,Young Demand High,Low,Stable,High,Low,Low,High,High,Medium,Medium,High
2215823,Copacabana Acai,38111,38111,47157,Memphis,TN,Shelby,SUBURBAN,5,Comfort Dining Market,Health-oriented restaurant,mid-market trade area,health-oriented food concentration,High,Senior Demand High,Medium,Declining,High,Low,Low,High,Low,High,High,Medium
1614197,Desi Adda Memphis,38111,38111,47157,Memphis,TN,Shelby,SUBURBAN,5,Comfort Dining Market,Asian cuisine restaurant,mid-market trade area,health-oriented food concentration,High,Senior Demand High,Medium,Declining,High,Low,Low,High,Low,High,High,Medium
1699037,Domino's,38611,38611,28093,Byhalia,MS,Marshall,RURAL,13,Healthy Lifestyle Market,Wings-focused restaurant,mid-market trade area,health-oriented food concentration,High,Balanced Age Demand,Medium,Growing,Low,Medium,Medium,Medium,Medium,High,Medium,Medium
2121545,Domino's,38668,38668,28137,Senatobia,MS,Tate,RURAL,1,Social Dining Market,Wings-focused restaurant,mid-market trade area,beverage-led food concentration,High,Balanced Age Demand,Medium,Stable,Medium,Medium,Medium,Medium,Medium,Low,High,High
1926358,Domino's,38134,38134,47157,Memphis,TN,Shelby,RURAL,5,Comfort Dining Market,Wings-focused restaurant,mid-market trade area,health-oriented food concentration,High,Senior Demand High,Medium,Stable,High,Low,Low,High,Low,High,Medium,Medium
1117482,Firehouse Subs,38122,38122,47157,Memphis,TN,Shelby,SUBURBAN,4,Healthy Lifestyle Market,Fast-service restaurant,value-oriented trade area,health-oriented food concentration,High,Young Demand High,Low,Declining,High,Medium,Low,High,Low,High,Medium,Medium
1117731,Flying Saucer,38016,38016,47157,Cordova,TN,Shelby,RURAL,5,Comfort Dining Market,General restaurant,higher-income trade area,health-oriented food concentration,High,Senior Demand High,High,Stable,High,Low,Low,High,Low,High,High,Medium
2167620,Freddy's Frozen Custard &amp; Steakburgers,38637,38637,28033,Horn Lake,MS,DeSoto,RURAL,4,Healthy Lifestyle Market,Fast-service restaurant,mid-market trade area,wings and chicken-wing concentration,High,Balanced Age Demand,Medium,Stable,High,Medium,Low,High,Medium,High,Medium,High
1118377,Godfathers 450,72301,72301,05035,West Memphis,AR,Crittenden,RURAL,4,Healthy Lifestyle Market,General restaurant,value-oriented trade area,fast-service concentration,High,Balanced Age Demand,Low,Stable,High,Low,Medium,Medium,High,Medium,Medium,High
2216468,Homies LLC,72301,72301,05035,West Memphis,AR,Crittenden,RURAL,4,Healthy Lifestyle Market,Fast-service restaurant,value-oriented trade area,fast-service concentration,High,Balanced Age Demand,Low,Stable,High,Low,Medium,Medium,High,Medium,Medium,High
2440027,Hot Wing House,38114,38114,47157,Memphis,TN,Shelby,SUBURBAN,0,Social Dining Market,Wings-focused restaurant,value-oriented trade area,wings and chicken-wing concentration,High,Senior Demand High,Low,Declining,Medium,Medium,Medium,Medium,High,Medium,Low,High
1388095,KFC,38118,38118,47157,Memphis,TN,Shelby,RURAL,4,Healthy Lifestyle Market,Wings-focused restaurant,value-oriented trade area,wings and chicken-wing concentration,High,Young Demand High,Low,Stable,Medium,Low,Medium,High,High,Medium,Medium,High
1571353,Krispy Krunchy Chicken,38619,38619,28107,Como,MS,Panola,RURAL,10,Family Value Market,Chicken-focused restaurant,value-oriented trade area,fast-service concentration,High,Young Demand High,Low,Growing,Low,High,High,Low,High,Low,Low,Low
1733402,Krispy Krunchy Chicken,38668,38668,28137,Senatobia,MS,Tate,RURAL,1,Social Dining Market,Chicken-focused restaurant,mid-market trade area,beverage-led food concentration,High,Balanced Age Demand,Medium,Stable,Medium,Medium,Medium,Medium,Medium,Low,High,High
1700084,Krispy Krunchy Chicken,38654,38654,28033,Olive Branch,MS,DeSoto,RURAL,5,Comfort Dining Market,Wings-focused restaurant,higher-income trade area,beverage-led food concentration,High,Balanced Age Demand,High,Growing,High,Low,Low,High,Medium,Medium,High,Medium
1990510,Las Maria’s Modern Mexican Kitchen,38637,38637,28033,Horn Lake,MS,DeSoto,RURAL,4,Healthy Lifestyle Market,Mexican cuisine restaurant,mid-market trade area,wings and chicken-wing concentration,High,Balanced Age Demand,Medium,Stable,High,Medium,Low,High,Medium,High,Medium,High
1734294,Little Caesars,38134,38134,47157,Memphis,TN,Shelby,RURAL,5,Comfort Dining Market,Wings-focused restaurant,mid-market trade area,health-oriented food concentration,High,Senior Demand High,Medium,Stable,High,Low,Low,High,Low,High,Medium,Medium
1124079,Lobster King Cajun Seafood &amp; Wings,38654,38654,28033,Olive Branch,MS,DeSoto,RURAL,5,Comfort Dining Market,Wings-focused restaurant,higher-income trade area,beverage-led food concentration,High,Balanced Age Demand,High,Growing,High,Low,Low,High,Medium,Medium,High,Medium
2331097,Lost Pizza Co,38632,38632,28033,Hernando,MS,DeSoto,RURAL,1,Social Dining Market,Wings-focused restaurant,higher-income trade area,beverage-led food concentration,High,Balanced Age Demand,High,Growing,Medium,Medium,Medium,Medium,Medium,Medium,High,High
2433294,Lucky Chow,38116,38116,47157,Memphis,TN,Shelby,RURAL,4,Healthy Lifestyle Market,Wings-focused restaurant,value-oriented trade area,wings and chicken-wing concentration,High,Young Demand High,Low,Stable,High,Low,Low,High,High,Medium,Medium,High
814815,Marco's Pizza,38637,38637,28033,Horn Lake,MS,DeSoto,RURAL,4,Healthy Lifestyle Market,Wings-focused restaurant,mid-market trade area,wings and chicken-wing concentration,High,Balanced Age Demand,Medium,Stable,High,Medium,Low,High,Medium,High,Medium,High
180376,McDonald's®,38118,38118,47157,Memphis,TN,Shelby,RURAL,4,Healthy Lifestyle Market,Beverage-led restaurant,value-oriented trade area,wings and chicken-wing concentration,High,Young Demand High,Low,Stable,Medium,Low,Medium,High,High,Medium,Medium,High
2331130,McDonald's,38002,38002,47157,Arlington,TN,Shelby,RURAL,13,Healthy Lifestyle Market,Fast-service restaurant,higher-income trade area,health-oriented food concentration,High,Young Demand High,High,Growing,Medium,Low,Low,High,Medium,High,High,Medium
2433834,Milano's Pizza,38028,38028,47047,Eads,TN,Fayette,RURAL,7,Comfort Dining Market,Fast-service restaurant,higher-income trade area,fast-service concentration,High,Senior Demand High,High,Growing,Low,High,High,Low,High,Low,Low,Low
2276346,Nutrish by NQ,72396,72396,05037,Wynne,AR,Cross,RURAL,3,Youth Convenience Market,Health-oriented restaurant,mid-market trade area,health-oriented food concentration,High,Young Demand High,Medium,Stable,Medium,High,Medium,Low,Medium,High,Medium,Medium
809997,Old Whitten Tavern,38134,38134,47157,Memphis,TN,Shelby,RURAL,5,Comfort Dining Market,Beverage-led restaurant,mid-market trade area,health-oriented food concentration,High,Senior Demand High,Medium,Stable,High,Low,Low,High,Low,High,Medium,Medium
1736732,Papa Johns Pizza,38002,38002,47157,Arlington,TN,Shelby,RURAL,13,Healthy Lifestyle Market,Wings-focused restaurant,higher-income trade area,health-oriented food concentration,High,Young Demand High,High,Growing,Medium,Low,Low,High,Medium,High,High,Medium
1129323,Pizza Hut,38111,38111,47157,Memphis,TN,Shelby,SUBURBAN,5,Comfort Dining Market,Wings-focused restaurant,mid-market trade area,health-oriented food concentration,High,Senior Demand High,Medium,Declining,High,Low,Low,High,Low,High,High,Medium
1130524,Quintessential Sweets,38119,38119,47157,Memphis,TN,Shelby,SUBURBAN,5,Comfort Dining Market,General restaurant,higher-income trade area,beverage-led food concentration,High,Senior Demand High,High,Stable,High,Medium,Low,High,Low,Medium,High,Low
2121848,Rama pizza,38138,38138,47157,Germantown,TN,Shelby,RURAL,14,Social Dining Market,General restaurant,higher-income trade area,health-oriented food concentration,High,Young Demand High,High,Stable,High,Low,Medium,High,Low,High,High,Low
2217754,RawGirls,38119,38119,47157,Memphis,TN,Shelby,SUBURBAN,5,Comfort Dining Market,Health-oriented restaurant,higher-income trade area,beverage-led food concentration,High,Senior Demand High,High,Stable,High,Medium,Low,High,Low,Medium,High,Low
1738214,SAPPORO HIBACHI &amp; SUSHI RESTAURANT,38019,38019,47167,Covington,TN,Tipton,RURAL,4,Healthy Lifestyle Market,Asian cuisine restaurant,mid-market trade area,beverage-led food concentration,Medium,Balanced Age Demand,Medium,Stable,Medium,Medium,Medium,Medium,Medium,Low,Medium,Medium
1774264,Smoothie King,38002,38002,47157,Arlington,TN,Shelby,RURAL,13,Healthy Lifestyle Market,Health-oriented restaurant,higher-income trade area,health-oriented food concentration,High,Young Demand High,High,Growing,Medium,Low,Low,High,Medium,High,High,Medium
2307586,Starbucks,38122,38122,47157,Memphis,TN,Shelby,SUBURBAN,4,Healthy Lifestyle Market,Beverage-led restaurant,value-oriented trade area,health-oriented food concentration,High,Young Demand High,Low,Declining,High,Medium,Low,High,Low,High,Medium,Medium
2157890,Starbucks,38128,38128,47157,Memphis,TN,Shelby,RURAL,4,Healthy Lifestyle Market,Health-oriented restaurant,value-oriented trade area,wings and chicken-wing concentration,High,Young Demand High,Low,Stable,Medium,Low,Medium,High,High,Medium,Medium,High
1133456,Starbucks,38654,38654,28033,Olive Branch,MS,DeSoto,RURAL,5,Comfort Dining Market,Beverage-led restaurant,higher-income trade area,beverage-led food concentration,High,Balanced Age Demand,High,Growing,High,Low,Low,High,Medium,Medium,High,Medium
1133530,Starbucks,38104,38104,47157,Memphis,TN,Shelby,SUBURBAN,5,Comfort Dining Market,Beverage-led restaurant,mid-market trade area,beverage-led food concentration,High,Senior Demand High,Medium,Stable,High,Low,Low,High,Medium,High,High,Medium
1133676,Subarashi,38111,38111,47157,Memphis,TN,Shelby,SUBURBAN,5,Comfort Dining Market,Asian cuisine restaurant,mid-market trade area,health-oriented food concentration,High,Senior Demand High,Medium,Declining,High,Low,Low,High,Low,High,High,Medium
1134194,Subway,38112,38112,47157,Memphis,TN,Shelby,SUBURBAN,4,Healthy Lifestyle Market,Health-oriented restaurant,mid-market trade area,wings and chicken-wing concentration,Medium,Balanced Age Demand,Medium,Stable,High,Medium,Medium,High,Low,Medium,Medium,Medium
2540440,Subway,38109,38109,47157,Memphis,TN,Shelby,RURAL,6,Youth Convenience Market,Health-oriented restaurant,value-oriented trade area,wings and chicken-wing concentration,High,Balanced Age Demand,Low,Stable,Low,Low,Medium,Medium,High,Low,Medium,High
2436809,Subway,38118,38118,47157,Memphis,TN,Shelby,RURAL,4,Healthy Lifestyle Market,Health-oriented restaurant,value-oriented trade area,wings and chicken-wing concentration,High,Young Demand High,Low,Stable,Medium,Low,Medium,High,High,Medium,Medium,High
1205177,Taqueria Express #6,38115,38115,47157,Memphis,TN,Shelby,SUBURBAN,4,Healthy Lifestyle Market,Mexican cuisine restaurant,value-oriented trade area,wings and chicken-wing concentration,High,Senior Demand High,Low,Declining,High,Low,Medium,High,Medium,Medium,Low,High
1645885,Texas de Brazil,38103,38103,47157,Memphis,TN,Shelby,SUBURBAN,5,Comfort Dining Market,Health-oriented restaurant,higher-income trade area,beverage-led food concentration,High,Senior Demand High,High,Stable,High,Low,Medium,High,Low,Medium,High,Low
2031200,Tokyo House,38122,38122,47157,Memphis,TN,Shelby,SUBURBAN,4,Healthy Lifestyle Market,Asian cuisine restaurant,value-oriented trade area,health-oriented food concentration,High,Young Demand High,Low,Declining,High,Medium,Low,High,Low,High,Medium,Medium
717376,Tops Bar-B-Q,72364,72364,05035,Marion,AR,Crittenden,RURAL,13,Healthy Lifestyle Market,Beverage-led restaurant,higher-income trade area,health-oriented food concentration,Medium,Young Demand High,High,Stable,Medium,Medium,High,Medium,Medium,Medium,Medium,Medium
1139838,Wendy's,38053,38053,47157,Millington,TN,Shelby,RURAL,4,Healthy Lifestyle Market,Fast-service restaurant,mid-market trade area,beverage-led food concentration,High,Young Demand High,Medium,Declining,High,Medium,Medium,Medium,Medium,Medium,High,Medium
1140534,Wingstop,38117,38117,47157,Memphis,TN,Shelby,SUBURBAN,5,Comfort Dining Market,Wings-focused restaurant,higher-income trade area,beverage-led food concentration,High,Senior Demand High,High,Stable,High,Medium,Low,High,Low,High,High,Low
2249497,Wolf River Brisket Co,38139,38139,47157,Germantown,TN,Shelby,RURAL,14,Social Dining Market,Beverage-led restaurant,higher-income trade area,beverage-led food concentration,High,Young Demand High,High,Growing,Medium,High,Low,Medium,Low,Medium,High,Medium
1822245,The Grille,38115,38115,47157,Memphis,TN,Shelby,SUBURBAN,4,Healthy Lifestyle Market,Wings-focused restaurant,value-oriented trade area,wings and chicken-wing concentration,High,Senior Demand High,Low,Declining,High,Low,Medium,High,Medium,Medium,Low,High
1936428,Aldo's Pizza Pies,38103,38103,47157,Memphis,TN,Shelby,SUBURBAN,5,Comfort Dining Market,General restaurant,higher-income trade area,beverage-led food concentration,High,Senior Demand High,High,Stable,High,Low,Medium,High,Low,Medium,High,Low
699243,Fleming's Steakhouse,38119,38119,47157,Memphis,TN,Shelby,SUBURBAN,5,Comfort Dining Market,Seafood-focused restaurant,higher-income trade area,beverage-led food concentration,High,Senior Demand High,High,Stable,High,Medium,Low,High,Low,Medium,High,Low
369519,BB King's Blues Club,38138,38138,47157,Germantown,TN,Shelby,RURAL,14,Social Dining Market,General restaurant,higher-income trade area,health-oriented food concentration,High,Young Demand High,High,Stable,High,Low,Medium,High,Low,High,High,Low
714479,Chili's Grill & Bar,38017,38017,47157,Collierville,TN,Shelby,RURAL,13,Healthy Lifestyle Market,Wings-focused restaurant,higher-income trade area,health-oriented food concentration,High,Young Demand High,High,Growing,Medium,Low,Low,High,Medium,High,Medium,Low
1653514,G Alston,38016,38016,47157,Cordova,TN,Shelby,RURAL,5,Comfort Dining Market,General restaurant,higher-income trade area,health-oriented food concentration,High,Senior Demand High,High,Stable,High,Low,Low,High,Low,High,High,Medium
2489506,901 Wings,38632,38632,28033,Hernando,MS,DeSoto,RURAL,1,Social Dining Market,Wings-focused restaurant,higher-income trade area,beverage-led food concentration,High,Balanced Age Demand,High,Growing,Medium,Medium,Medium,Medium,Medium,Medium,High,High
2489700,"ALFRED'S ON BEALE
World Famous Beale St
alfredsonbealecom",38103,38103,47157,Memphis,TN,Shelby,SUBURBAN,5,Comfort Dining Market,Beverage-led restaurant,higher-income trade area,beverage-led food concentration,High,Senior Demand High,High,Stable,High,Low,Medium,High,Low,Medium,High,Low
1665638,Another Sip Cafe Inc,38103,38103,47157,Memphis,TN,Shelby,SUBURBAN,5,Comfort Dining Market,Beverage-led restaurant,higher-income trade area,beverage-led food concentration,High,Senior Demand High,High,Stable,High,Low,Medium,High,Low,Medium,High,Low
1096709,Belltower Coffee,38134,38134,47157,Memphis,TN,Shelby,RURAL,5,Comfort Dining Market,Beverage-led restaurant,mid-market trade area,health-oriented food concentration,High,Senior Demand High,Medium,Stable,High,Low,Low,High,Low,High,Medium,Medium
2192418,Crave Sweets  11615 US-,38002,38002,47157,Arlington,TN,Shelby,RURAL,13,Healthy Lifestyle Market,Beverage-led restaurant,higher-income trade area,health-oriented food concentration,High,Young Demand High,High,Growing,Medium,Low,Low,High,Medium,High,High,Medium
1991309,"CAFE OLE
Cooper Young Historic District
Memphis",38104,38104,47157,Memphis,TN,Shelby,SUBURBAN,5,Comfort Dining Market,General restaurant,mid-market trade area,beverage-led food concentration,High,Senior Demand High,Medium,Stable,High,Low,Low,High,Medium,High,High,Medium
1052081,Humdingers,38120,38120,47157,Memphis,TN,Shelby,RURAL,5,Comfort Dining Market,Seafood-focused restaurant,higher-income trade area,health-oriented food concentration,High,Young Demand High,High,Declining,Medium,High,Low,High,Medium,High,High,Low
1862293,Jamrack Restaurant and Bar,38104,38104,47157,Memphis,TN,Shelby,SUBURBAN,5,Comfort Dining Market,Wings-focused restaurant,mid-market trade area,beverage-led food concentration,High,Senior Demand High,Medium,Stable,High,Low,Low,High,Medium,High,High,Medium
1661249,Naline’s Kitchen,72396,72396,05037,Wynne,AR,Cross,RURAL,3,Youth Convenience Market,Chicken-focused restaurant,mid-market trade area,health-oriented food concentration,High,Young Demand High,Medium,Stable,Medium,High,Medium,Low,Medium,High,Medium,Medium
1884632,Pollard's BBQ,38116,38116,47157,Memphis,TN,Shelby,RURAL,4,Healthy Lifestyle Market,Beverage-led restaurant,value-oriented trade area,wings and chicken-wing concentration,High,Young Demand High,Low,Stable,High,Low,Low,High,High,Medium,Medium,High
1507205,Staks Kitchen,38138,38138,47157,Germantown,TN,Shelby,RURAL,14,Social Dining Market,Beverage-led restaurant,higher-income trade area,health-oriented food concentration,High,Young Demand High,High,Stable,High,Low,Medium,High,Low,High,High,Low
2579407,Swanky's Taco Shop,38117,38117,47157,Memphis,TN,Shelby,SUBURBAN,5,Comfort Dining Market,Mexican cuisine restaurant,higher-income trade area,beverage-led food concentration,High,Senior Demand High,High,Stable,High,Medium,Low,High,Low,High,High,Low
2248679,Tekila Mexican Cuisine / Steakhouse,38104,38104,47157,Memphis,TN,Shelby,SUBURBAN,5,Comfort Dining Market,Mexican cuisine restaurant,mid-market trade area,beverage-led food concentration,High,Senior Demand High,Medium,Stable,High,Low,Low,High,Medium,High,High,Medium
2477712,A &amp; D Buffalo,38122,38122,47157,Memphis,TN,Shelby,SUBURBAN,4,Healthy Lifestyle Market,Asian cuisine restaurant,value-oriented trade area,health-oriented food concentration,High,Young Demand High,Low,Declining,High,Medium,Low,High,Low,High,Medium,Medium
787020,Arby’s,72364,72364,05035,Marion,AR,Crittenden,RURAL,13,Healthy Lifestyle Market,Chicken-focused restaurant,higher-income trade area,health-oriented food concentration,Medium,Young Demand High,High,Stable,Medium,Medium,High,Medium,Medium,Medium,Medium,Medium
1164698,Benihana,38120,38120,47157,Memphis,TN,Shelby,RURAL,5,Comfort Dining Market,Asian cuisine restaurant,higher-income trade area,health-oriented food concentration,High,Young Demand High,High,Declining,Medium,High,Low,High,Medium,High,High,Low
2082542,Bora Bora Smoothie Cafe Memphis,38111,38111,47157,Memphis,TN,Shelby,SUBURBAN,5,Comfort Dining Market,Health-oriented restaurant,mid-market trade area,health-oriented food concentration,High,Senior Demand High,Medium,Declining,High,Low,Low,High,Low,High,High,Medium
2548103,Buddy V's Cake Slice,38637,38637,28033,Horn Lake,MS,DeSoto,RURAL,4,Healthy Lifestyle Market,Fast-service restaurant,mid-market trade area,wings and chicken-wing concentration,High,Balanced Age Demand,Medium,Stable,High,Medium,Low,High,Medium,High,Medium,High
1167112,Burger King,72396,72396,05037,Wynne,AR,Cross,RURAL,3,Youth Convenience Market,Fast-service restaurant,mid-market trade area,health-oriented food concentration,High,Young Demand High,Medium,Stable,Medium,High,Medium,Low,Medium,High,Medium,Medium
2235364,Burger King,38114,38114,47157,Memphis,TN,Shelby,SUBURBAN,0,Social Dining Market,Fast-service restaurant,value-oriented trade area,wings and chicken-wing concentration,High,Senior Demand High,Low,Declining,Medium,Medium,Medium,Medium,High,Medium,Low,High
1167332,Burger King,38111,38111,47157,Memphis,TN,Shelby,SUBURBAN,5,Comfort Dining Market,Fast-service restaurant,mid-market trade area,health-oriented food concentration,High,Senior Demand High,Medium,Declining,High,Low,Low,High,Low,High,High,Medium
2302685,Checkers,38104,38104,47157,Memphis,TN,Shelby,SUBURBAN,5,Comfort Dining Market,Fast-service restaurant,mid-market trade area,beverage-led food concentration,High,Senior Demand High,Medium,Stable,High,Low,Low,High,Medium,High,High,Medium
1169368,Chick-fil-A,38128,38128,47157,Memphis,TN,Shelby,RURAL,4,Healthy Lifestyle Market,Chicken-focused restaurant,value-oriented trade area,wings and chicken-wing concentration,High,Young Demand High,Low,Stable,Medium,Low,Medium,High,High,Medium,Medium,High
1169553,Chicken Salad Chick,38133,38133,47157,Memphis,TN,Shelby,RURAL,5,Comfort Dining Market,Chicken-focused restaurant,higher-income trade area,health-oriented food concentration,High,Balanced Age Demand,High,Stable,High,Low,Low,High,Medium,High,Medium,Medium
1764230,Chuck E Cheese,38016,38016,47157,Cordova,TN,Shelby,RURAL,5,Comfort Dining Market,General restaurant,higher-income trade area,health-oriented food concentration,High,Senior Demand High,High,Stable,High,Low,Low,High,Low,High,High,Medium
1390300,Church's Texas Chicken,38106,38106,47157,Memphis,TN,Shelby,RURAL,6,Youth Convenience Market,Wings-focused restaurant,value-oriented trade area,wings and chicken-wing concentration,High,Young Demand High,Low,Declining,Medium,Medium,Medium,Low,High,Low,Low,High
2480076,Crumbl,38654,38654,28033,Olive Branch,MS,DeSoto,RURAL,5,Comfort Dining Market,General restaurant,higher-income trade area,beverage-led food concentration,High,Balanced Age Demand,High,Growing,High,Low,Low,High,Medium,Medium,High,Medium
2480253,Dairy Queen,72301,72301,05035,West Memphis,AR,Crittenden,RURAL,4,Healthy Lifestyle Market,Chicken-focused restaurant,value-oriented trade area,fast-service concentration,High,Balanced Age Demand,Low,Stable,High,Low,Medium,Medium,High,Medium,Medium,High
2393802,DICK'S Sporting Goods,38119,38119,47157,Memphis,TN,Shelby,SUBURBAN,5,Comfort Dining Market,General restaurant,higher-income trade area,beverage-led food concentration,High,Senior Demand High,High,Stable,High,Medium,Low,High,Low,Medium,High,Low
1491222,Domino's,38637,38637,28033,Horn Lake,MS,DeSoto,RURAL,4,Healthy Lifestyle Market,Wings-focused restaurant,mid-market trade area,wings and chicken-wing concentration,High,Balanced Age Demand,Medium,Stable,High,Medium,Low,High,Medium,High,Medium,High
2228683,Domino's,38671,38671,28033,Southaven,MS,DeSoto,RURAL,4,Healthy Lifestyle Market,Wings-focused restaurant,mid-market trade area,beverage-led food concentration,High,Balanced Age Demand,Medium,Stable,High,Low,Low,High,Medium,Medium,High,High
1175591,Exquisite Taste,38117,38117,47157,Memphis,TN,Shelby,SUBURBAN,5,Comfort Dining Market,Wings-focused restaurant,higher-income trade area,beverage-led food concentration,High,Senior Demand High,High,Stable,High,Medium,Low,High,Low,High,High,Low
1176495,Focuz Lounge,38134,38134,47157,Memphis,TN,Shelby,RURAL,5,Comfort Dining Market,Mexican cuisine restaurant,mid-market trade area,health-oriented food concentration,High,Senior Demand High,Medium,Stable,High,Low,Low,High,Low,High,Medium,Medium
2220214,Guthrie's,38116,38116,47157,Memphis,TN,Shelby,RURAL,4,Healthy Lifestyle Market,Fast-service restaurant,value-oriented trade area,wings and chicken-wing concentration,High,Young Demand High,Low,Stable,High,Low,Low,High,High,Medium,Medium,High
2266764,Hangar 54 Pizza,38106,38106,47157,Memphis,TN,Shelby,RURAL,6,Youth Convenience Market,Fast-service restaurant,value-oriented trade area,wings and chicken-wing concentration,High,Young Demand High,Low,Declining,Medium,Medium,Medium,Low,High,Low,Low,High
2156708,Hot Off Joe's Grill,38068,38068,47047,Somerville,TN,Fayette,RURAL,1,Social Dining Market,Fast-service restaurant,mid-market trade area,beverage-led food concentration,High,Balanced Age Demand,Medium,Growing,Medium,Medium,High,Low,High,Medium,High,High
912364,KFC,38112,38112,47157,Memphis,TN,Shelby,SUBURBAN,4,Healthy Lifestyle Market,Wings-focused restaurant,mid-market trade area,wings and chicken-wing concentration,Medium,Balanced Age Demand,Medium,Stable,High,Medium,Medium,High,Low,Medium,Medium,Medium
1622575,KFC,72335,72335,05123,Forrest City,AR,St. Francis,RURAL,0,Social Dining Market,Chicken-focused restaurant,value-oriented trade area,fast-service concentration,High,Senior Demand High,Low,Declining,Medium,High,Medium,Medium,High,Medium,Medium,High
808053,KFC,38128,38128,47157,Memphis,TN,Shelby,RURAL,4,Healthy Lifestyle Market,Wings-focused restaurant,value-oriented trade area,wings and chicken-wing concentration,High,Young Demand High,Low,Stable,Medium,Low,Medium,High,High,Medium,Medium,High
1768619,KFC,38118,38118,47157,Memphis,TN,Shelby,RURAL,4,Healthy Lifestyle Market,Wings-focused restaurant,value-oriented trade area,wings and chicken-wing concentration,High,Young Demand High,Low,Stable,Medium,Low,Medium,High,High,Medium,Medium,High
1622639,Krispy Krunchy Chicken,38019,38019,47167,Covington,TN,Tipton,RURAL,4,Healthy Lifestyle Market,Chicken-focused restaurant,mid-market trade area,beverage-led food concentration,Medium,Balanced Age Demand,Medium,Stable,Medium,Medium,Medium,Medium,Medium,Low,Medium,Medium
2037021,La Cima Pizzeria,38122,38122,47157,Memphis,TN,Shelby,SUBURBAN,4,Healthy Lifestyle Market,General restaurant,value-oriented trade area,health-oriented food concentration,High,Young Demand High,Low,Declining,High,Medium,Low,High,Low,High,Medium,Medium
2483903,Luula Halal Restaurant,38112,38112,47157,Memphis,TN,Shelby,SUBURBAN,4,Healthy Lifestyle Market,General restaurant,mid-market trade area,wings and chicken-wing concentration,Medium,Balanced Age Demand,Medium,Stable,High,Medium,Medium,High,Low,Medium,Medium,Medium
831883,Marco's Pizza,38654,38654,28033,Olive Branch,MS,DeSoto,RURAL,5,Comfort Dining Market,Wings-focused restaurant,higher-income trade area,beverage-led food concentration,High,Balanced Age Demand,High,Growing,High,Low,Low,High,Medium,Medium,High,Medium
2549808,Margarita's Mexican Restaurant,38016,38016,47157,Cordova,TN,Shelby,RURAL,5,Comfort Dining Market,Mexican cuisine restaurant,higher-income trade area,health-oriented food concentration,High,Senior Demand High,High,Stable,High,Low,Low,High,Low,High,High,Medium
1852773,McDonald's,38666,38666,28107,Sardis,MS,Panola,RURAL,9,Youth Convenience Market,Beverage-led restaurant,value-oriented trade area,beverage-led food concentration,High,Young Demand High,Low,Declining,Low,High,High,Low,High,Low,High,Low
2015904,Memphis Mojo Cafe,38002,38002,47157,Arlington,TN,Shelby,RURAL,13,Healthy Lifestyle Market,Fast-service restaurant,higher-income trade area,health-oriented food concentration,High,Young Demand High,High,Growing,Medium,Low,Low,High,Medium,High,High,Medium
1395157,Peach Cobbler Factory,38004,38004,47167,Atoka,TN,Tipton,RURAL,1,Social Dining Market,General restaurant,higher-income trade area,wings and chicken-wing concentration,Medium,Senior Demand High,High,Growing,Medium,Medium,Low,Medium,Low,Low,Low,Medium
2221379,Perkins American Food Co,38117,38117,47157,Memphis,TN,Shelby,SUBURBAN,5,Comfort Dining Market,Health-oriented restaurant,higher-income trade area,beverage-led food concentration,High,Senior Demand High,High,Stable,High,Medium,Low,High,Low,High,High,Low
1397445,Pizza Hut,38632,38632,28033,Hernando,MS,DeSoto,RURAL,1,Social Dining Market,Wings-focused restaurant,higher-income trade area,beverage-led food concentration,High,Balanced Age Demand,High,Growing,Medium,Medium,Medium,Medium,Medium,Medium,High,High
1194784,Pizza Hut,38122,38122,47157,Memphis,TN,Shelby,SUBURBAN,4,Healthy Lifestyle Market,Wings-focused restaurant,value-oriented trade area,health-oriented food concentration,High,Young Demand High,Low,Declining,High,Medium,Low,High,Low,High,Medium,Medium
1194962,Pizza Hut,38018,38018,47157,Cordova,TN,Shelby,RURAL,5,Comfort Dining Market,Wings-focused restaurant,higher-income trade area,health-oriented food concentration,High,Senior Demand High,High,Growing,High,Low,Low,High,Medium,High,Medium,Medium
439956,Popeyes,38127,38127,47157,Memphis,TN,Shelby,RURAL,6,Youth Convenience Market,Wings-focused restaurant,value-oriented trade area,wings and chicken-wing concentration,High,Young Demand High,Low,Declining,Medium,Medium,Medium,Medium,High,Medium,Low,High
2221533,Ramblin' Joe's Coffee,38112,38112,47157,Memphis,TN,Shelby,SUBURBAN,4,Healthy Lifestyle Market,Beverage-led restaurant,mid-market trade area,wings and chicken-wing concentration,Medium,Balanced Age Demand,Medium,Stable,High,Medium,Medium,High,Low,Medium,Medium,Medium
1074250,Red Hook Cajun Seafood &amp; Bar,38119,38119,47157,Memphis,TN,Shelby,SUBURBAN,5,Comfort Dining Market,Seafood-focused restaurant,higher-income trade area,beverage-led food concentration,High,Senior Demand High,High,Stable,High,Medium,Low,High,Low,Medium,High,Low
2486594,Sensational Saladz,38118,38118,47157,Memphis,TN,Shelby,RURAL,4,Healthy Lifestyle Market,Fast-service restaurant,value-oriented trade area,wings and chicken-wing concentration,High,Young Demand High,Low,Stable,Medium,Low,Medium,High,High,Medium,Medium,High
2332347,Sharks fish and chicken,72396,72396,05037,Wynne,AR,Cross,RURAL,3,Youth Convenience Market,Seafood-focused restaurant,mid-market trade area,health-oriented food concentration,High,Young Demand High,Medium,Stable,Medium,High,Medium,Low,Medium,High,Medium,Medium
1774254,Smoothie King,38111,38111,47157,Memphis,TN,Shelby,SUBURBAN,5,Comfort Dining Market,Health-oriented restaurant,mid-market trade area,health-oriented food concentration,High,Senior Demand High,Medium,Declining,High,Low,Low,High,Low,High,High,Medium
1774257,Smoothie King,38117,38117,47157,Memphis,TN,Shelby,SUBURBAN,5,Comfort Dining Market,Health-oriented restaurant,higher-income trade area,beverage-led food concentration,High,Senior Demand High,High,Stable,High,Medium,Low,High,Low,High,High,Low
2394586,Smoothie King,38002,38002,47157,Arlington,TN,Shelby,RURAL,13,Healthy Lifestyle Market,Health-oriented restaurant,higher-income trade area,health-oriented food concentration,High,Young Demand High,High,Growing,Medium,Low,Low,High,Medium,High,High,Medium
1389948,Subway,38119,38119,47157,Memphis,TN,Shelby,SUBURBAN,5,Comfort Dining Market,Health-oriented restaurant,higher-income trade area,beverage-led food concentration,High,Senior Demand High,High,Stable,High,Medium,Low,High,Low,Medium,High,Low
2551197,The French Toaster,38114,38114,47157,Memphis,TN,Shelby,SUBURBAN,0,Social Dining Market,Fast-service restaurant,value-oriented trade area,wings and chicken-wing concentration,High,Senior Demand High,Low,Declining,Medium,Medium,Medium,Medium,High,Medium,Low,High
1209141,Tropical Smoothie,38053,38053,47157,Millington,TN,Shelby,RURAL,4,Healthy Lifestyle Market,Health-oriented restaurant,mid-market trade area,beverage-led food concentration,High,Young Demand High,Medium,Declining,High,Medium,Medium,Medium,Medium,Medium,High,Medium
2222507,Uncle Jimmy's Deli,38637,38637,28033,Horn Lake,MS,DeSoto,RURAL,4,Healthy Lifestyle Market,Health-oriented restaurant,mid-market trade area,wings and chicken-wing concentration,High,Balanced Age Demand,Medium,Stable,High,Medium,Low,High,Medium,High,Medium,High
2180133,Wendy's,38637,38637,28033,Horn Lake,MS,DeSoto,RURAL,4,Healthy Lifestyle Market,Fast-service restaurant,mid-market trade area,wings and chicken-wing concentration,High,Balanced Age Demand,Medium,Stable,High,Medium,Low,High,Medium,High,Medium,High
1211697,Wild Burger,38133,38133,47157,Memphis,TN,Shelby,RURAL,5,Comfort Dining Market,Fast-service restaurant,higher-income trade area,health-oriented food concentration,High,Balanced Age Demand,High,Stable,High,Low,Low,High,Medium,High,Medium,Medium
1899966,Wingstop,38122,38122,47157,Memphis,TN,Shelby,SUBURBAN,4,Healthy Lifestyle Market,Wings-focused restaurant,value-oriented trade area,health-oriented food concentration,High,Young Demand High,Low,Declining,High,Medium,Low,High,Low,High,Medium,Medium
2551529,Wingstop,38671,38671,28033,Southaven,MS,DeSoto,RURAL,4,Healthy Lifestyle Market,Wings-focused restaurant,mid-market trade area,beverage-led food concentration,High,Balanced Age Demand,Medium,Stable,High,Low,Low,High,Medium,Medium,High,High
1213138,Zaxbys,38117,38117,47157,Memphis,TN,Shelby,SUBURBAN,5,Comfort Dining Market,Wings-focused restaurant,higher-income trade area,beverage-led food concentration,High,Senior Demand High,High,Stable,High,Medium,Low,High,Low,High,High,Low
1777922,Zaxbys,38637,38637,28033,Horn Lake,MS,DeSoto,RURAL,4,Healthy Lifestyle Market,Wings-focused restaurant,mid-market trade area,wings and chicken-wing concentration,High,Balanced Age Demand,Medium,Stable,High,Medium,Low,High,Medium,High,Medium,High
2453420,MEMPHIS,38119,38119,47157,Memphis,TN,Shelby,SUBURBAN,5,Comfort Dining Market,General restaurant,higher-income trade area,beverage-led food concentration,High,Senior Demand High,High,Stable,High,Medium,Low,High,Low,Medium,High,Low
2451982,NUEVO AMIGOS RESTAURANT,38134,38134,47157,Memphis,TN,Shelby,RURAL,5,Comfort Dining Market,General restaurant,mid-market trade area,health-oriented food concentration,High,Senior Demand High,Medium,Stable,High,Low,Low,High,Low,High,Medium,Medium
369663,Sekisui,38134,38134,47157,Memphis,TN,Shelby,RURAL,5,Comfort Dining Market,Asian cuisine restaurant,mid-market trade area,health-oriented food concentration,High,Senior Demand High,Medium,Stable,High,Low,Low,High,Low,High,Medium,Medium
2511977,The Chicken Coop#2,38654,38654,28033,Olive Branch,MS,DeSoto,RURAL,5,Comfort Dining Market,Wings-focused restaurant,higher-income trade area,beverage-led food concentration,High,Balanced Age Demand,High,Growing,High,Low,Low,High,Medium,Medium,High,Medium
2533994,Crump's Fish & Wings,38115,38115,47157,Memphis,TN,Shelby,SUBURBAN,4,Healthy Lifestyle Market,Wings-focused restaurant,value-oriented trade area,wings and chicken-wing concentration,High,Senior Demand High,Low,Declining,High,Low,Medium,High,Medium,Medium,Low,High
2106241,Feast and Graze,38111,38111,47157,Memphis,TN,Shelby,SUBURBAN,5,Comfort Dining Market,Fast-service restaurant,mid-market trade area,health-oriented food concentration,High,Senior Demand High,Medium,Declining,High,Low,Low,High,Low,High,High,Medium
2466701,Memphis Cookie Company,38115,38115,47157,Memphis,TN,Shelby,SUBURBAN,4,Healthy Lifestyle Market,General restaurant,value-oriented trade area,wings and chicken-wing concentration,High,Senior Demand High,Low,Declining,High,Low,Medium,High,Medium,Medium,Low,High
2046402,Kat's Sourdough and Juice Bar,38138,38138,47157,Germantown,TN,Shelby,RURAL,14,Social Dining Market,Health-oriented restaurant,higher-income trade area,health-oriented food concentration,High,Young Demand High,High,Stable,High,Low,Medium,High,Low,High,High,Low
2441941,Shawarma To Go Corp,38118,38118,47157,Memphis,TN,Shelby,RURAL,4,Healthy Lifestyle Market,General restaurant,value-oriented trade area,wings and chicken-wing concentration,High,Young Demand High,Low,Stable,Medium,Low,Medium,High,High,Medium,Medium,High
1251275,Smackers,38111,38111,47157,Memphis,TN,Shelby,SUBURBAN,5,Comfort Dining Market,Wings-focused restaurant,mid-market trade area,health-oriented food concentration,High,Senior Demand High,Medium,Declining,High,Low,Low,High,Low,High,High,Medium
2545620,So Icy Italian Ice,38603,38603,28009,Ashland,MS,Benton,RURAL,6,Youth Convenience Market,Wings-focused restaurant,value-oriented trade area,wings and chicken-wing concentration,High,Balanced Age Demand,Low,Declining,Low,High,High,Low,High,Low,Low,High
391814,Jack Binion's Steakhouse,38664,38664,28143,Robinsonville,MS,Tunica,RURAL,5,Comfort Dining Market,General restaurant,mid-market trade area,fast-service concentration,Low,Senior Demand High,Medium,Growing,High,High,Medium,Medium,Low,Medium,Medium,Low
2155784,American Deli,38115,38115,47157,Memphis,TN,Shelby,SUBURBAN,4,Healthy Lifestyle Market,Wings-focused restaurant,value-oriented trade area,wings and chicken-wing concentration,High,Senior Demand High,Low,Declining,High,Low,Medium,High,Medium,Medium,Low,High
2041628,American Deli,38671,38671,28033,Southaven,MS,DeSoto,RURAL,4,Healthy Lifestyle Market,Wings-focused restaurant,mid-market trade area,beverage-led food concentration,High,Balanced Age Demand,Medium,Stable,High,Low,Low,High,Medium,Medium,High,High
814693,Auntie Anne's,38671,38671,28033,Southaven,MS,DeSoto,RURAL,4,Healthy Lifestyle Market,Fast-service restaurant,mid-market trade area,beverage-led food concentration,High,Balanced Age Demand,Medium,Stable,High,Low,Low,High,Medium,Medium,High,High
2551864,Bakery by Perkins,38111,38111,47157,Memphis,TN,Shelby,SUBURBAN,5,Comfort Dining Market,Fast-service restaurant,mid-market trade area,health-oriented food concentration,High,Senior Demand High,Medium,Declining,High,Low,Low,High,Low,High,High,Medium
2173714,Burger King,72335,72335,05123,Forrest City,AR,St. Francis,RURAL,0,Social Dining Market,Fast-service restaurant,value-oriented trade area,fast-service concentration,High,Senior Demand High,Low,Declining,Medium,High,Medium,Medium,High,Medium,Medium,High
439616,Burger King,38127,38127,47157,Memphis,TN,Shelby,RURAL,6,Youth Convenience Market,Fast-service restaurant,value-oriented trade area,wings and chicken-wing concentration,High,Young Demand High,Low,Declining,Medium,Medium,Medium,Medium,High,Medium,Low,High
2194598,Captain D's,38002,38002,47157,Arlington,TN,Shelby,RURAL,13,Healthy Lifestyle Market,Seafood-focused restaurant,higher-income trade area,health-oriented food concentration,High,Young Demand High,High,Growing,Medium,Low,Low,High,Medium,High,High,Medium
1002199,Captain D's,38118,38118,47157,Memphis,TN,Shelby,RURAL,4,Healthy Lifestyle Market,Seafood-focused restaurant,value-oriented trade area,wings and chicken-wing concentration,High,Young Demand High,Low,Stable,Medium,Low,Medium,High,High,Medium,Medium,High
809899,Chipotle Mexican Grill,38104,38104,47157,Memphis,TN,Shelby,SUBURBAN,5,Comfort Dining Market,Mexican cuisine restaurant,mid-market trade area,beverage-led food concentration,High,Senior Demand High,Medium,Stable,High,Low,Low,High,Medium,High,High,Medium
2194713,Chipotle Mexican Grill,38133,38133,47157,Memphis,TN,Shelby,RURAL,5,Comfort Dining Market,Mexican cuisine restaurant,higher-income trade area,health-oriented food concentration,High,Balanced Age Demand,High,Stable,High,Low,Low,High,Medium,High,Medium,Medium
1396034,Church's Texas Chicken,38108,38108,47157,Memphis,TN,Shelby,RURAL,6,Youth Convenience Market,Wings-focused restaurant,value-oriented trade area,wings and chicken-wing concentration,High,Young Demand High,Low,Stable,Low,Medium,High,Low,Medium,Medium,Medium,High
1170681,Church's Texas Chicken,38105,38105,47157,Memphis,TN,Shelby,SUBURBAN,0,Social Dining Market,Wings-focused restaurant,value-oriented trade area,health-oriented food concentration,High,Senior Demand High,Low,Declining,High,High,Medium,Medium,High,High,High,High
2491930,Crumbl,38138,38138,47157,Germantown,TN,Shelby,RURAL,14,Social Dining Market,General restaurant,higher-income trade area,health-oriented food concentration,High,Young Demand High,High,Stable,High,Low,Medium,High,Low,High,High,Low
2552600,Dixie Queen,38116,38116,47157,Memphis,TN,Shelby,RURAL,4,Healthy Lifestyle Market,Wings-focused restaurant,value-oriented trade area,wings and chicken-wing concentration,High,Young Demand High,Low,Stable,High,Low,Low,High,High,Medium,Medium,High
2492503,Dodge's Southern Style,72301,72301,05035,West Memphis,AR,Crittenden,RURAL,4,Healthy Lifestyle Market,Chicken-focused restaurant,value-oriented trade area,fast-service concentration,High,Balanced Age Demand,Low,Stable,High,Low,Medium,Medium,High,Medium,Medium,High
1939535,Dunkin',38018,38018,47157,Cordova,TN,Shelby,RURAL,5,Comfort Dining Market,Beverage-led restaurant,higher-income trade area,health-oriented food concentration,High,Senior Demand High,High,Growing,High,Low,Low,High,Medium,High,Medium,Medium
2552678,Dunkin',38632,38632,28033,Hernando,MS,DeSoto,RURAL,1,Social Dining Market,Beverage-led restaurant,higher-income trade area,beverage-led food concentration,High,Balanced Age Demand,High,Growing,Medium,Medium,Medium,Medium,Medium,Medium,High,High
1765639,Egg Drop,38103,38103,47157,Memphis,TN,Shelby,SUBURBAN,5,Comfort Dining Market,Fast-service restaurant,higher-income trade area,beverage-led food concentration,High,Senior Demand High,High,Stable,High,Low,Medium,High,Low,Medium,High,Low
2481114,El Nopal Mexican Restaurant,38060,38060,47047,Oakland,TN,Fayette,RURAL,5,Comfort Dining Market,Mexican cuisine restaurant,higher-income trade area,wings and chicken-wing concentration,High,Senior Demand High,High,Growing,High,Medium,Low,Medium,Low,Medium,Medium,High
2085012,Flames Mediterranean &amp; Grill,38122,38122,47157,Memphis,TN,Shelby,SUBURBAN,4,Healthy Lifestyle Market,Health-oriented restaurant,value-oriented trade area,health-oriented food concentration,High,Young Demand High,Low,Declining,High,Medium,Low,High,Low,High,Medium,Medium
1766461,Get Baked,38128,38128,47157,Memphis,TN,Shelby,RURAL,4,Healthy Lifestyle Market,General restaurant,value-oriented trade area,wings and chicken-wing concentration,High,Young Demand High,Low,Stable,Medium,Low,Medium,High,High,Medium,Medium,High
2085080,Holy Moly Taqueria,38060,38060,47047,Oakland,TN,Fayette,RURAL,5,Comfort Dining Market,Mexican cuisine restaurant,higher-income trade area,wings and chicken-wing concentration,High,Senior Demand High,High,Growing,High,Medium,Low,Medium,Low,Medium,Medium,High
2195460,Homestyle Fried Chicken,38104,38104,47157,Memphis,TN,Shelby,SUBURBAN,5,Comfort Dining Market,Wings-focused restaurant,mid-market trade area,beverage-led food concentration,High,Senior Demand High,Medium,Stable,High,Low,Low,High,Medium,High,High,Medium
2384300,Hook and Hen,38109,38109,47157,Memphis,TN,Shelby,RURAL,6,Youth Convenience Market,Fast-service restaurant,value-oriented trade area,wings and chicken-wing concentration,High,Balanced Age Demand,Low,Stable,Low,Low,Medium,Medium,High,Low,Medium,High
1180142,IHOP,72301,72301,05035,West Memphis,AR,Crittenden,RURAL,4,Healthy Lifestyle Market,Fast-service restaurant,value-oriented trade area,fast-service concentration,High,Balanced Age Demand,Low,Stable,High,Low,Medium,Medium,High,Medium,Medium,High
2041006,It's A Vibe,38116,38116,47157,Memphis,TN,Shelby,RURAL,4,Healthy Lifestyle Market,Wings-focused restaurant,value-oriented trade area,wings and chicken-wing concentration,High,Young Demand High,Low,Stable,High,Low,Low,High,High,Medium,Medium,High
2494606,Jack's,38118,38118,47157,Memphis,TN,Shelby,RURAL,4,Healthy Lifestyle Market,Fast-service restaurant,value-oriented trade area,wings and chicken-wing concentration,High,Young Demand High,Low,Stable,Medium,Low,Medium,High,High,Medium,Medium,High
1670173,JD Sports,38133,38133,47157,Memphis,TN,Shelby,RURAL,5,Comfort Dining Market,General restaurant,higher-income trade area,health-oriented food concentration,High,Balanced Age Demand,High,Stable,High,Low,Low,High,Medium,High,Medium,Medium
810078,JR Fish And Chicken,38127,38127,47157,Memphis,TN,Shelby,RURAL,6,Youth Convenience Market,Fast-service restaurant,value-oriented trade area,wings and chicken-wing concentration,High,Young Demand High,Low,Declining,Medium,Medium,Medium,Medium,High,Medium,Low,High
2494952,Just Love Coffee Cafe,38104,38104,47157,Memphis,TN,Shelby,SUBURBAN,5,Comfort Dining Market,Beverage-led restaurant,mid-market trade area,beverage-led food concentration,High,Senior Demand High,Medium,Stable,High,Low,Low,High,Medium,High,High,Medium
197784,KFC,38105,38105,47157,Memphis,TN,Shelby,SUBURBAN,0,Social Dining Market,Wings-focused restaurant,value-oriented trade area,health-oriented food concentration,High,Senior Demand High,Low,Declining,High,High,Medium,Medium,High,High,High,High
913099,KFC,38134,38134,47157,Memphis,TN,Shelby,RURAL,5,Comfort Dining Market,Wings-focused restaurant,mid-market trade area,health-oriented food concentration,High,Senior Demand High,Medium,Stable,High,Low,Low,High,Low,High,Medium,Medium
831091,KFC,38654,38654,28033,Olive Branch,MS,DeSoto,RURAL,5,Comfort Dining Market,Wings-focused restaurant,higher-income trade area,beverage-led food concentration,High,Balanced Age Demand,High,Growing,High,Low,Low,High,Medium,Medium,High,Medium
1184596,La Pasta Cucina,38135,38135,47157,Memphis,TN,Shelby,RURAL,12,Healthy Lifestyle Market,Health-oriented restaurant,higher-income trade area,health-oriented food concentration,High,Balanced Age Demand,High,Growing,Low,High,Low,Medium,Medium,High,Low,Medium
2483516,Las Islas Marias,38118,38118,47157,Memphis,TN,Shelby,RURAL,4,Healthy Lifestyle Market,Mexican cuisine restaurant,value-oriented trade area,wings and chicken-wing concentration,High,Young Demand High,Low,Stable,Medium,Low,Medium,High,High,Medium,Medium,High
2297313,Lenny's Grill &amp; Subs,38118,38118,47157,Memphis,TN,Shelby,RURAL,4,Healthy Lifestyle Market,Fast-service restaurant,value-oriented trade area,wings and chicken-wing concentration,High,Young Demand High,Low,Stable,Medium,Low,Medium,High,High,Medium,Medium,High
1843689,Leonard's Pit BBQ,38016,38016,47157,Cordova,TN,Shelby,RURAL,5,Comfort Dining Market,Beverage-led restaurant,higher-income trade area,health-oriented food concentration,High,Senior Demand High,High,Stable,High,Low,Low,High,Low,High,High,Medium
809956,Little Caesars,38141,38141,47157,Memphis,TN,Shelby,SUBURBAN,1,Social Dining Market,Wings-focused restaurant,mid-market trade area,wings and chicken-wing concentration,High,Balanced Age Demand,Medium,Growing,Medium,Medium,Medium,Medium,High,Medium,Medium,High
2238102,McDonald's®,38058,38058,47167,Munford,TN,Tipton,RURAL,1,Social Dining Market,Beverage-led restaurant,higher-income trade area,health-oriented food concentration,High,Balanced Age Demand,High,Growing,Low,High,High,Medium,High,High,High,High
2268357,McDonald's,38068,38068,47047,Somerville,TN,Fayette,RURAL,1,Social Dining Market,Beverage-led restaurant,mid-market trade area,beverage-led food concentration,High,Balanced Age Demand,Medium,Growing,Medium,Medium,High,Low,High,Medium,High,High
2089028,McDonald's,38060,38060,47047,Oakland,TN,Fayette,RURAL,5,Comfort Dining Market,Beverage-led restaurant,higher-income trade area,wings and chicken-wing concentration,High,Senior Demand High,High,Growing,High,Medium,Low,Medium,Low,Medium,Medium,High
179136,McDonald's®,38116,38116,47157,Memphis,TN,Shelby,RURAL,4,Healthy Lifestyle Market,Beverage-led restaurant,value-oriented trade area,wings and chicken-wing concentration,High,Young Demand High,Low,Stable,High,Low,Low,High,High,Medium,Medium,High
2336550,Mi Palmar,38122,38122,47157,Memphis,TN,Shelby,SUBURBAN,4,Healthy Lifestyle Market,Mexican cuisine restaurant,value-oriented trade area,health-oriented food concentration,High,Young Demand High,Low,Declining,High,Medium,Low,High,Low,High,Medium,Medium
1771001,Mugshots Grill & Bar Collierville,38017,38017,47157,Collierville,TN,Shelby,RURAL,13,Healthy Lifestyle Market,Beverage-led restaurant,higher-income trade area,health-oriented food concentration,High,Young Demand High,High,Growing,Medium,Low,Low,High,Medium,High,Medium,Low
773485,Osaka Japanese Cuisine,38017,38017,47157,Collierville,TN,Shelby,RURAL,13,Healthy Lifestyle Market,Asian cuisine restaurant,higher-income trade area,health-oriented food concentration,High,Young Demand High,High,Growing,Medium,Low,Low,High,Medium,High,Medium,Low
858233,Outback Steakhouse,38016,38016,47157,Cordova,TN,Shelby,RURAL,5,Comfort Dining Market,General restaurant,higher-income trade area,health-oriented food concentration,High,Senior Demand High,High,Stable,High,Low,Low,High,Low,High,High,Medium
2276569,Papa Johns Pizza,38135,38135,47157,Memphis,TN,Shelby,RURAL,12,Healthy Lifestyle Market,Wings-focused restaurant,higher-income trade area,health-oriented food concentration,High,Balanced Age Demand,High,Growing,Low,High,Low,Medium,Medium,High,Low,Medium
2276846,Pizza Hut,38668,38668,28137,Senatobia,MS,Tate,RURAL,1,Social Dining Market,Wings-focused restaurant,mid-market trade area,beverage-led food concentration,High,Balanced Age Demand,Medium,Stable,Medium,Medium,Medium,Medium,Medium,Low,High,High
1194591,Pizza Hut,72396,72396,05037,Wynne,AR,Cross,RURAL,3,Youth Convenience Market,Wings-focused restaurant,mid-market trade area,health-oriented food concentration,High,Young Demand High,Medium,Stable,Medium,High,Medium,Low,Medium,High,Medium,Medium
2485758,Popeyes,38053,38053,47157,Millington,TN,Shelby,RURAL,4,Healthy Lifestyle Market,Wings-focused restaurant,mid-market trade area,beverage-led food concentration,High,Young Demand High,Medium,Declining,High,Medium,Medium,Medium,Medium,Medium,High,Medium
1196381,Raleigh Community Market,38128,38128,47157,Memphis,TN,Shelby,RURAL,4,Healthy Lifestyle Market,Fast-service restaurant,value-oriented trade area,wings and chicken-wing concentration,High,Young Demand High,Low,Stable,Medium,Low,Medium,High,High,Medium,Medium,High
2239798,Rise Southern Biscuits & Righteous Chicken,38138,38138,47157,Germantown,TN,Shelby,RURAL,14,Social Dining Market,Chicken-focused restaurant,higher-income trade area,health-oriented food concentration,High,Young Demand High,High,Stable,High,Low,Medium,High,Low,High,High,Low
2262296,Sakura Japanese Restaurant,38017,38017,47157,Collierville,TN,Shelby,RURAL,13,Healthy Lifestyle Market,Asian cuisine restaurant,higher-income trade area,health-oriented food concentration,High,Young Demand High,High,Growing,Medium,Low,Low,High,Medium,High,Medium,Low
1898178,Sally Beauty,38134,38134,47157,Memphis,TN,Shelby,RURAL,5,Comfort Dining Market,General restaurant,mid-market trade area,health-oriented food concentration,High,Senior Demand High,Medium,Stable,High,Low,Low,High,Low,High,Medium,Medium
1774234,Smoothie King,38128,38128,47157,Memphis,TN,Shelby,RURAL,4,Healthy Lifestyle Market,Health-oriented restaurant,value-oriented trade area,wings and chicken-wing concentration,High,Young Demand High,Low,Stable,Medium,Low,Medium,High,High,Medium,Medium,High
2336761,Staks! Kitchen,38672,38672,28033,Southaven,MS,DeSoto,RURAL,13,Healthy Lifestyle Market,Fast-service restaurant,higher-income trade area,health-oriented food concentration,High,Young Demand High,High,Growing,High,Medium,Low,Medium,Medium,High,High,Medium
2285068,Starbucks,38632,38632,28033,Hernando,MS,DeSoto,RURAL,1,Social Dining Market,Beverage-led restaurant,higher-income trade area,beverage-led food concentration,High,Balanced Age Demand,High,Growing,Medium,Medium,Medium,Medium,Medium,Medium,High,High
2407115,Subway,38068,38068,47047,Somerville,TN,Fayette,RURAL,1,Social Dining Market,Health-oriented restaurant,mid-market trade area,beverage-led food concentration,High,Balanced Age Demand,Medium,Growing,Medium,Medium,High,Low,High,Medium,High,High
2487320,Subway,72396,72396,05037,Wynne,AR,Cross,RURAL,3,Youth Convenience Market,Health-oriented restaurant,mid-market trade area,health-oriented food concentration,High,Young Demand High,Medium,Stable,Medium,High,Medium,Low,Medium,High,Medium,Medium
2307910,Subway,38127,38127,47157,Memphis,TN,Shelby,RURAL,6,Youth Convenience Market,Health-oriented restaurant,value-oriented trade area,wings and chicken-wing concentration,High,Young Demand High,Low,Declining,Medium,Medium,Medium,Medium,High,Medium,Low,High
2277906,Subway,38618,38618,28137,Coldwater,MS,Tate,RURAL,3,Youth Convenience Market,Health-oriented restaurant,mid-market trade area,health-oriented food concentration,High,Balanced Age Demand,Medium,Declining,Low,High,High,Low,Low,High,Low,Low
809945,Taco Bell,38118,38118,47157,Memphis,TN,Shelby,RURAL,4,Healthy Lifestyle Market,Mexican cuisine restaurant,value-oriented trade area,wings and chicken-wing concentration,High,Young Demand High,Low,Stable,Medium,Low,Medium,High,High,Medium,Medium,High
1492856,Tbaar,38672,38672,28033,Southaven,MS,DeSoto,RURAL,13,Healthy Lifestyle Market,Asian cuisine restaurant,higher-income trade area,health-oriented food concentration,High,Young Demand High,High,Growing,High,Medium,Low,Medium,Medium,High,High,Medium
1776155,The Burger Den,72301,72301,05035,West Memphis,AR,Crittenden,RURAL,4,Healthy Lifestyle Market,Health-oriented restaurant,value-oriented trade area,fast-service concentration,High,Balanced Age Demand,Low,Stable,High,Low,Medium,Medium,High,Medium,Medium,High
1207574,The Meltdown,72301,72301,05035,West Memphis,AR,Crittenden,RURAL,4,Healthy Lifestyle Market,Fast-service restaurant,value-oriented trade area,fast-service concentration,High,Balanced Age Demand,Low,Stable,High,Low,Medium,Medium,High,Medium,Medium,High
2126390,The Peach Cobbler Factory,38002,38002,47157,Arlington,TN,Shelby,RURAL,13,Healthy Lifestyle Market,General restaurant,higher-income trade area,health-oriented food concentration,High,Young Demand High,High,Growing,Medium,Low,Low,High,Medium,High,High,Medium
1399532,The Stacked Club,38126,38126,47157,Memphis,TN,Shelby,SUBURBAN,6,Youth Convenience Market,Wings-focused restaurant,value-oriented trade area,fast-service concentration,Medium,Balanced Age Demand,Low,Growing,Medium,Medium,High,Medium,Medium,Low,Low,Medium
2559404,Tropical Smoothie Cafe,38018,38018,47157,Cordova,TN,Shelby,RURAL,5,Comfort Dining Market,Health-oriented restaurant,higher-income trade area,health-oriented food concentration,High,Senior Demand High,High,Growing,High,Low,Low,High,Medium,High,Medium,Medium
2501117,Wild Beet Salad Co,38104,38104,47157,Memphis,TN,Shelby,SUBURBAN,5,Comfort Dining Market,Health-oriented restaurant,mid-market trade area,beverage-led food concentration,High,Senior Demand High,Medium,Stable,High,Low,Low,High,Medium,High,High,Medium
2489141,Wing’s House,38122,38122,47157,Memphis,TN,Shelby,SUBURBAN,4,Healthy Lifestyle Market,Wings-focused restaurant,value-oriented trade area,health-oriented food concentration,High,Young Demand High,Low,Declining,High,Medium,Low,High,Low,High,Medium,Medium
2489341,Yum's,38118,38118,47157,Memphis,TN,Shelby,RURAL,4,Healthy Lifestyle Market,Wings-focused restaurant,value-oriented trade area,wings and chicken-wing concentration,High,Young Demand High,Low,Stable,Medium,Low,Medium,High,High,Medium,Medium,High
1525487,Zaxbys,38654,38654,28033,Olive Branch,MS,DeSoto,RURAL,5,Comfort Dining Market,Wings-focused restaurant,higher-income trade area,beverage-led food concentration,High,Balanced Age Demand,High,Growing,High,Low,Low,High,Medium,Medium,High,Medium
2426703,Zaxby's,38058,38058,47167,Munford,TN,Tipton,RURAL,1,Social Dining Market,Wings-focused restaurant,higher-income trade area,health-oriented food concentration,High,Balanced Age Demand,High,Growing,Low,High,High,Medium,High,High,High,High
1674309,Zaxbys,38017,38017,47157,Collierville,TN,Shelby,RURAL,13,Healthy Lifestyle Market,Wings-focused restaurant,higher-income trade area,health-oriented food concentration,High,Young Demand High,High,Growing,Medium,Low,Low,High,Medium,High,Medium,Low
377079,Sekisui,38120,38120,47157,Memphis,TN,Shelby,RURAL,5,Comfort Dining Market,Asian cuisine restaurant,higher-income trade area,health-oriented food concentration,High,Young Demand High,High,Declining,Medium,High,Low,High,Medium,High,High,Low
858433,Villa Castrioti,38018,38018,47157,Cordova,TN,Shelby,RURAL,5,Comfort Dining Market,Seafood-focused restaurant,higher-income trade area,health-oriented food concentration,High,Senior Demand High,High,Growing,High,Low,Low,High,Medium,High,Medium,Medium
2546506,Belltower Coffee,38111,38111,47157,Memphis,TN,Shelby,SUBURBAN,5,Comfort Dining Market,Beverage-led restaurant,mid-market trade area,health-oriented food concentration,High,Senior Demand High,Medium,Declining,High,Low,Low,High,Low,High,High,Medium
2555206,Crazy Coop Ridgeway Loop,38119,38119,47157,Memphis,TN,Shelby,SUBURBAN,5,Comfort Dining Market,Wings-focused restaurant,higher-income trade area,beverage-led food concentration,High,Senior Demand High,High,Stable,High,Medium,Low,High,Low,Medium,High,Low
2492487,Dixie Queen Airways,38114,38114,47157,Memphis,TN,Shelby,SUBURBAN,0,Social Dining Market,Fast-service restaurant,value-oriented trade area,wings and chicken-wing concentration,High,Senior Demand High,Low,Declining,Medium,Medium,Medium,Medium,High,Medium,Low,High
2395989,Patriot Box Sports Grill,38053,38053,47157,Millington,TN,Shelby,RURAL,4,Healthy Lifestyle Market,Fast-service restaurant,mid-market trade area,beverage-led food concentration,High,Young Demand High,Medium,Declining,High,Medium,Medium,Medium,Medium,Medium,High,Medium
2445366,Ritzies Barbecue LLC,38111,38111,47157,Memphis,TN,Shelby,SUBURBAN,5,Comfort Dining Market,General restaurant,mid-market trade area,health-oriented food concentration,High,Senior Demand High,Medium,Declining,High,Low,Low,High,Low,High,High,Medium
2454278,Mahogany River Terrace,38103,38103,47157,Memphis,TN,Shelby,SUBURBAN,5,Comfort Dining Market,Seafood-focused restaurant,higher-income trade area,beverage-led food concentration,High,Senior Demand High,High,Stable,High,Low,Medium,High,Low,Medium,High,Low
1723189,Rock'n Dough Pizza + Brewery Germantown,38138,38138,47157,Germantown,TN,Shelby,RURAL,14,Social Dining Market,Wings-focused restaurant,higher-income trade area,health-oriented food concentration,High,Young Demand High,High,Stable,High,Low,Medium,High,Low,High,High,Low
2357792,Rotolo's Craft & Crust Collierville,38017,38017,47157,Collierville,TN,Shelby,RURAL,13,Healthy Lifestyle Market,Beverage-led restaurant,higher-income trade area,health-oriented food concentration,High,Young Demand High,High,Growing,Medium,Low,Low,High,Medium,High,Medium,Low
2436307,Smackers,38133,38133,47157,Memphis,TN,Shelby,RURAL,5,Comfort Dining Market,Wings-focused restaurant,higher-income trade area,health-oriented food concentration,High,Balanced Age Demand,High,Stable,High,Low,Low,High,Medium,High,Medium,Medium
1906232,Staks Kitchen,38117,38117,47157,Memphis,TN,Shelby,SUBURBAN,5,Comfort Dining Market,Fast-service restaurant,higher-income trade area,beverage-led food concentration,High,Senior Demand High,High,Stable,High,Medium,Low,High,Low,High,High,Low
2286396,Uncle Lou's Southern Kitchen,38116,38116,47157,Memphis,TN,Shelby,RURAL,4,Healthy Lifestyle Market,Wings-focused restaurant,value-oriented trade area,wings and chicken-wing concentration,High,Young Demand High,Low,Stable,High,Low,Low,High,High,Medium,Medium,High
1809687,Wet Willie's,38103,38103,47157,Memphis,TN,Shelby,SUBURBAN,5,Comfort Dining Market,Beverage-led restaurant,higher-income trade area,beverage-led food concentration,High,Senior Demand High,High,Stable,High,Low,Medium,High,Low,Medium,High,Low
2438639,WKND Hang Suite,38103,38103,47157,Memphis,TN,Shelby,SUBURBAN,5,Comfort Dining Market,Wings-focused restaurant,higher-income trade area,beverage-led food concentration,High,Senior Demand High,High,Stable,High,Low,Medium,High,Low,Medium,High,Low
859252,Cafe Eclectic,38107,38107,47157,Memphis,TN,Shelby,RURAL,0,Social Dining Market,Health-oriented restaurant,value-oriented trade area,beverage-led food concentration,High,Senior Demand High,Low,Declining,Medium,High,Medium,Medium,Low,High,High,Medium
2416373,A&R BARBEQUE,38115,38115,47157,Memphis,TN,Shelby,SUBURBAN,4,Healthy Lifestyle Market,Seafood-focused restaurant,value-oriented trade area,wings and chicken-wing concentration,High,Senior Demand High,Low,Declining,High,Low,Medium,High,Medium,Medium,Low,High
2041467,American Deli,72301,72301,05035,West Memphis,AR,Crittenden,RURAL,4,Healthy Lifestyle Market,Wings-focused restaurant,value-oriented trade area,fast-service concentration,High,Balanced Age Demand,Low,Stable,High,Low,Medium,Medium,High,Medium,Medium,High
2044584,American Deli,38119,38119,47157,Memphis,TN,Shelby,SUBURBAN,5,Comfort Dining Market,Wings-focused restaurant,higher-income trade area,beverage-led food concentration,High,Senior Demand High,High,Stable,High,Medium,Low,High,Low,Medium,High,Low
2555801,Annex Pizza,38106,38106,47157,Memphis,TN,Shelby,RURAL,6,Youth Convenience Market,Wings-focused restaurant,value-oriented trade area,wings and chicken-wing concentration,High,Young Demand High,Low,Declining,Medium,Medium,Medium,Low,High,Low,Low,High
1526906,Baskin-Robbins,38125,38125,47157,Memphis,TN,Shelby,RURAL,5,Comfort Dining Market,Fast-service restaurant,higher-income trade area,fast-service concentration,Medium,Balanced Age Demand,High,Growing,Medium,Low,Low,High,Medium,Medium,Medium,Medium
2395201,Bojangles,38117,38117,47157,Memphis,TN,Shelby,SUBURBAN,5,Comfort Dining Market,Chicken-focused restaurant,higher-income trade area,beverage-led food concentration,High,Senior Demand High,High,Stable,High,Medium,Low,High,Low,High,High,Low
1993386,BrainFood Memphis,38018,38018,47157,Cordova,TN,Shelby,RURAL,5,Comfort Dining Market,Seafood-focused restaurant,higher-income trade area,health-oriented food concentration,High,Senior Demand High,High,Growing,High,Low,Low,High,Medium,High,Medium,Medium
1075660,Captain D's,38118,38118,47157,Memphis,TN,Shelby,RURAL,4,Healthy Lifestyle Market,Seafood-focused restaurant,value-oriented trade area,wings and chicken-wing concentration,High,Young Demand High,Low,Stable,Medium,Low,Medium,High,High,Medium,Medium,High
1088395,Captain D's,38637,38637,28033,Horn Lake,MS,DeSoto,RURAL,4,Healthy Lifestyle Market,Seafood-focused restaurant,mid-market trade area,wings and chicken-wing concentration,High,Balanced Age Demand,Medium,Stable,High,Medium,Low,High,Medium,High,Medium,High
2491059,Captain JJ Fish &amp; Chicken,38122,38122,47157,Memphis,TN,Shelby,SUBURBAN,4,Healthy Lifestyle Market,Wings-focused restaurant,value-oriented trade area,health-oriented food concentration,High,Young Demand High,Low,Declining,High,Medium,Low,High,Low,High,Medium,Medium
2223343,Chicken Salad Chick,38053,38053,47157,Millington,TN,Shelby,RURAL,4,Healthy Lifestyle Market,Chicken-focused restaurant,mid-market trade area,beverage-led food concentration,High,Young Demand High,Medium,Declining,High,Medium,Medium,Medium,Medium,Medium,High,Medium
2491498,Chipotle Mexican Grill,38122,38122,47157,Memphis,TN,Shelby,SUBURBAN,4,Healthy Lifestyle Market,Mexican cuisine restaurant,value-oriented trade area,health-oriented food concentration,High,Young Demand High,Low,Declining,High,Medium,Low,High,Low,High,Medium,Medium
2491506,Chipotle Mexican Grill,38134,38134,47157,Memphis,TN,Shelby,RURAL,5,Comfort Dining Market,Mexican cuisine restaurant,mid-market trade area,health-oriented food concentration,High,Senior Demand High,Medium,Stable,High,Low,Low,High,Low,High,Medium,Medium
2323431,Church's Texas Chicken,38112,38112,47157,Memphis,TN,Shelby,SUBURBAN,4,Healthy Lifestyle Market,Wings-focused restaurant,mid-market trade area,wings and chicken-wing concentration,Medium,Balanced Age Demand,Medium,Stable,High,Medium,Medium,High,Low,Medium,Medium,Medium
2303299,Domino's,38004,38004,47167,Atoka,TN,Tipton,RURAL,1,Social Dining Market,Wings-focused restaurant,higher-income trade area,wings and chicken-wing concentration,Medium,Senior Demand High,High,Growing,Medium,Medium,Low,Medium,Low,Low,Low,Medium
2395412,Eggs up Grill,38654,38654,28033,Olive Branch,MS,DeSoto,RURAL,5,Comfort Dining Market,Beverage-led restaurant,higher-income trade area,beverage-led food concentration,High,Balanced Age Demand,High,Growing,High,Low,Low,High,Medium,Medium,High,Medium
2045321,EVERYBODY'S GOTTA EAT,38108,38108,47157,Memphis,TN,Shelby,RURAL,6,Youth Convenience Market,Fast-service restaurant,value-oriented trade area,wings and chicken-wing concentration,High,Young Demand High,Low,Stable,Low,Medium,High,Low,Medium,Medium,Medium,High
2090206,Great American Cookies,38671,38671,28033,Southaven,MS,DeSoto,RURAL,4,Healthy Lifestyle Market,General restaurant,mid-market trade area,beverage-led food concentration,High,Balanced Age Demand,Medium,Stable,High,Low,Low,High,Medium,Medium,High,High
2244390,Hardee's,38654,38654,28033,Olive Branch,MS,DeSoto,RURAL,5,Comfort Dining Market,Chicken-focused restaurant,higher-income trade area,beverage-led food concentration,High,Balanced Age Demand,High,Growing,High,Low,Low,High,Medium,Medium,High,Medium
1783247,Honey Baked Ham,38016,38016,47157,Cordova,TN,Shelby,RURAL,5,Comfort Dining Market,Fast-service restaurant,higher-income trade area,health-oriented food concentration,High,Senior Demand High,High,Stable,High,Low,Low,High,Low,High,High,Medium
2557224,Ichiban Buffet,38017,38017,47157,Collierville,TN,Shelby,RURAL,13,Healthy Lifestyle Market,Asian cuisine restaurant,higher-income trade area,health-oriented food concentration,High,Young Demand High,High,Growing,Medium,Low,Low,High,Medium,High,Medium,Low
1783661,Jack's,38053,38053,47157,Millington,TN,Shelby,RURAL,4,Healthy Lifestyle Market,Chicken-focused restaurant,mid-market trade area,beverage-led food concentration,High,Young Demand High,Medium,Declining,High,Medium,Medium,Medium,Medium,Medium,High,Medium
2557451,KFC,38053,38053,47157,Millington,TN,Shelby,RURAL,4,Healthy Lifestyle Market,Wings-focused restaurant,mid-market trade area,beverage-led food concentration,High,Young Demand High,Medium,Declining,High,Medium,Medium,Medium,Medium,Medium,High,Medium
2495294,Kyuramen,38672,38672,28033,Southaven,MS,DeSoto,RURAL,13,Healthy Lifestyle Market,Asian cuisine restaurant,higher-income trade area,health-oriented food concentration,High,Young Demand High,High,Growing,High,Medium,Low,Medium,Medium,High,High,Medium
2260024,La Roche Lebanese Cuisine,38104,38104,47157,Memphis,TN,Shelby,SUBURBAN,5,Comfort Dining Market,Health-oriented restaurant,mid-market trade area,beverage-led food concentration,High,Senior Demand High,Medium,Stable,High,Low,Low,High,Medium,High,High,Medium
2224438,Little Caesars,38122,38122,47157,Memphis,TN,Shelby,SUBURBAN,4,Healthy Lifestyle Market,Fast-service restaurant,value-oriented trade area,health-oriented food concentration,High,Young Demand High,Low,Declining,High,Medium,Low,High,Low,High,Medium,Medium
1414598,Lucky Cat Poke Co,38016,38016,47157,Cordova,TN,Shelby,RURAL,5,Comfort Dining Market,Asian cuisine restaurant,higher-income trade area,health-oriented food concentration,High,Senior Demand High,High,Stable,High,Low,Low,High,Low,High,High,Medium
1406996,McDonald's®,38133,38133,47157,Memphis,TN,Shelby,RURAL,5,Comfort Dining Market,Fast-service restaurant,higher-income trade area,health-oriented food concentration,High,Balanced Age Demand,High,Stable,High,Low,Low,High,Medium,High,Medium,Medium
2245834,McDonald's®,38053,38053,47157,Millington,TN,Shelby,RURAL,4,Healthy Lifestyle Market,Beverage-led restaurant,mid-market trade area,beverage-led food concentration,High,Young Demand High,Medium,Declining,High,Medium,Medium,Medium,Medium,Medium,High,Medium
180472,McDonald's®,38111,38111,47157,Memphis,TN,Shelby,SUBURBAN,5,Comfort Dining Market,Beverage-led restaurant,mid-market trade area,health-oriented food concentration,High,Senior Demand High,Medium,Declining,High,Low,Low,High,Low,High,High,Medium
809964,McDonald's®,38111,38111,47157,Memphis,TN,Shelby,SUBURBAN,5,Comfort Dining Market,Beverage-led restaurant,mid-market trade area,health-oriented food concentration,High,Senior Demand High,Medium,Declining,High,Low,Low,High,Low,High,High,Medium
1189231,MrBeast Burger,38111,38111,47157,Memphis,TN,Shelby,SUBURBAN,5,Comfort Dining Market,Fast-service restaurant,mid-market trade area,health-oriented food concentration,High,Senior Demand High,Medium,Declining,High,Low,Low,High,Low,High,High,Medium
2496695,Muggin' Coffeehouse,38107,38107,47157,Memphis,TN,Shelby,RURAL,0,Social Dining Market,Beverage-led restaurant,value-oriented trade area,beverage-led food concentration,High,Senior Demand High,Low,Declining,Medium,High,Medium,Medium,Low,High,High,Medium
2562099,Mulan Asian Bistro,38117,38117,47157,Memphis,TN,Shelby,SUBURBAN,5,Comfort Dining Market,Asian cuisine restaurant,higher-income trade area,beverage-led food concentration,High,Senior Demand High,High,Stable,High,Medium,Low,High,Low,High,High,Low
2558016,Mulan Tea Bar,38139,38139,47157,Germantown,TN,Shelby,RURAL,14,Social Dining Market,Asian cuisine restaurant,higher-income trade area,beverage-led food concentration,High,Young Demand High,High,Growing,Medium,High,Low,Medium,Low,Medium,High,Medium
1678781,Nothing Bundt Cakes,38053,38053,47157,Millington,TN,Shelby,RURAL,4,Healthy Lifestyle Market,General restaurant,mid-market trade area,beverage-led food concentration,High,Young Demand High,Medium,Declining,High,Medium,Medium,Medium,Medium,Medium,High,Medium
2395942,Office Depot OfficeMax,38119,38119,47157,Memphis,TN,Shelby,SUBURBAN,5,Comfort Dining Market,General restaurant,higher-income trade area,beverage-led food concentration,High,Senior Demand High,High,Stable,High,Medium,Low,High,Low,Medium,High,Low
1788000,Papa Corazon Quesadilla,38117,38117,47157,Memphis,TN,Shelby,SUBURBAN,5,Comfort Dining Market,Mexican cuisine restaurant,higher-income trade area,beverage-led food concentration,High,Senior Demand High,High,Stable,High,Medium,Low,High,Low,High,High,Low
1788076,Papa Johns Pizza,38004,38004,47167,Atoka,TN,Tipton,RURAL,1,Social Dining Market,Wings-focused restaurant,higher-income trade area,wings and chicken-wing concentration,Medium,Senior Demand High,High,Growing,Medium,Medium,Low,Medium,Low,Low,Low,Medium
1194569,Pizza Hut,38104,38104,47157,Memphis,TN,Shelby,SUBURBAN,5,Comfort Dining Market,Wings-focused restaurant,mid-market trade area,beverage-led food concentration,High,Senior Demand High,Medium,Stable,High,Low,Low,High,Medium,High,High,Medium
1194618,Pizza Hut,38060,38060,47047,Oakland,TN,Fayette,RURAL,5,Comfort Dining Market,Wings-focused restaurant,higher-income trade area,wings and chicken-wing concentration,High,Senior Demand High,High,Growing,High,Medium,Low,Medium,Low,Medium,Medium,High
1788951,Pizza Hut,38127,38127,47157,Memphis,TN,Shelby,RURAL,6,Youth Convenience Market,Wings-focused restaurant,value-oriented trade area,wings and chicken-wing concentration,High,Young Demand High,Low,Declining,Medium,Medium,Medium,Medium,High,Medium,Low,High
1194846,Pizza Hut,38116,38116,47157,Memphis,TN,Shelby,RURAL,4,Healthy Lifestyle Market,Wings-focused restaurant,value-oriented trade area,wings and chicken-wing concentration,High,Young Demand High,Low,Stable,High,Low,Low,High,High,Medium,Medium,High
2497824,Popeyes,38637,38637,28033,Horn Lake,MS,DeSoto,RURAL,4,Healthy Lifestyle Market,Wings-focused restaurant,mid-market trade area,wings and chicken-wing concentration,High,Balanced Age Demand,Medium,Stable,High,Medium,Low,High,Medium,High,Medium,High
2558543,Red Hook Cajun Seafood &amp; Bar,38133,38133,47157,Memphis,TN,Shelby,RURAL,5,Comfort Dining Market,Seafood-focused restaurant,higher-income trade area,health-oriented food concentration,High,Balanced Age Demand,High,Stable,High,Low,Low,High,Medium,High,Medium,Medium
1248717,Red Pier Cajun Seafood &amp; Bar,38671,38671,28033,Southaven,MS,DeSoto,RURAL,4,Healthy Lifestyle Market,Seafood-focused restaurant,mid-market trade area,beverage-led food concentration,High,Balanced Age Demand,Medium,Stable,High,Low,Low,High,Medium,Medium,High,High
2084257,Smoothie King,38138,38138,47157,Germantown,TN,Shelby,RURAL,14,Social Dining Market,Health-oriented restaurant,higher-income trade area,health-oriented food concentration,High,Young Demand High,High,Stable,High,Low,Medium,High,Low,High,High,Low
1484651,Starbucks,38128,38128,47157,Memphis,TN,Shelby,RURAL,4,Healthy Lifestyle Market,Beverage-led restaurant,value-oriented trade area,wings and chicken-wing concentration,High,Young Demand High,Low,Stable,Medium,Low,Medium,High,High,Medium,Medium,High
2558905,Starbucks,38117,38117,47157,Memphis,TN,Shelby,SUBURBAN,5,Comfort Dining Market,Beverage-led restaurant,higher-income trade area,beverage-led food concentration,High,Senior Demand High,High,Stable,High,Medium,Low,High,Low,High,High,Low
2149580,Starbucks,38125,38125,47157,Memphis,TN,Shelby,RURAL,5,Comfort Dining Market,Beverage-led restaurant,higher-income trade area,fast-service concentration,Medium,Balanced Age Demand,High,Growing,Medium,Low,Low,High,Medium,Medium,Medium,Medium
1201567,Subway,38018,38018,47157,Cordova,TN,Shelby,RURAL,5,Comfort Dining Market,Health-oriented restaurant,higher-income trade area,health-oriented food concentration,High,Senior Demand High,High,Growing,High,Low,Low,High,Medium,High,Medium,Medium
1417719,Subway,38134,38134,47157,Memphis,TN,Shelby,RURAL,5,Comfort Dining Market,Health-oriented restaurant,mid-market trade area,health-oriented food concentration,High,Senior Demand High,Medium,Stable,High,Low,Low,High,Low,High,Medium,Medium
2307839,Subway,38635,38635,28093,Holly Springs,MS,Marshall,RURAL,12,Healthy Lifestyle Market,Health-oriented restaurant,mid-market trade area,health-oriented food concentration,High,Senior Demand High,Medium,Stable,Low,High,Low,High,High,High,Medium,High
2225761,Subway,38133,38133,47157,Memphis,TN,Shelby,RURAL,5,Comfort Dining Market,Health-oriented restaurant,higher-income trade area,health-oriented food concentration,High,Balanced Age Demand,High,Stable,High,Low,Low,High,Medium,High,Medium,Medium
1411705,Subway,38133,38133,47157,Memphis,TN,Shelby,RURAL,5,Comfort Dining Market,Health-oriented restaurant,higher-income trade area,health-oriented food concentration,High,Balanced Age Demand,High,Stable,High,Low,Low,High,Medium,High,Medium,Medium
1203526,Sunday Rose Soul Food,38112,38112,47157,Memphis,TN,Shelby,SUBURBAN,4,Healthy Lifestyle Market,General restaurant,mid-market trade area,wings and chicken-wing concentration,Medium,Balanced Age Demand,Medium,Stable,High,Medium,Medium,High,Low,Medium,Medium,Medium
808878,Taco Bell,38018,38018,47157,Cordova,TN,Shelby,RURAL,5,Comfort Dining Market,Mexican cuisine restaurant,higher-income trade area,health-oriented food concentration,High,Senior Demand High,High,Growing,High,Low,Low,High,Medium,High,Medium,Medium
1404743,Taco Bell,38635,38635,28093,Holly Springs,MS,Marshall,RURAL,12,Healthy Lifestyle Market,Mexican cuisine restaurant,mid-market trade area,health-oriented food concentration,High,Senior Demand High,Medium,Stable,Low,High,Low,High,High,High,Medium,High
2248590,Tacos 4 Life,38139,38139,47157,Germantown,TN,Shelby,RURAL,14,Social Dining Market,Mexican cuisine restaurant,higher-income trade area,beverage-led food concentration,High,Young Demand High,High,Growing,Medium,High,Low,Medium,Low,Medium,High,Medium
1906904,The Cookie Plug,38103,38103,47157,Memphis,TN,Shelby,SUBURBAN,5,Comfort Dining Market,General restaurant,higher-income trade area,beverage-led food concentration,High,Senior Demand High,High,Stable,High,Low,Medium,High,Low,Medium,High,Low
1361798,The Vegan Goddess,38111,38111,47157,Memphis,TN,Shelby,SUBURBAN,5,Comfort Dining Market,Wings-focused restaurant,mid-market trade area,health-oriented food concentration,High,Senior Demand High,Medium,Declining,High,Low,Low,High,Low,High,High,Medium
2420690,Vampire Penguin,38672,38672,28033,Southaven,MS,DeSoto,RURAL,13,Healthy Lifestyle Market,General restaurant,higher-income trade area,health-oriented food concentration,High,Young Demand High,High,Growing,High,Medium,Low,Medium,Medium,High,High,Medium
912907,Wings Out,38133,38133,47157,Memphis,TN,Shelby,RURAL,5,Comfort Dining Market,Wings-focused restaurant,higher-income trade area,health-oriented food concentration,High,Balanced Age Demand,High,Stable,High,Low,Low,High,Medium,High,Medium,Medium
2158514,Yum's,38111,38111,47157,Memphis,TN,Shelby,SUBURBAN,5,Comfort Dining Market,Wings-focused restaurant,mid-market trade area,health-oriented food concentration,High,Senior Demand High,Medium,Declining,High,Low,Low,High,Low,High,High,Medium
1681356,Zaxbys,38139,38139,47157,Germantown,TN,Shelby,RURAL,14,Social Dining Market,Wings-focused restaurant,higher-income trade area,beverage-led food concentration,High,Young Demand High,High,Growing,Medium,High,Low,Medium,Low,Medium,High,Medium
2445718,Beans & Leaves,38671,38671,28033,Southaven,MS,DeSoto,RURAL,4,Healthy Lifestyle Market,General restaurant,mid-market trade area,beverage-led food concentration,High,Balanced Age Demand,Medium,Stable,High,Low,Low,High,Medium,Medium,High,High
2503750,Chili's Grill & Bar,38138,38138,47157,Germantown,TN,Shelby,RURAL,14,Social Dining Market,Wings-focused restaurant,higher-income trade area,health-oriented food concentration,High,Young Demand High,High,Stable,High,Low,Medium,High,Low,High,High,Low
1760059,Fox & Hound,38671,38671,28033,Southaven,MS,DeSoto,RURAL,4,Healthy Lifestyle Market,Beverage-led restaurant,mid-market trade area,beverage-led food concentration,High,Balanced Age Demand,Medium,Stable,High,Low,Low,High,Medium,Medium,High,High
209925,Hu Roof,38103,38103,47157,Memphis,TN,Shelby,SUBURBAN,5,Comfort Dining Market,Beverage-led restaurant,higher-income trade area,beverage-led food concentration,High,Senior Demand High,High,Stable,High,Low,Medium,High,Low,Medium,High,Low
842490,Rock N Roll Sushi,38138,38138,47157,Germantown,TN,Shelby,RURAL,14,Social Dining Market,Asian cuisine restaurant,higher-income trade area,health-oriented food concentration,High,Young Demand High,High,Stable,High,Low,Medium,High,Low,High,High,Low
2427816,Big Bill's Kirby,38119,38119,47157,Memphis,TN,Shelby,SUBURBAN,5,Comfort Dining Market,Beverage-led restaurant,higher-income trade area,beverage-led food concentration,High,Senior Demand High,High,Stable,High,Medium,Low,High,Low,Medium,High,Low
2463408,Biscuits and Jams Downtown Memphis,38103,38103,47157,Memphis,TN,Shelby,SUBURBAN,5,Comfort Dining Market,General restaurant,higher-income trade area,beverage-led food concentration,High,Senior Demand High,High,Stable,High,Low,Medium,High,Low,Medium,High,Low
2467437,Breakfast Cove,38004,38004,47167,Atoka,TN,Tipton,RURAL,1,Social Dining Market,General restaurant,higher-income trade area,wings and chicken-wing concentration,Medium,Senior Demand High,High,Growing,Medium,Medium,Low,Medium,Low,Low,Low,Medium
2153578,Delta Steakhouse,38668,38668,28137,Senatobia,MS,Tate,RURAL,1,Social Dining Market,General restaurant,mid-market trade area,beverage-led food concentration,High,Balanced Age Demand,Medium,Stable,Medium,Medium,Medium,Medium,Medium,Low,High,High
2538164,"DYER'S ON BEALE
World Famous Beale St
dyersonbealecom",38103,38103,47157,Memphis,TN,Shelby,SUBURBAN,5,Comfort Dining Market,Fast-service restaurant,higher-income trade area,beverage-led food concentration,High,Senior Demand High,High,Stable,High,Low,Medium,High,Low,Medium,High,Low
2573194,Elwood's Shack,38122,38122,47157,Memphis,TN,Shelby,SUBURBAN,4,Healthy Lifestyle Market,Mexican cuisine restaurant,value-oriented trade area,health-oriented food concentration,High,Young Demand High,Low,Declining,High,Medium,Low,High,Low,High,Medium,Medium
2473253,Fresh Garden Market & Smokehouse,38668,38668,28137,Senatobia,MS,Tate,RURAL,1,Social Dining Market,Beverage-led restaurant,mid-market trade area,beverage-led food concentration,High,Balanced Age Demand,Medium,Stable,Medium,Medium,Medium,Medium,Medium,Low,High,High
1662553,Rotolo's Craft & Crust Memphis,38119,38119,47157,Memphis,TN,Shelby,SUBURBAN,5,Comfort Dining Market,General restaurant,higher-income trade area,beverage-led food concentration,High,Senior Demand High,High,Stable,High,Medium,Low,High,Low,Medium,High,Low
2337699,Say Cheese,38134,38134,47157,Memphis,TN,Shelby,RURAL,5,Comfort Dining Market,Mexican cuisine restaurant,mid-market trade area,health-oriented food concentration,High,Senior Demand High,Medium,Stable,High,Low,Low,High,Low,High,Medium,Medium
2240456,StickEm,38104,38104,47157,Memphis,TN,Shelby,SUBURBAN,5,Comfort Dining Market,Wings-focused restaurant,mid-market trade area,beverage-led food concentration,High,Senior Demand High,Medium,Stable,High,Low,Low,High,Medium,High,High,Medium
2559150,Tekila Mexican Bar & Grill,38016,38016,47157,Cordova,TN,Shelby,RURAL,5,Comfort Dining Market,Mexican cuisine restaurant,higher-income trade area,health-oriented food concentration,High,Senior Demand High,High,Stable,High,Low,Low,High,Low,High,High,Medium
1099982,RP Tracks,38111,38111,47157,Memphis,TN,Shelby,SUBURBAN,5,Comfort Dining Market,Beverage-led restaurant,mid-market trade area,health-oriented food concentration,High,Senior Demand High,Medium,Declining,High,Low,Low,High,Low,High,High,Medium
2198278,Birria Hands,38103,38103,47157,Memphis,TN,Shelby,SUBURBAN,5,Comfort Dining Market,Mexican cuisine restaurant,higher-income trade area,beverage-led food concentration,High,Senior Demand High,High,Stable,High,Low,Medium,High,Low,Medium,High,Low
1900754,Blue Earth Indian,38138,38138,47157,Germantown,TN,Shelby,RURAL,14,Social Dining Market,General restaurant,higher-income trade area,health-oriented food concentration,High,Young Demand High,High,Stable,High,Low,Medium,High,Low,High,High,Low
1218695,Burger King,38116,38116,47157,Memphis,TN,Shelby,RURAL,4,Healthy Lifestyle Market,Fast-service restaurant,value-oriented trade area,wings and chicken-wing concentration,High,Young Demand High,Low,Stable,High,Low,Low,High,High,Medium,Medium,High
2564421,Casa Mexicana,38004,38004,47167,Atoka,TN,Tipton,RURAL,1,Social Dining Market,Mexican cuisine restaurant,higher-income trade area,wings and chicken-wing concentration,Medium,Senior Demand High,High,Growing,Medium,Medium,Low,Medium,Low,Low,Low,Medium
2560328,Checkers,38115,38115,47157,Memphis,TN,Shelby,SUBURBAN,4,Healthy Lifestyle Market,Fast-service restaurant,value-oriented trade area,wings and chicken-wing concentration,High,Senior Demand High,Low,Declining,High,Low,Medium,High,Medium,Medium,Low,High
2503534,China Taste,38125,38125,47157,Memphis,TN,Shelby,RURAL,5,Comfort Dining Market,Wings-focused restaurant,higher-income trade area,fast-service concentration,Medium,Balanced Age Demand,High,Growing,Medium,Low,Low,High,Medium,Medium,Medium,Medium
2198582,Chipotle Mexican Grill,38138,38138,47157,Germantown,TN,Shelby,RURAL,14,Social Dining Market,Mexican cuisine restaurant,higher-income trade area,health-oriented food concentration,High,Young Demand High,High,Stable,High,Low,Medium,High,Low,High,High,Low
808175,Church's Texas Chicken #150,38127,38127,47157,Memphis,TN,Shelby,RURAL,6,Youth Convenience Market,Wings-focused restaurant,value-oriented trade area,wings and chicken-wing concentration,High,Young Demand High,Low,Declining,Medium,Medium,Medium,Medium,High,Medium,Low,High
1901428,Cinnabon,38049,38049,47047,Mason,TN,Fayette,RURAL,7,Comfort Dining Market,Fast-service restaurant,mid-market trade area,fast-service concentration,High,Senior Demand High,Medium,Stable,Low,Medium,High,Low,High,Low,Low,Low
2564710,Da Sauce Wings,38125,38125,47157,Memphis,TN,Shelby,RURAL,5,Comfort Dining Market,Wings-focused restaurant,higher-income trade area,fast-service concentration,Medium,Balanced Age Demand,High,Growing,Medium,Low,Low,High,Medium,Medium,Medium,Medium
1947607,Dunkin',38119,38119,47157,Memphis,TN,Shelby,SUBURBAN,5,Comfort Dining Market,Beverage-led restaurant,higher-income trade area,beverage-led food concentration,High,Senior Demand High,High,Stable,High,Medium,Low,High,Low,Medium,High,Low
1056561,Dunkin',38117,38117,47157,Memphis,TN,Shelby,SUBURBAN,5,Comfort Dining Market,Beverage-led restaurant,higher-income trade area,beverage-led food concentration,High,Senior Demand High,High,Stable,High,Medium,Low,High,Low,High,High,Low
808905,Dunkin',38018,38018,47157,Cordova,TN,Shelby,RURAL,5,Comfort Dining Market,Beverage-led restaurant,higher-income trade area,health-oriented food concentration,High,Senior Demand High,High,Growing,High,Low,Low,High,Medium,High,Medium,Medium
809699,El 7 Mares Bar &amp; Grill,38108,38108,47157,Memphis,TN,Shelby,RURAL,6,Youth Convenience Market,Mexican cuisine restaurant,value-oriented trade area,wings and chicken-wing concentration,High,Young Demand High,Low,Stable,Low,Medium,High,Low,Medium,Medium,Medium,High
2199047,Feast and Graze,38104,38104,47157,Memphis,TN,Shelby,SUBURBAN,5,Comfort Dining Market,Seafood-focused restaurant,mid-market trade area,beverage-led food concentration,High,Senior Demand High,Medium,Stable,High,Low,Low,High,Medium,High,High,Medium
981809,Firehouse Subs,38654,38654,28033,Olive Branch,MS,DeSoto,RURAL,5,Comfort Dining Market,Fast-service restaurant,higher-income trade area,beverage-led food concentration,High,Balanced Age Demand,High,Growing,High,Low,Low,High,Medium,Medium,High,Medium
1409363,Flava House,38111,38111,47157,Memphis,TN,Shelby,SUBURBAN,5,Comfort Dining Market,Seafood-focused restaurant,mid-market trade area,health-oriented food concentration,High,Senior Demand High,Medium,Declining,High,Low,Low,High,Low,High,High,Medium
2493743,Golden Griddle Pancakes,38114,38114,47157,Memphis,TN,Shelby,SUBURBAN,0,Social Dining Market,Fast-service restaurant,value-oriented trade area,wings and chicken-wing concentration,High,Senior Demand High,Low,Declining,Medium,Medium,Medium,Medium,High,Medium,Low,High
2337334,Great Wraps: Gyro &amp; Wings,38133,38133,47157,Memphis,TN,Shelby,RURAL,5,Comfort Dining Market,Fast-service restaurant,higher-income trade area,health-oriented food concentration,High,Balanced Age Demand,High,Stable,High,Low,Low,High,Medium,High,Medium,Medium
1182917,Juicy’s Cheesesteaks,38122,38122,47157,Memphis,TN,Shelby,SUBURBAN,4,Healthy Lifestyle Market,Fast-service restaurant,value-oriented trade area,health-oriented food concentration,High,Young Demand High,Low,Declining,High,Medium,Low,High,Low,High,Medium,Medium
1078042,KC’s Southern Style Rice,38109,38109,47157,Memphis,TN,Shelby,RURAL,6,Youth Convenience Market,Fast-service restaurant,value-oriented trade area,wings and chicken-wing concentration,High,Balanced Age Demand,Low,Stable,Low,Low,Medium,Medium,High,Low,Medium,High
809932,KFC,38104,38104,47157,Memphis,TN,Shelby,SUBURBAN,5,Comfort Dining Market,Wings-focused restaurant,mid-market trade area,beverage-led food concentration,High,Senior Demand High,Medium,Stable,High,Low,Low,High,Medium,High,High,Medium
1235404,KFC,72301,72301,05035,West Memphis,AR,Crittenden,RURAL,4,Healthy Lifestyle Market,Wings-focused restaurant,value-oriented trade area,fast-service concentration,High,Balanced Age Demand,Low,Stable,High,Low,Medium,Medium,High,Medium,Medium,High
1235424,KFC,38116,38116,47157,Memphis,TN,Shelby,RURAL,4,Healthy Lifestyle Market,Wings-focused restaurant,value-oriented trade area,wings and chicken-wing concentration,High,Young Demand High,Low,Stable,High,Low,Low,High,High,Medium,Medium,High
2175876,KFC,38060,38060,47047,Oakland,TN,Fayette,RURAL,5,Comfort Dining Market,Wings-focused restaurant,higher-income trade area,wings and chicken-wing concentration,High,Senior Demand High,High,Growing,High,Medium,Low,Medium,Low,Medium,Medium,High
814730,Little Caesars,38671,38671,28033,Southaven,MS,DeSoto,RURAL,4,Healthy Lifestyle Market,Wings-focused restaurant,mid-market trade area,beverage-led food concentration,High,Balanced Age Demand,Medium,Stable,High,Low,Low,High,Medium,Medium,High,High
809906,Marco’s Pizza,38117,38117,47157,Memphis,TN,Shelby,SUBURBAN,5,Comfort Dining Market,Fast-service restaurant,higher-income trade area,beverage-led food concentration,High,Senior Demand High,High,Stable,High,Medium,Low,High,Low,High,High,Low
807936,Marco's Pizza,38018,38018,47157,Cordova,TN,Shelby,RURAL,5,Comfort Dining Market,Fast-service restaurant,higher-income trade area,health-oriented food concentration,High,Senior Demand High,High,Growing,High,Low,Low,High,Medium,High,Medium,Medium
2508135,Memphis Wings,38127,38127,47157,Memphis,TN,Shelby,RURAL,6,Youth Convenience Market,Wings-focused restaurant,value-oriented trade area,wings and chicken-wing concentration,High,Young Demand High,Low,Declining,Medium,Medium,Medium,Medium,High,Medium,Low,High
1242178,Next Level Sports and Cigar Bar,38133,38133,47157,Memphis,TN,Shelby,RURAL,5,Comfort Dining Market,Beverage-led restaurant,higher-income trade area,health-oriented food concentration,High,Balanced Age Demand,High,Stable,High,Low,Low,High,Medium,High,Medium,Medium
2497367,Peach Cobbler Factory,38017,38017,47157,Collierville,TN,Shelby,RURAL,13,Healthy Lifestyle Market,Beverage-led restaurant,higher-income trade area,health-oriented food concentration,High,Young Demand High,High,Growing,Medium,Low,Low,High,Medium,High,Medium,Low
2200589,Pilot Pizza,38068,38068,47047,Somerville,TN,Fayette,RURAL,1,Social Dining Market,Wings-focused restaurant,mid-market trade area,beverage-led food concentration,High,Balanced Age Demand,Medium,Growing,Medium,Medium,High,Low,High,Medium,High,High
540691,Pizza Hut,38611,38611,28093,Byhalia,MS,Marshall,RURAL,13,Healthy Lifestyle Market,Wings-focused restaurant,mid-market trade area,health-oriented food concentration,High,Balanced Age Demand,Medium,Growing,Low,Medium,Medium,Medium,Medium,High,Medium,Medium
173308,Popeyes,38104,38104,47157,Memphis,TN,Shelby,SUBURBAN,5,Comfort Dining Market,Wings-focused restaurant,mid-market trade area,beverage-led food concentration,High,Senior Demand High,Medium,Stable,High,Low,Low,High,Medium,High,High,Medium
2509574,Popeyes,38118,38118,47157,Memphis,TN,Shelby,RURAL,4,Healthy Lifestyle Market,Wings-focused restaurant,value-oriented trade area,wings and chicken-wing concentration,High,Young Demand High,Low,Stable,Medium,Low,Medium,High,High,Medium,Medium,High
2566637,Pure Green Juice and Smoothies,38119,38119,47157,Memphis,TN,Shelby,SUBURBAN,5,Comfort Dining Market,Health-oriented restaurant,higher-income trade area,beverage-led food concentration,High,Senior Demand High,High,Stable,High,Medium,Low,High,Low,Medium,High,Low
1905623,Sally Beauty,38133,38133,47157,Memphis,TN,Shelby,RURAL,5,Comfort Dining Market,General restaurant,higher-income trade area,health-oriented food concentration,High,Balanced Age Demand,High,Stable,High,Low,Low,High,Medium,High,Medium,Medium
1951288,Sally Beauty,38018,38018,47157,Cordova,TN,Shelby,RURAL,5,Comfort Dining Market,General restaurant,higher-income trade area,health-oriented food concentration,High,Senior Demand High,High,Growing,High,Low,Low,High,Medium,High,Medium,Medium
1905796,Sally Beauty,38654,38654,28033,Olive Branch,MS,DeSoto,RURAL,5,Comfort Dining Market,General restaurant,higher-income trade area,beverage-led food concentration,High,Balanced Age Demand,High,Growing,High,Low,Low,High,Medium,Medium,High,Medium
1790588,Smoothie King,38654,38654,28033,Olive Branch,MS,DeSoto,RURAL,5,Comfort Dining Market,Health-oriented restaurant,higher-income trade area,beverage-led food concentration,High,Balanced Age Demand,High,Growing,High,Low,Low,High,Medium,Medium,High,Medium
1419812,Subway,38016,38016,47157,Cordova,TN,Shelby,RURAL,5,Comfort Dining Market,Health-oriented restaurant,higher-income trade area,health-oriented food concentration,High,Senior Demand High,High,Stable,High,Low,Low,High,Low,High,High,Medium
807982,Subway,38115,38115,47157,Memphis,TN,Shelby,SUBURBAN,4,Healthy Lifestyle Market,Health-oriented restaurant,value-oriented trade area,wings and chicken-wing concentration,High,Senior Demand High,Low,Declining,High,Low,Medium,High,Medium,Medium,Low,High
1413671,Subway,38117,38117,47157,Memphis,TN,Shelby,SUBURBAN,5,Comfort Dining Market,Health-oriented restaurant,higher-income trade area,beverage-led food concentration,High,Senior Demand High,High,Stable,High,Medium,Low,High,Low,High,High,Low
1419855,Subway,38141,38141,47157,Memphis,TN,Shelby,SUBURBAN,1,Social Dining Market,Health-oriented restaurant,mid-market trade area,wings and chicken-wing concentration,High,Balanced Age Demand,Medium,Growing,Medium,Medium,Medium,Medium,High,Medium,Medium,High
1255242,Subway,38611,38611,28093,Byhalia,MS,Marshall,RURAL,13,Healthy Lifestyle Market,Health-oriented restaurant,mid-market trade area,health-oriented food concentration,High,Balanced Age Demand,Medium,Growing,Low,Medium,Medium,Medium,Medium,High,Medium,Medium
2270355,Subway,38611,38611,28093,Byhalia,MS,Marshall,RURAL,13,Healthy Lifestyle Market,Health-oriented restaurant,mid-market trade area,health-oriented food concentration,High,Balanced Age Demand,Medium,Growing,Low,Medium,Medium,Medium,Medium,High,Medium,Medium
810333,Taco Bell,38127,38127,47157,Memphis,TN,Shelby,RURAL,6,Youth Convenience Market,Mexican cuisine restaurant,value-oriented trade area,wings and chicken-wing concentration,High,Young Demand High,Low,Declining,Medium,Medium,Medium,Medium,High,Medium,Low,High
1791757,Taco Bell,38109,38109,47157,Memphis,TN,Shelby,RURAL,6,Youth Convenience Market,Mexican cuisine restaurant,value-oriented trade area,wings and chicken-wing concentration,High,Balanced Age Demand,Low,Stable,Low,Low,Medium,Medium,High,Low,Medium,High
809904,Taco Bell,38115,38115,47157,Memphis,TN,Shelby,SUBURBAN,4,Healthy Lifestyle Market,Mexican cuisine restaurant,value-oriented trade area,wings and chicken-wing concentration,High,Senior Demand High,Low,Declining,High,Low,Medium,High,Medium,Medium,Low,High
2499884,TASTE OF PARADISE,38134,38134,47157,Memphis,TN,Shelby,RURAL,5,Comfort Dining Market,Asian cuisine restaurant,mid-market trade area,health-oriented food concentration,High,Senior Demand High,Medium,Stable,High,Low,Low,High,Low,High,Medium,Medium
2386465,The Home Depot,38637,38637,28033,Horn Lake,MS,DeSoto,RURAL,4,Healthy Lifestyle Market,General restaurant,mid-market trade area,wings and chicken-wing concentration,High,Balanced Age Demand,Medium,Stable,High,Medium,Low,High,Medium,High,Medium,High
2271272,The Liquor Store,38117,38117,47157,Memphis,TN,Shelby,SUBURBAN,5,Comfort Dining Market,Beverage-led restaurant,higher-income trade area,beverage-led food concentration,High,Senior Demand High,High,Stable,High,Medium,Low,High,Low,High,High,Low
2201593,The Neighborhood Grille,38611,38611,28093,Byhalia,MS,Marshall,RURAL,13,Healthy Lifestyle Market,Fast-service restaurant,mid-market trade area,health-oriented food concentration,High,Balanced Age Demand,Medium,Growing,Low,Medium,Medium,Medium,Medium,High,Medium,Medium
2201694,Tokyo Grill,38134,38134,47157,Memphis,TN,Shelby,RURAL,5,Comfort Dining Market,Asian cuisine restaurant,mid-market trade area,health-oriented food concentration,High,Senior Demand High,Medium,Stable,High,Low,Low,High,Low,High,Medium,Medium
2301242,Tokyo Grill,38104,38104,47157,Memphis,TN,Shelby,SUBURBAN,5,Comfort Dining Market,Asian cuisine restaurant,mid-market trade area,beverage-led food concentration,High,Senior Demand High,Medium,Stable,High,Low,Low,High,Medium,High,High,Medium
859921,Tops Bar-B-Q,38104,38104,47157,Memphis,TN,Shelby,SUBURBAN,5,Comfort Dining Market,Beverage-led restaurant,mid-market trade area,beverage-led food concentration,High,Senior Demand High,Medium,Stable,High,Low,Low,High,Medium,High,High,Medium
2271463,Torchy's Tacos,38117,38117,47157,Memphis,TN,Shelby,SUBURBAN,5,Comfort Dining Market,Mexican cuisine restaurant,higher-income trade area,beverage-led food concentration,High,Senior Demand High,High,Stable,High,Medium,Low,High,Low,High,High,Low
1261010,Tropical Smoothie Cafe,38104,38104,47157,Memphis,TN,Shelby,SUBURBAN,5,Comfort Dining Market,Health-oriented restaurant,mid-market trade area,beverage-led food concentration,High,Senior Demand High,Medium,Stable,High,Low,Low,High,Medium,High,High,Medium
1715266,Tropical Smoothie Cafe,38128,38128,47157,Memphis,TN,Shelby,RURAL,4,Healthy Lifestyle Market,Health-oriented restaurant,value-oriented trade area,wings and chicken-wing concentration,High,Young Demand High,Low,Stable,Medium,Low,Medium,High,High,Medium,Medium,High
2563624,US Donuts,38133,38133,47157,Memphis,TN,Shelby,RURAL,5,Comfort Dining Market,General restaurant,higher-income trade area,health-oriented food concentration,High,Balanced Age Demand,High,Stable,High,Low,Low,High,Medium,High,Medium,Medium
1261566,US Donuts Cordova,38018,38018,47157,Cordova,TN,Shelby,RURAL,5,Comfort Dining Market,Beverage-led restaurant,higher-income trade area,health-oriented food concentration,High,Senior Demand High,High,Growing,High,Low,Low,High,Medium,High,Medium,Medium
2386550,Viva Mexico Mexican Restaurant,38115,38115,47157,Memphis,TN,Shelby,SUBURBAN,4,Healthy Lifestyle Market,Mexican cuisine restaurant,value-oriented trade area,wings and chicken-wing concentration,High,Senior Demand High,Low,Declining,High,Low,Medium,High,Medium,Medium,Low,High
1210699,Wendy's,38635,38635,28093,Holly Springs,MS,Marshall,RURAL,12,Healthy Lifestyle Market,Fast-service restaurant,mid-market trade area,health-oriented food concentration,High,Senior Demand High,Medium,Stable,Low,High,Low,High,High,High,Medium,High
1715427,Whataburger,38128,38128,47157,Memphis,TN,Shelby,RURAL,4,Healthy Lifestyle Market,Fast-service restaurant,value-oriented trade area,wings and chicken-wing concentration,High,Young Demand High,Low,Stable,Medium,Low,Medium,High,High,Medium,Medium,High
2201913,Wild Burger,38671,38671,28033,Southaven,MS,DeSoto,RURAL,4,Healthy Lifestyle Market,Fast-service restaurant,mid-market trade area,beverage-led food concentration,High,Balanced Age Demand,Medium,Stable,High,Low,Low,High,Medium,Medium,High,High
1907481,WINGMAN,38103,38103,47157,Memphis,TN,Shelby,SUBURBAN,5,Comfort Dining Market,Wings-focused restaurant,higher-income trade area,beverage-led food concentration,High,Senior Demand High,High,Stable,High,Low,Medium,High,Low,Medium,High,Low
2255420,Stix,38017,38017,47157,Collierville,TN,Shelby,RURAL,13,Healthy Lifestyle Market,Asian cuisine restaurant,higher-income trade area,health-oriented food concentration,High,Young Demand High,High,Growing,Medium,Low,Low,High,Medium,High,Medium,Low
2517117,Exploding Flavors,38115,38115,47157,Memphis,TN,Shelby,SUBURBAN,4,Healthy Lifestyle Market,Wings-focused restaurant,value-oriented trade area,wings and chicken-wing concentration,High,Senior Demand High,Low,Declining,High,Low,Medium,High,Medium,Medium,Low,High
2474121,Tug's Grill,38103,38103,47157,Memphis,TN,Shelby,SUBURBAN,5,Comfort Dining Market,Beverage-led restaurant,higher-income trade area,beverage-led food concentration,High,Senior Demand High,High,Stable,High,Low,Medium,High,Low,Medium,High,Low
814721,One and Only BBQ,38671,38671,28033,Southaven,MS,DeSoto,RURAL,4,Healthy Lifestyle Market,Beverage-led restaurant,mid-market trade area,beverage-led food concentration,High,Balanced Age Demand,Medium,Stable,High,Low,Low,High,Medium,Medium,High,High
2456744,SMALL CAKES COLLIERVILLE,38139,38139,47157,Germantown,TN,Shelby,RURAL,14,Social Dining Market,General restaurant,higher-income trade area,beverage-led food concentration,High,Young Demand High,High,Growing,Medium,High,Low,Medium,Low,Medium,High,Medium
2344368,JIMMY'S WINGS LLC,38104,38104,47157,Memphis,TN,Shelby,SUBURBAN,5,Comfort Dining Market,Wings-focused restaurant,mid-market trade area,beverage-led food concentration,High,Senior Demand High,Medium,Stable,High,Low,Low,High,Medium,High,High,Medium
1944417,THE BAGEL NOOK SOUTHAVEN,38672,38672,28033,Southaven,MS,DeSoto,RURAL,13,Healthy Lifestyle Market,Beverage-led restaurant,higher-income trade area,health-oriented food concentration,High,Young Demand High,High,Growing,High,Medium,Low,Medium,Medium,High,High,Medium
2508459,MR P'S WINGS GERMANTOWN,38138,38138,47157,Germantown,TN,Shelby,RURAL,14,Social Dining Market,Wings-focused restaurant,higher-income trade area,health-oriented food concentration,High,Young Demand High,High,Stable,High,Low,Medium,High,Low,High,High,Low
2458498,GREAT WESTERN DINING 1118,72335,72335,05123,Forrest City,AR,St. Francis,RURAL,0,Social Dining Market,General restaurant,value-oriented trade area,fast-service concentration,High,Senior Demand High,Low,Declining,Medium,High,Medium,Medium,High,Medium,Medium,High
2474554,NEW YORK STYLE PIZZERIA,38017,38017,47157,Collierville,TN,Shelby,RURAL,13,Healthy Lifestyle Market,General restaurant,higher-income trade area,health-oriented food concentration,High,Young Demand High,High,Growing,Medium,Low,Low,High,Medium,High,Medium,Low
2458555,ON THE YARD,38671,38671,28033,Southaven,MS,DeSoto,RURAL,4,Healthy Lifestyle Market,General restaurant,mid-market trade area,beverage-led food concentration,High,Balanced Age Demand,Medium,Stable,High,Low,Low,High,Medium,Medium,High,High
2448231,K&W CATERING,38114,38114,47157,Memphis,TN,Shelby,SUBURBAN,0,Social Dining Market,General restaurant,value-oriented trade area,wings and chicken-wing concentration,High,Senior Demand High,Low,Declining,Medium,Medium,Medium,Medium,High,Medium,Low,High
2118830,BIG MYRTS WINGS & THINGS,38128,38128,47157,Memphis,TN,Shelby,RURAL,4,Healthy Lifestyle Market,Wings-focused restaurant,value-oriented trade area,wings and chicken-wing concentration,High,Young Demand High,Low,Stable,Medium,Low,Medium,High,High,Medium,Medium,High
2435422,QUEEN OF SHEBA IMPERIAL,38016,38016,47157,Cordova,TN,Shelby,RURAL,5,Comfort Dining Market,Asian cuisine restaurant,higher-income trade area,health-oriented food concentration,High,Senior Demand High,High,Stable,High,Low,Low,High,Low,High,High,Medium
2432023,Jackie Mae's Place,38053,38053,47157,Millington,TN,Shelby,RURAL,4,Healthy Lifestyle Market,Fast-service restaurant,mid-market trade area,beverage-led food concentration,High,Young Demand High,Medium,Declining,High,Medium,Medium,Medium,Medium,Medium,High,Medium
1521821,McEwen's on Monroe,38103,38103,47157,Memphis,TN,Shelby,SUBURBAN,5,Comfort Dining Market,Beverage-led restaurant,higher-income trade area,beverage-led food concentration,High,Senior Demand High,High,Stable,High,Low,Medium,High,Low,Medium,High,Low
2279014,Tsunami,38104,38104,47157,Memphis,TN,Shelby,SUBURBAN,5,Comfort Dining Market,Asian cuisine restaurant,mid-market trade area,beverage-led food concentration,High,Senior Demand High,Medium,Stable,High,Low,Low,High,Medium,High,High,Medium
2475149,194 Corner Lounge 18350 Hwy 194,38068,38068,47047,Somerville,TN,Fayette,RURAL,1,Social Dining Market,General restaurant,mid-market trade area,beverage-led food concentration,High,Balanced Age Demand,Medium,Growing,Medium,Medium,High,Low,High,Medium,High,High
2559678,3 Kingz & Thingz,38127,38127,47157,Memphis,TN,Shelby,RURAL,6,Youth Convenience Market,Fast-service restaurant,value-oriented trade area,wings and chicken-wing concentration,High,Young Demand High,Low,Declining,Medium,Medium,Medium,Medium,High,Medium,Low,High
2403318,Bain Barbecue,38104,38104,47157,Memphis,TN,Shelby,SUBURBAN,5,Comfort Dining Market,Wings-focused restaurant,mid-market trade area,beverage-led food concentration,High,Senior Demand High,Medium,Stable,High,Low,Low,High,Medium,High,High,Medium
2468474,Rafters On The Water 30117 Blackjack Rd,38606,38606,28107,Batesville,MS,Panola,RURAL,1,Social Dining Market,General restaurant,mid-market trade area,beverage-led food concentration,High,Balanced Age Demand,Medium,Stable,Low,Medium,High,Low,Medium,Low,High,Medium
2550751,SideStreet Burgers,38654,38654,28033,Olive Branch,MS,DeSoto,RURAL,5,Comfort Dining Market,Mexican cuisine restaurant,higher-income trade area,beverage-led food concentration,High,Balanced Age Demand,High,Growing,High,Low,Low,High,Medium,Medium,High,Medium
1744937,STIX Downtown Memphis,38103,38103,47157,Memphis,TN,Shelby,SUBURBAN,5,Comfort Dining Market,Asian cuisine restaurant,higher-income trade area,beverage-led food concentration,High,Senior Demand High,High,Stable,High,Low,Medium,High,Low,Medium,High,Low
1652617,Tackers Shake Shack Marion,72364,72364,05035,Marion,AR,Crittenden,RURAL,13,Healthy Lifestyle Market,General restaurant,higher-income trade area,health-oriented food concentration,Medium,Young Demand High,High,Stable,Medium,Medium,High,Medium,Medium,Medium,Medium,Medium
2499703,Tacos DeSoto,38672,38672,28033,Southaven,MS,DeSoto,RURAL,13,Healthy Lifestyle Market,Mexican cuisine restaurant,higher-income trade area,health-oriented food concentration,High,Young Demand High,High,Growing,High,Medium,Low,Medium,Medium,High,High,Medium
2469826,Scoop and Squeeze,38002,38002,47157,Arlington,TN,Shelby,RURAL,13,Healthy Lifestyle Market,General restaurant,higher-income trade area,health-oriented food concentration,High,Young Demand High,High,Growing,Medium,Low,Low,High,Medium,High,High,Medium
2497073,Ole Sawmill Cafe,72335,72335,05123,Forrest City,AR,St. Francis,RURAL,0,Social Dining Market,Fast-service restaurant,value-oriented trade area,fast-service concentration,High,Senior Demand High,Low,Declining,Medium,High,Medium,Medium,High,Medium,Medium,High
2477126,Huey's Olive Branch,38654,38654,28033,Olive Branch,MS,DeSoto,RURAL,5,Comfort Dining Market,Beverage-led restaurant,higher-income trade area,beverage-led food concentration,High,Balanced Age Demand,High,Growing,High,Low,Low,High,Medium,Medium,High,Medium
413648,Chicago Steakhouse,38664,38664,28143,Robinsonville,MS,Tunica,RURAL,5,Comfort Dining Market,General restaurant,mid-market trade area,fast-service concentration,Low,Senior Demand High,Medium,Growing,High,High,Medium,Medium,Low,Medium,Medium,Low
2430499,El Patron,38134,38134,47157,Memphis,TN,Shelby,RURAL,5,Comfort Dining Market,Mexican cuisine restaurant,mid-market trade area,health-oriented food concentration,High,Senior Demand High,Medium,Stable,High,Low,Low,High,Low,High,Medium,Medium
2558015,Mulan Bistro,38139,38139,47157,Germantown,TN,Shelby,RURAL,14,Social Dining Market,Asian cuisine restaurant,higher-income trade area,beverage-led food concentration,High,Young Demand High,High,Growing,Medium,High,Low,Medium,Low,Medium,High,Medium
1074064,Flying Saucer Draught Emporium,38016,38016,47157,Cordova,TN,Shelby,RURAL,5,Comfort Dining Market,Beverage-led restaurant,higher-income trade area,health-oriented food concentration,High,Senior Demand High,High,Stable,High,Low,Low,High,Low,High,High,Medium
700808,My Favorite Place Bar & Grill,38018,38018,47157,Cordova,TN,Shelby,RURAL,5,Comfort Dining Market,Mexican cuisine restaurant,higher-income trade area,health-oriented food concentration,High,Senior Demand High,High,Growing,High,Low,Low,High,Medium,High,Medium,Medium
1750492,One Way Cafe,38019,38019,47167,Covington,TN,Tipton,RURAL,4,Healthy Lifestyle Market,General restaurant,mid-market trade area,beverage-led food concentration,Medium,Balanced Age Demand,Medium,Stable,Medium,Medium,Medium,Medium,Medium,Low,Medium,Medium
2409501,Hen House,38117,38117,47157,Memphis,TN,Shelby,SUBURBAN,5,Comfort Dining Market,Beverage-led restaurant,higher-income trade area,beverage-led food concentration,High,Senior Demand High,High,Stable,High,Medium,Low,High,Low,High,High,Low
2176090,Lennys Grill & Subs,38103,38103,47157,Memphis,TN,Shelby,SUBURBAN,5,Comfort Dining Market,Fast-service restaurant,higher-income trade area,beverage-led food concentration,High,Senior Demand High,High,Stable,High,Low,Medium,High,Low,Medium,High,Low
2176089,Lennys Grill & Subs,38120,38120,47157,Memphis,TN,Shelby,RURAL,5,Comfort Dining Market,Fast-service restaurant,higher-income trade area,health-oriented food concentration,High,Young Demand High,High,Declining,Medium,High,Low,High,Medium,High,High,Low
2512639,UNCLE Lou's Fried Chicken,38116,38116,47157,Memphis,TN,Shelby,RURAL,4,Healthy Lifestyle Market,Chicken-focused restaurant,value-oriented trade area,wings and chicken-wing concentration,High,Young Demand High,Low,Stable,High,Low,Low,High,High,Medium,Medium,High
2233794,La Guadalupana,38122,38122,47157,Memphis,TN,Shelby,SUBURBAN,4,Healthy Lifestyle Market,Mexican cuisine restaurant,value-oriented trade area,health-oriented food concentration,High,Young Demand High,Low,Declining,High,Medium,Low,High,Low,High,Medium,Medium
121539,Cottage Restaurant,38122,38122,47157,Memphis,TN,Shelby,SUBURBAN,4,Healthy Lifestyle Market,General restaurant,value-oriented trade area,health-oriented food concentration,High,Young Demand High,Low,Declining,High,Medium,Low,High,Low,High,Medium,Medium
2282522,Lennys Grill & Subs,38115,38115,47157,Memphis,TN,Shelby,SUBURBAN,4,Healthy Lifestyle Market,Fast-service restaurant,value-oriented trade area,wings and chicken-wing concentration,High,Senior Demand High,Low,Declining,High,Low,Medium,High,Medium,Medium,Low,High
2537382,Bayou Bar & Grill,38104,38104,47157,Memphis,TN,Shelby,SUBURBAN,5,Comfort Dining Market,Seafood-focused restaurant,mid-market trade area,beverage-led food concentration,High,Senior Demand High,Medium,Stable,High,Low,Low,High,Medium,High,High,Medium
2519540,Little Italy Pizza Midtown,38104,38104,47157,Memphis,TN,Shelby,SUBURBAN,5,Comfort Dining Market,Fast-service restaurant,mid-market trade area,beverage-led food concentration,High,Senior Demand High,Medium,Stable,High,Low,Low,High,Medium,High,High,Medium
2416361,18th Street Convenience Store,72301,72301,05035,West Memphis,AR,Crittenden,RURAL,4,Healthy Lifestyle Market,Health-oriented restaurant,value-oriented trade area,fast-service concentration,High,Balanced Age Demand,Low,Stable,High,Low,Medium,Medium,High,Medium,Medium,High
1953447,901 Hot Pot & Korean Bbq,38133,38133,47157,Memphis,TN,Shelby,RURAL,5,Comfort Dining Market,Asian cuisine restaurant,higher-income trade area,health-oriented food concentration,High,Balanced Age Demand,High,Stable,High,Low,Low,High,Medium,High,Medium,Medium
1953460,AAA Burgers n Things,38654,38654,28033,Olive Branch,MS,DeSoto,RURAL,5,Comfort Dining Market,Fast-service restaurant,higher-income trade area,beverage-led food concentration,High,Balanced Age Demand,High,Growing,High,Low,Low,High,Medium,Medium,High,Medium
1214873,Arby's,38637,38637,28033,Horn Lake,MS,DeSoto,RURAL,4,Healthy Lifestyle Market,Chicken-focused restaurant,mid-market trade area,wings and chicken-wing concentration,High,Balanced Age Demand,Medium,Stable,High,Medium,Low,High,Medium,High,Medium,High
2502170,Bamboo Garden,38133,38133,47157,Memphis,TN,Shelby,RURAL,5,Comfort Dining Market,Asian cuisine restaurant,higher-income trade area,health-oriented food concentration,High,Balanced Age Demand,High,Stable,High,Low,Low,High,Medium,High,Medium,Medium
2272704,Burger King,38115,38115,47157,Memphis,TN,Shelby,SUBURBAN,4,Healthy Lifestyle Market,Fast-service restaurant,value-oriented trade area,wings and chicken-wing concentration,High,Senior Demand High,Low,Declining,High,Low,Medium,High,Medium,Medium,Low,High
1429264,Burger King,38116,38116,47157,Memphis,TN,Shelby,RURAL,4,Healthy Lifestyle Market,Fast-service restaurant,value-oriented trade area,wings and chicken-wing concentration,High,Young Demand High,Low,Stable,High,Low,Low,High,High,Medium,Medium,High
1218985,Burger King,38053,38053,47157,Millington,TN,Shelby,RURAL,4,Healthy Lifestyle Market,Fast-service restaurant,mid-market trade area,beverage-led food concentration,High,Young Demand High,Medium,Declining,High,Medium,Medium,Medium,Medium,Medium,High,Medium
1219014,Burger King,38668,38668,28137,Senatobia,MS,Tate,RURAL,1,Social Dining Market,Fast-service restaurant,mid-market trade area,beverage-led food concentration,High,Balanced Age Demand,Medium,Stable,Medium,Medium,Medium,Medium,Medium,Low,High,High
2207492,Captain d,38134,38134,47157,Memphis,TN,Shelby,RURAL,5,Comfort Dining Market,Seafood-focused restaurant,mid-market trade area,health-oriented food concentration,High,Senior Demand High,Medium,Stable,High,Low,Low,High,Low,High,Medium,Medium
1022455,Casa Mexicana,38671,38671,28033,Southaven,MS,DeSoto,RURAL,4,Healthy Lifestyle Market,Mexican cuisine restaurant,mid-market trade area,beverage-led food concentration,High,Balanced Age Demand,Medium,Stable,High,Low,Low,High,Medium,Medium,High,High
1432573,Chick-fil-A,38125,38125,47157,Memphis,TN,Shelby,RURAL,5,Comfort Dining Market,Chicken-focused restaurant,higher-income trade area,fast-service concentration,Medium,Balanced Age Demand,High,Growing,Medium,Low,Low,High,Medium,Medium,Medium,Medium
699599,Chili's,38117,38117,47157,Memphis,TN,Shelby,SUBURBAN,5,Comfort Dining Market,Wings-focused restaurant,higher-income trade area,beverage-led food concentration,High,Senior Demand High,High,Stable,High,Medium,Low,High,Low,High,High,Low
2564635,Cox Corner/ Old School Pops And Dogs,38016,38016,47157,Cordova,TN,Shelby,RURAL,5,Comfort Dining Market,Mexican cuisine restaurant,higher-income trade area,health-oriented food concentration,High,Senior Demand High,High,Stable,High,Low,Low,High,Low,High,High,Medium
2265710,Cracker Barrel,38134,38134,47157,Memphis,TN,Shelby,RURAL,5,Comfort Dining Market,Fast-service restaurant,mid-market trade area,health-oriented food concentration,High,Senior Demand High,Medium,Stable,High,Low,Low,High,Low,High,Medium,Medium
1683261,Elite Beautii,38112,38112,47157,Memphis,TN,Shelby,SUBURBAN,4,Healthy Lifestyle Market,General restaurant,mid-market trade area,wings and chicken-wing concentration,Medium,Balanced Age Demand,Medium,Stable,High,Medium,Medium,High,Low,Medium,Medium,Medium
1227414,Evelyn &amp; Olive,38115,38115,47157,Memphis,TN,Shelby,SUBURBAN,4,Healthy Lifestyle Market,Seafood-focused restaurant,value-oriented trade area,wings and chicken-wing concentration,High,Senior Demand High,Low,Declining,High,Low,Medium,High,Medium,Medium,Low,High
1227988,Firehouse Subs,38133,38133,47157,Memphis,TN,Shelby,RURAL,5,Comfort Dining Market,Fast-service restaurant,higher-income trade area,health-oriented food concentration,High,Balanced Age Demand,High,Stable,High,Low,Low,High,Medium,High,Medium,Medium
714324,Five Guys,38017,38017,47157,Collierville,TN,Shelby,RURAL,13,Healthy Lifestyle Market,Fast-service restaurant,higher-income trade area,health-oriented food concentration,High,Young Demand High,High,Growing,Medium,Low,Low,High,Medium,High,Medium,Low
1910061,Grandma’s Desserts Etc,38111,38111,47157,Memphis,TN,Shelby,SUBURBAN,5,Comfort Dining Market,Health-oriented restaurant,mid-market trade area,health-oriented food concentration,High,Senior Demand High,Medium,Declining,High,Low,Low,High,Low,High,High,Medium
2167788,Green Bamboo,38018,38018,47157,Cordova,TN,Shelby,RURAL,5,Comfort Dining Market,Asian cuisine restaurant,higher-income trade area,health-oriented food concentration,High,Senior Demand High,High,Growing,High,Low,Low,High,Medium,High,Medium,Medium
1229894,Greg And Jims Restaurant,72326,72326,05123,Colt,AR,St. Francis,RURAL,10,Family Value Market,Fast-service restaurant,mid-market trade area,fast-service concentration,High,Balanced Age Demand,Medium,Growing,Low,High,High,Low,High,Low,Low,Low
1230624,Hardee's,38122,38122,47157,Memphis,TN,Shelby,SUBURBAN,4,Healthy Lifestyle Market,Chicken-focused restaurant,value-oriented trade area,health-oriented food concentration,High,Young Demand High,Low,Declining,High,Medium,Low,High,Low,High,Medium,Medium
2237121,IHOP,38104,38104,47157,Memphis,TN,Shelby,SUBURBAN,5,Comfort Dining Market,Fast-service restaurant,mid-market trade area,beverage-led food concentration,High,Senior Demand High,Medium,Stable,High,Low,Low,High,Medium,High,High,Medium
1630678,IHOP,38133,38133,47157,Memphis,TN,Shelby,RURAL,5,Comfort Dining Market,Fast-service restaurant,higher-income trade area,health-oriented food concentration,High,Balanced Age Demand,High,Stable,High,Low,Low,High,Medium,High,Medium,Medium
2208500,It’s A Memphis Thang,38114,38114,47157,Memphis,TN,Shelby,SUBURBAN,0,Social Dining Market,Health-oriented restaurant,value-oriented trade area,wings and chicken-wing concentration,High,Senior Demand High,Low,Declining,Medium,Medium,Medium,Medium,High,Medium,Low,High
809916,Jason's Deli,38119,38119,47157,Memphis,TN,Shelby,SUBURBAN,5,Comfort Dining Market,Health-oriented restaurant,higher-income trade area,beverage-led food concentration,High,Senior Demand High,High,Stable,High,Medium,Low,High,Low,Medium,High,Low
1029109,Jim Neely’s Interstate BBQ,38671,38671,28033,Southaven,MS,DeSoto,RURAL,4,Healthy Lifestyle Market,Beverage-led restaurant,mid-market trade area,beverage-led food concentration,High,Balanced Age Demand,Medium,Stable,High,Low,Low,High,Medium,Medium,High,High
2569773,Kevin's Hot Wings,38016,38016,47157,Cordova,TN,Shelby,RURAL,5,Comfort Dining Market,Wings-focused restaurant,higher-income trade area,health-oriented food concentration,High,Senior Demand High,High,Stable,High,Low,Low,High,Low,High,High,Medium
2565659,Kinfolk,38103,38103,47157,Memphis,TN,Shelby,SUBURBAN,5,Comfort Dining Market,Beverage-led restaurant,higher-income trade area,beverage-led food concentration,High,Senior Demand High,High,Stable,High,Low,Medium,High,Low,Medium,High,Low
75244,Krystal,38671,38671,28033,Southaven,MS,DeSoto,RURAL,4,Healthy Lifestyle Market,Fast-service restaurant,mid-market trade area,beverage-led food concentration,High,Balanced Age Demand,Medium,Stable,High,Low,Low,High,Medium,Medium,High,High
1236350,La Catrina Mexican Restaurant and Cantina,38053,38053,47157,Millington,TN,Shelby,RURAL,4,Healthy Lifestyle Market,Mexican cuisine restaurant,mid-market trade area,beverage-led food concentration,High,Young Demand High,Medium,Declining,High,Medium,Medium,Medium,Medium,Medium,High,Medium
2507243,La Panaderia Damaris,38118,38118,47157,Memphis,TN,Shelby,RURAL,4,Healthy Lifestyle Market,Mexican cuisine restaurant,value-oriented trade area,wings and chicken-wing concentration,High,Young Demand High,Low,Stable,Medium,Low,Medium,High,High,Medium,Medium,High
12824,Magnolia & May,38117,38117,47157,Memphis,TN,Shelby,SUBURBAN,5,Comfort Dining Market,Beverage-led restaurant,higher-income trade area,beverage-led food concentration,High,Senior Demand High,High,Stable,High,Medium,Low,High,Low,High,High,Low
714329,McDonald's,38017,38017,47157,Collierville,TN,Shelby,RURAL,13,Healthy Lifestyle Market,Beverage-led restaurant,higher-income trade area,health-oriented food concentration,High,Young Demand High,High,Growing,Medium,Low,Low,High,Medium,High,Medium,Low
2297702,McDonald's,38133,38133,47157,Memphis,TN,Shelby,RURAL,5,Comfort Dining Market,Beverage-led restaurant,higher-income trade area,health-oriented food concentration,High,Balanced Age Demand,High,Stable,High,Low,Low,High,Medium,High,Medium,Medium
1239794,Meals For You,38125,38125,47157,Memphis,TN,Shelby,RURAL,5,Comfort Dining Market,Fast-service restaurant,higher-income trade area,fast-service concentration,Medium,Balanced Age Demand,High,Growing,Medium,Low,Low,High,Medium,Medium,Medium,Medium
1718527,Mississippi Old Town Taco,38654,38654,28033,Olive Branch,MS,DeSoto,RURAL,5,Comfort Dining Market,Mexican cuisine restaurant,higher-income trade area,beverage-led food concentration,High,Balanced Age Demand,High,Growing,High,Low,Low,High,Medium,Medium,High,Medium
2098716,Mug and Cup 04,38060,38060,47047,Oakland,TN,Fayette,RURAL,5,Comfort Dining Market,Beverage-led restaurant,higher-income trade area,wings and chicken-wing concentration,High,Senior Demand High,High,Growing,High,Medium,Low,Medium,Low,Medium,Medium,High
1804204,Papa Johns Pizza,38104,38104,47157,Memphis,TN,Shelby,SUBURBAN,5,Comfort Dining Market,Wings-focused restaurant,mid-market trade area,beverage-led food concentration,High,Senior Demand High,Medium,Stable,High,Low,Low,High,Medium,High,High,Medium
1529817,Perch 74 Bistro,38120,38120,47157,Memphis,TN,Shelby,RURAL,5,Comfort Dining Market,Health-oriented restaurant,higher-income trade area,health-oriented food concentration,High,Young Demand High,High,Declining,Medium,High,Low,High,Medium,High,High,Low
2239725,Cinco De Mayo,38654,38654,28033,Olive Branch,MS,DeSoto,RURAL,5,Comfort Dining Market,Mexican cuisine restaurant,higher-income trade area,beverage-led food concentration,High,Balanced Age Demand,High,Growing,High,Low,Low,High,Medium,Medium,High,Medium
1017140,Riko's Kickin Chicken,38104,38104,47157,Memphis,TN,Shelby,SUBURBAN,5,Comfort Dining Market,Wings-focused restaurant,mid-market trade area,beverage-led food concentration,High,Senior Demand High,Medium,Stable,High,Low,Low,High,Medium,High,High,Medium
2510283,Saito Restaurant,38134,38134,47157,Memphis,TN,Shelby,RURAL,5,Comfort Dining Market,Asian cuisine restaurant,mid-market trade area,health-oriented food concentration,High,Senior Demand High,Medium,Stable,High,Low,Low,High,Low,High,Medium,Medium
1252366,Soulz Cafe,38106,38106,47157,Memphis,TN,Shelby,RURAL,6,Youth Convenience Market,Wings-focused restaurant,value-oriented trade area,wings and chicken-wing concentration,High,Young Demand High,Low,Declining,Medium,Medium,Medium,Low,High,Low,Low,High
1252438,Southern Hands Homestyle Cooking,38116,38116,47157,Memphis,TN,Shelby,RURAL,4,Healthy Lifestyle Market,Wings-focused restaurant,value-oriented trade area,wings and chicken-wing concentration,High,Young Demand High,Low,Stable,High,Low,Low,High,High,Medium,Medium,High
2300081,Steak Escape Collierville,38017,38017,47157,Collierville,TN,Shelby,RURAL,13,Healthy Lifestyle Market,Health-oriented restaurant,higher-income trade area,health-oriented food concentration,High,Young Demand High,High,Growing,Medium,Low,Low,High,Medium,High,Medium,Low
1253334,Steak Express &amp; Subs,38654,38654,28033,Olive Branch,MS,DeSoto,RURAL,5,Comfort Dining Market,Fast-service restaurant,higher-income trade area,beverage-led food concentration,High,Balanced Age Demand,High,Growing,High,Low,Low,High,Medium,Medium,High,Medium
1254012,Subway,38104,38104,47157,Memphis,TN,Shelby,SUBURBAN,5,Comfort Dining Market,Health-oriented restaurant,mid-market trade area,beverage-led food concentration,High,Senior Demand High,Medium,Stable,High,Low,Low,High,Medium,High,High,Medium
1435577,Subway,38637,38637,28033,Horn Lake,MS,DeSoto,RURAL,4,Healthy Lifestyle Market,Health-oriented restaurant,mid-market trade area,wings and chicken-wing concentration,High,Balanced Age Demand,Medium,Stable,High,Medium,Low,High,Medium,High,Medium,High
1255083,Subway,38119,38119,47157,Memphis,TN,Shelby,SUBURBAN,5,Comfort Dining Market,Health-oriented restaurant,higher-income trade area,beverage-led food concentration,High,Senior Demand High,High,Stable,High,Medium,Low,High,Low,Medium,High,Low
1960085,Sushi from Kroger by Snowfox,38138,38138,47157,Germantown,TN,Shelby,RURAL,14,Social Dining Market,General restaurant,higher-income trade area,health-oriented food concentration,High,Young Demand High,High,Stable,High,Low,Medium,High,Low,High,High,Low
1255850,Sushi from Kroger by Snowfox,38117,38117,47157,Memphis,TN,Shelby,SUBURBAN,5,Comfort Dining Market,General restaurant,higher-income trade area,beverage-led food concentration,High,Senior Demand High,High,Stable,High,Medium,Low,High,Low,High,High,Low
1255856,Sushi from Kroger by Snowfox,38004,38004,47167,Atoka,TN,Tipton,RURAL,1,Social Dining Market,General restaurant,higher-income trade area,wings and chicken-wing concentration,Medium,Senior Demand High,High,Growing,Medium,Medium,Low,Medium,Low,Low,Low,Medium
2511398,Swagath Indian Cusine and Bar,38117,38117,47157,Memphis,TN,Shelby,SUBURBAN,5,Comfort Dining Market,Beverage-led restaurant,higher-income trade area,beverage-led food concentration,High,Senior Demand High,High,Stable,High,Medium,Low,High,Low,High,High,Low
13112,Taco Bell,38119,38119,47157,Memphis,TN,Shelby,SUBURBAN,5,Comfort Dining Market,Mexican cuisine restaurant,higher-income trade area,beverage-led food concentration,High,Senior Demand High,High,Stable,High,Medium,Low,High,Low,Medium,High,Low
423955,Taco Bell,38116,38116,47157,Memphis,TN,Shelby,RURAL,4,Healthy Lifestyle Market,Mexican cuisine restaurant,value-oriented trade area,wings and chicken-wing concentration,High,Young Demand High,Low,Stable,High,Low,Low,High,High,Medium,Medium,High
1068634,Taco Bell,38672,38672,28033,Southaven,MS,DeSoto,RURAL,13,Healthy Lifestyle Market,Mexican cuisine restaurant,higher-income trade area,health-oriented food concentration,High,Young Demand High,High,Growing,High,Medium,Low,Medium,Medium,High,High,Medium
544369,Taco Bell,38118,38118,47157,Memphis,TN,Shelby,RURAL,4,Healthy Lifestyle Market,Mexican cuisine restaurant,value-oriented trade area,wings and chicken-wing concentration,High,Young Demand High,Low,Stable,Medium,Low,Medium,High,High,Medium,Medium,High
1087827,Taco Bell,38134,38134,47157,Memphis,TN,Shelby,RURAL,5,Comfort Dining Market,Mexican cuisine restaurant,mid-market trade area,health-oriented food concentration,High,Senior Demand High,Medium,Stable,High,Low,Low,High,Low,High,Medium,Medium
2263482,Taco Bell,38125,38125,47157,Memphis,TN,Shelby,RURAL,5,Comfort Dining Market,Mexican cuisine restaurant,higher-income trade area,fast-service concentration,Medium,Balanced Age Demand,High,Growing,Medium,Low,Low,High,Medium,Medium,Medium,Medium
1058321,Taqueria Express,38118,38118,47157,Memphis,TN,Shelby,RURAL,4,Healthy Lifestyle Market,Mexican cuisine restaurant,value-oriented trade area,wings and chicken-wing concentration,High,Young Demand High,Low,Stable,Medium,Low,Medium,High,High,Medium,Medium,High
2144212,Taqueria Guadalucana3,38128,38128,47157,Memphis,TN,Shelby,RURAL,4,Healthy Lifestyle Market,Mexican cuisine restaurant,value-oriented trade area,wings and chicken-wing concentration,High,Young Demand High,Low,Stable,Medium,Low,Medium,High,High,Medium,Medium,High
2381295,Taste Addicts,38118,38118,47157,Memphis,TN,Shelby,RURAL,4,Healthy Lifestyle Market,Wings-focused restaurant,value-oriented trade area,wings and chicken-wing concentration,High,Young Demand High,Low,Stable,Medium,Low,Medium,High,High,Medium,Medium,High
2567452,The Farmer,38104,38104,47157,Memphis,TN,Shelby,SUBURBAN,5,Comfort Dining Market,Fast-service restaurant,mid-market trade area,beverage-led food concentration,High,Senior Demand High,Medium,Stable,High,Low,Low,High,Medium,High,High,Medium
2512470,Top Notch Market 3,38116,38116,47157,Memphis,TN,Shelby,RURAL,4,Healthy Lifestyle Market,Wings-focused restaurant,value-oriented trade area,wings and chicken-wing concentration,High,Young Demand High,Low,Stable,High,Low,Low,High,High,Medium,Medium,High
2567607,Tops Bar-B-Q Cordova,38016,38016,47157,Cordova,TN,Shelby,RURAL,5,Comfort Dining Market,Beverage-led restaurant,higher-income trade area,health-oriented food concentration,High,Senior Demand High,High,Stable,High,Low,Low,High,Low,High,High,Medium
2512750,Vic's Grill And Grocery,38106,38106,47157,Memphis,TN,Shelby,RURAL,6,Youth Convenience Market,Wings-focused restaurant,value-oriented trade area,wings and chicken-wing concentration,High,Young Demand High,Low,Declining,Medium,Medium,Medium,Low,High,Low,Low,High
809312,Villa Castrioti Lakeland,38002,38002,47157,Arlington,TN,Shelby,RURAL,13,Healthy Lifestyle Market,Seafood-focused restaurant,higher-income trade area,health-oriented food concentration,High,Young Demand High,High,Growing,Medium,Low,Low,High,Medium,High,High,Medium
699352,Wasabi Sushi & Asian Fusion,38117,38117,47157,Memphis,TN,Shelby,SUBURBAN,5,Comfort Dining Market,Asian cuisine restaurant,higher-income trade area,beverage-led food concentration,High,Senior Demand High,High,Stable,High,Medium,Low,High,Low,High,High,Low
699845,Wendy's,38125,38125,47157,Memphis,TN,Shelby,RURAL,5,Comfort Dining Market,Fast-service restaurant,higher-income trade area,fast-service concentration,Medium,Balanced Age Demand,High,Growing,Medium,Low,Low,High,Medium,Medium,Medium,Medium
1263775,Wings On The Fly Food Truck,38139,38139,47157,Germantown,TN,Shelby,RURAL,14,Social Dining Market,Wings-focused restaurant,higher-income trade area,beverage-led food concentration,High,Young Demand High,High,Growing,Medium,High,Low,Medium,Low,Medium,High,Medium
2455190,Smoke and Ice,38103,38103,47157,Memphis,TN,Shelby,SUBURBAN,5,Comfort Dining Market,Health-oriented restaurant,higher-income trade area,beverage-led food concentration,High,Senior Demand High,High,Stable,High,Low,Medium,High,Low,Medium,High,Low
2159148,DeeO's Seafood,38016,38016,47157,Cordova,TN,Shelby,RURAL,5,Comfort Dining Market,Wings-focused restaurant,higher-income trade area,health-oriented food concentration,High,Senior Demand High,High,Stable,High,Low,Low,High,Low,High,High,Medium
1362602,Paulette's,38103,38103,47157,Memphis,TN,Shelby,SUBURBAN,5,Comfort Dining Market,Seafood-focused restaurant,higher-income trade area,beverage-led food concentration,High,Senior Demand High,High,Stable,High,Low,Medium,High,Low,Medium,High,Low
2413181,MAYURI,38119,38119,47157,Memphis,TN,Shelby,SUBURBAN,5,Comfort Dining Market,Asian cuisine restaurant,higher-income trade area,beverage-led food concentration,High,Senior Demand High,High,Stable,High,Medium,Low,High,Low,Medium,High,Low
2427727,BELLA'S PIZZERIA,38017,38017,47157,Collierville,TN,Shelby,RURAL,13,Healthy Lifestyle Market,General restaurant,higher-income trade area,health-oriented food concentration,High,Young Demand High,High,Growing,Medium,Low,Low,High,Medium,High,Medium,Low
2579161,SMALLCAKES OF BARTLETT,38134,38134,47157,Memphis,TN,Shelby,RURAL,5,Comfort Dining Market,General restaurant,mid-market trade area,health-oriented food concentration,High,Senior Demand High,Medium,Stable,High,Low,Low,High,Low,High,Medium,Medium
1709809,TACONGANAS QUINCE,38117,38117,47157,Memphis,TN,Shelby,SUBURBAN,5,Comfort Dining Market,Mexican cuisine restaurant,higher-income trade area,beverage-led food concentration,High,Senior Demand High,High,Stable,High,Medium,Low,High,Low,High,High,Low
1044117,PICOSOS,38122,38122,47157,Memphis,TN,Shelby,SUBURBAN,4,Healthy Lifestyle Market,Mexican cuisine restaurant,value-oriented trade area,health-oriented food concentration,High,Young Demand High,Low,Declining,High,Medium,Low,High,Low,High,Medium,Medium
2532237,WINGOLOGY WINGS,38127,38127,47157,Memphis,TN,Shelby,RURAL,6,Youth Convenience Market,Wings-focused restaurant,value-oriented trade area,wings and chicken-wing concentration,High,Young Demand High,Low,Declining,Medium,Medium,Medium,Medium,High,Medium,Low,High
2169745,MOQANA,38018,38018,47157,Cordova,TN,Shelby,RURAL,5,Comfort Dining Market,Health-oriented restaurant,higher-income trade area,health-oriented food concentration,High,Senior Demand High,High,Growing,High,Low,Low,High,Medium,High,Medium,Medium
2445782,STUCKONASTICK,38114,38114,47157,Memphis,TN,Shelby,SUBURBAN,0,Social Dining Market,General restaurant,value-oriented trade area,wings and chicken-wing concentration,High,Senior Demand High,Low,Declining,Medium,Medium,Medium,Medium,High,Medium,Low,High
2126938,KINGS GRILL & DELI,38141,38141,47157,Memphis,TN,Shelby,SUBURBAN,1,Social Dining Market,Fast-service restaurant,mid-market trade area,wings and chicken-wing concentration,High,Balanced Age Demand,Medium,Growing,Medium,Medium,Medium,Medium,High,Medium,Medium,High
1004355,ALCENIA'S DESERTS PRESER,38103,38103,47157,Memphis,TN,Shelby,SUBURBAN,5,Comfort Dining Market,Beverage-led restaurant,higher-income trade area,beverage-led food concentration,High,Senior Demand High,High,Stable,High,Low,Medium,High,Low,Medium,High,Low
2476188,EGGXACTLY BREAKFAST DELI,38116,38116,47157,Memphis,TN,Shelby,RURAL,4,Healthy Lifestyle Market,Beverage-led restaurant,value-oriented trade area,wings and chicken-wing concentration,High,Young Demand High,Low,Stable,High,Low,Low,High,High,Medium,Medium,High
2576903,CRUMPYS HOT WINGS,38109,38109,47157,Memphis,TN,Shelby,RURAL,6,Youth Convenience Market,Wings-focused restaurant,value-oriented trade area,wings and chicken-wing concentration,High,Balanced Age Demand,Low,Stable,Low,Low,Medium,Medium,High,Low,Medium,High
2472695,SECOND HELPINGS CAFE,38117,38117,47157,Memphis,TN,Shelby,SUBURBAN,5,Comfort Dining Market,General restaurant,higher-income trade area,beverage-led food concentration,High,Senior Demand High,High,Stable,High,Medium,Low,High,Low,High,High,Low
2524730,Wild Bills Bar and Grill,38107,38107,47157,Memphis,TN,Shelby,RURAL,0,Social Dining Market,Beverage-led restaurant,value-oriented trade area,beverage-led food concentration,High,Senior Demand High,Low,Declining,Medium,High,Medium,Medium,Low,High,High,Medium
2456712,Margaret’s Family Restaurant,38127,38127,47157,Memphis,TN,Shelby,RURAL,6,Youth Convenience Market,Seafood-focused restaurant,value-oriented trade area,wings and chicken-wing concentration,High,Young Demand High,Low,Declining,Medium,Medium,Medium,Medium,High,Medium,Low,High
1745380,Folk's Folly Prime Steak House,38117,38117,47157,Memphis,TN,Shelby,SUBURBAN,5,Comfort Dining Market,Seafood-focused restaurant,higher-income trade area,beverage-led food concentration,High,Senior Demand High,High,Stable,High,Medium,Low,High,Low,High,High,Low
209229,fam,38103,38103,47157,Memphis,TN,Shelby,SUBURBAN,5,Comfort Dining Market,Asian cuisine restaurant,higher-income trade area,beverage-led food concentration,High,Senior Demand High,High,Stable,High,Low,Medium,High,Low,Medium,High,Low
1155532,Hog and Hominy,38117,38117,47157,Memphis,TN,Shelby,SUBURBAN,5,Comfort Dining Market,General restaurant,higher-income trade area,beverage-led food concentration,High,Senior Demand High,High,Stable,High,Medium,Low,High,Low,High,High,Low
2494494,India Palace,38112,38112,47157,Memphis,TN,Shelby,SUBURBAN,4,Healthy Lifestyle Market,General restaurant,mid-market trade area,wings and chicken-wing concentration,Medium,Balanced Age Demand,Medium,Stable,High,Medium,Medium,High,Low,Medium,Medium,Medium
2541591,Jim's Place Grille,38017,38017,47157,Collierville,TN,Shelby,RURAL,13,Healthy Lifestyle Market,Seafood-focused restaurant,higher-income trade area,health-oriented food concentration,High,Young Demand High,High,Growing,Medium,Low,Low,High,Medium,High,Medium,Low
1888831,Luna Restaurant and Bar,38103,38103,47157,Memphis,TN,Shelby,SUBURBAN,5,Comfort Dining Market,Beverage-led restaurant,higher-income trade area,beverage-led food concentration,High,Senior Demand High,High,Stable,High,Low,Medium,High,Low,Medium,High,Low
2402066,Maeve's Tavern,38017,38017,47157,Collierville,TN,Shelby,RURAL,13,Healthy Lifestyle Market,Beverage-led restaurant,higher-income trade area,health-oriented food concentration,High,Young Demand High,High,Growing,Medium,Low,Low,High,Medium,High,Medium,Low
778933,Rock n Roll Sushi,38133,38133,47157,Memphis,TN,Shelby,RURAL,5,Comfort Dining Market,Asian cuisine restaurant,higher-income trade area,health-oriented food concentration,High,Balanced Age Demand,High,Stable,High,Low,Low,High,Medium,High,Medium,Medium
202269,Southern Social,38138,38138,47157,Germantown,TN,Shelby,RURAL,14,Social Dining Market,Seafood-focused restaurant,higher-income trade area,health-oriented food concentration,High,Young Demand High,High,Stable,High,Low,Medium,High,Low,High,High,Low
1749137,The Majestic Grille,38103,38103,47157,Memphis,TN,Shelby,SUBURBAN,5,Comfort Dining Market,Beverage-led restaurant,higher-income trade area,beverage-led food concentration,High,Senior Demand High,High,Stable,High,Low,Medium,High,Low,Medium,High,Low
1659427,Beans & Leaves,38672,38672,28033,Southaven,MS,DeSoto,RURAL,13,Healthy Lifestyle Market,General restaurant,higher-income trade area,health-oriented food concentration,High,Young Demand High,High,Growing,High,Medium,Low,Medium,Medium,High,High,Medium
2358927,Celtic Crossing Irish Pub & Restaurant,38104,38104,47157,Memphis,TN,Shelby,SUBURBAN,5,Comfort Dining Market,Beverage-led restaurant,mid-market trade area,beverage-led food concentration,High,Senior Demand High,Medium,Stable,High,Low,Low,High,Medium,High,High,Medium
664026,French Truck Coffee Madison Avenue,38103,38103,47157,Memphis,TN,Shelby,SUBURBAN,5,Comfort Dining Market,Beverage-led restaurant,higher-income trade area,beverage-led food concentration,High,Senior Demand High,High,Stable,High,Low,Medium,High,Low,Medium,High,Low
419470,Southavens Best Italia pizza cafe,38671,38671,28033,Southaven,MS,DeSoto,RURAL,4,Healthy Lifestyle Market,General restaurant,mid-market trade area,beverage-led food concentration,High,Balanced Age Demand,Medium,Stable,High,Low,Low,High,Medium,Medium,High,High
424375,Los Alebrijes LLC,38004,38004,47167,Atoka,TN,Tipton,RURAL,1,Social Dining Market,Mexican cuisine restaurant,higher-income trade area,wings and chicken-wing concentration,Medium,Senior Demand High,High,Growing,Medium,Medium,Low,Medium,Low,Low,Low,Medium
2413888,Tamboli's Pasta & Pizza,38104,38104,47157,Memphis,TN,Shelby,SUBURBAN,5,Comfort Dining Market,Beverage-led restaurant,mid-market trade area,beverage-led food concentration,High,Senior Demand High,Medium,Stable,High,Low,Low,High,Medium,High,High,Medium
1624389,The Cajun Jerk,38109,38109,47157,Memphis,TN,Shelby,RURAL,6,Youth Convenience Market,General restaurant,value-oriented trade area,wings and chicken-wing concentration,High,Balanced Age Demand,Low,Stable,Low,Low,Medium,Medium,High,Low,Medium,High
2252680,Lennys Grill & Subs,38002,38002,47157,Arlington,TN,Shelby,RURAL,13,Healthy Lifestyle Market,Fast-service restaurant,higher-income trade area,health-oriented food concentration,High,Young Demand High,High,Growing,Medium,Low,Low,High,Medium,High,High,Medium
2415215,Lennys Grill & Subs,38632,38632,28033,Hernando,MS,DeSoto,RURAL,1,Social Dining Market,Fast-service restaurant,higher-income trade area,beverage-led food concentration,High,Balanced Age Demand,High,Growing,Medium,Medium,Medium,Medium,Medium,Medium,High,High
1041250,Dale's,38671,38671,28033,Southaven,MS,DeSoto,RURAL,4,Healthy Lifestyle Market,Health-oriented restaurant,mid-market trade area,beverage-led food concentration,High,Balanced Age Demand,Medium,Stable,High,Low,Low,High,Medium,Medium,High,High
1033455,Las Tortugas Deli Mexicana,38138,38138,47157,Germantown,TN,Shelby,RURAL,14,Social Dining Market,Mexican cuisine restaurant,higher-income trade area,health-oriented food concentration,High,Young Demand High,High,Stable,High,Low,Medium,High,Low,High,High,Low
2474787,The Greyhound,38103,38103,47157,Memphis,TN,Shelby,SUBURBAN,5,Comfort Dining Market,Beverage-led restaurant,higher-income trade area,beverage-led food concentration,High,Senior Demand High,High,Stable,High,Low,Medium,High,Low,Medium,High,Low
1575059,SOB East,38117,38117,47157,Memphis,TN,Shelby,SUBURBAN,5,Comfort Dining Market,Health-oriented restaurant,higher-income trade area,beverage-led food concentration,High,Senior Demand High,High,Stable,High,Medium,Low,High,Low,High,High,Low
2176092,Lennys Grill & Subs,38128,38128,47157,Memphis,TN,Shelby,RURAL,4,Healthy Lifestyle Market,Fast-service restaurant,value-oriented trade area,wings and chicken-wing concentration,High,Young Demand High,Low,Stable,Medium,Low,Medium,High,High,Medium,Medium,High
2521347,Jack Pirtle Fried Chicken,38107,38107,47157,Memphis,TN,Shelby,RURAL,0,Social Dining Market,Wings-focused restaurant,value-oriented trade area,beverage-led food concentration,High,Senior Demand High,Low,Declining,Medium,High,Medium,Medium,Low,High,High,Medium
1047195,Sekisui East,38138,38138,47157,Germantown,TN,Shelby,RURAL,14,Social Dining Market,Asian cuisine restaurant,higher-income trade area,health-oriented food concentration,High,Young Demand High,High,Stable,High,Low,Medium,High,Low,High,High,Low
121611,B J's Buffalo Style Hot Wings,38116,38116,47157,Memphis,TN,Shelby,RURAL,4,Healthy Lifestyle Market,Wings-focused restaurant,value-oriented trade area,wings and chicken-wing concentration,High,Young Demand High,Low,Stable,High,Low,Low,High,High,Medium,Medium,High
913122,American Deli,38122,38122,47157,Memphis,TN,Shelby,SUBURBAN,4,Healthy Lifestyle Market,Wings-focused restaurant,value-oriented trade area,health-oriented food concentration,High,Young Demand High,Low,Declining,High,Medium,Low,High,Low,High,Medium,Medium
2249767,Another Broken Egg Cafe,38111,38111,47157,Memphis,TN,Shelby,SUBURBAN,5,Comfort Dining Market,Fast-service restaurant,mid-market trade area,health-oriented food concentration,High,Senior Demand High,Medium,Declining,High,Low,Low,High,Low,High,High,Medium
820094,Applebee's,72301,72301,05035,West Memphis,AR,Crittenden,RURAL,4,Healthy Lifestyle Market,Wings-focused restaurant,value-oriented trade area,fast-service concentration,High,Balanced Age Demand,Low,Stable,High,Low,Medium,Medium,High,Medium,Medium,High
808174,Arby's,38104,38104,47157,Memphis,TN,Shelby,SUBURBAN,5,Comfort Dining Market,Chicken-focused restaurant,mid-market trade area,beverage-led food concentration,High,Senior Demand High,Medium,Stable,High,Low,Low,High,Medium,High,High,Medium
1214963,Arkansas Best Seafood Garden,72335,72335,05123,Forrest City,AR,St. Francis,RURAL,0,Social Dining Market,Seafood-focused restaurant,value-oriented trade area,fast-service concentration,High,Senior Demand High,Low,Declining,Medium,High,Medium,Medium,High,Medium,Medium,High
1067141,Baskin-Robbins,38111,38111,47157,Memphis,TN,Shelby,SUBURBAN,5,Comfort Dining Market,Fast-service restaurant,mid-market trade area,health-oriented food concentration,High,Senior Demand High,Medium,Declining,High,Low,Low,High,Low,High,High,Medium
1430612,Beirut Grill,38115,38115,47157,Memphis,TN,Shelby,SUBURBAN,4,Healthy Lifestyle Market,Health-oriented restaurant,value-oriented trade area,wings and chicken-wing concentration,High,Senior Demand High,Low,Declining,High,Low,Medium,High,Medium,Medium,Low,High
1908191,Big T &amp; Kay's Smokehouse,38664,38664,28143,Robinsonville,MS,Tunica,RURAL,5,Comfort Dining Market,General restaurant,mid-market trade area,fast-service concentration,Low,Senior Demand High,Medium,Growing,High,High,Medium,Medium,Low,Medium,Medium,Low
2568292,Boba Cream,38632,38632,28033,Hernando,MS,DeSoto,RURAL,1,Social Dining Market,Asian cuisine restaurant,higher-income trade area,beverage-led food concentration,High,Balanced Age Demand,High,Growing,Medium,Medium,Medium,Medium,Medium,Medium,High,High
1018530,Burger King,38104,38104,47157,Memphis,TN,Shelby,SUBURBAN,5,Comfort Dining Market,Fast-service restaurant,mid-market trade area,beverage-led food concentration,High,Senior Demand High,Medium,Stable,High,Low,Low,High,Medium,High,High,Medium
2272674,Burger King,38016,38016,47157,Cordova,TN,Shelby,RURAL,5,Comfort Dining Market,Fast-service restaurant,higher-income trade area,health-oriented food concentration,High,Senior Demand High,High,Stable,High,Low,Low,High,Low,High,High,Medium
1219622,Cajun King Seafood &amp; Grill,38002,38002,47157,Arlington,TN,Shelby,RURAL,13,Healthy Lifestyle Market,Seafood-focused restaurant,higher-income trade area,health-oriented food concentration,High,Young Demand High,High,Growing,Medium,Low,Low,High,Medium,High,High,Medium
699815,Captain D's,38104,38104,47157,Memphis,TN,Shelby,SUBURBAN,5,Comfort Dining Market,Seafood-focused restaurant,mid-market trade area,beverage-led food concentration,High,Senior Demand High,Medium,Stable,High,Low,Low,High,Medium,High,High,Medium
1796096,Carrabba's Italian Grill,38017,38017,47157,Collierville,TN,Shelby,RURAL,13,Healthy Lifestyle Market,Seafood-focused restaurant,higher-income trade area,health-oriented food concentration,High,Young Demand High,High,Growing,Medium,Low,Low,High,Medium,High,Medium,Low
1429819,DDJ's Wingz and Thingz,38115,38115,47157,Memphis,TN,Shelby,SUBURBAN,4,Healthy Lifestyle Market,Wings-focused restaurant,value-oriented trade area,wings and chicken-wing concentration,High,Senior Demand High,Low,Declining,High,Low,Medium,High,Medium,Medium,Low,High
2056032,Dixie King,38111,38111,47157,Memphis,TN,Shelby,SUBURBAN,5,Comfort Dining Market,Fast-service restaurant,mid-market trade area,health-oriented food concentration,High,Senior Demand High,Medium,Declining,High,Low,Low,High,Low,High,High,Medium
1955341,Domino's Pizza,38671,38671,28033,Southaven,MS,DeSoto,RURAL,4,Healthy Lifestyle Market,Wings-focused restaurant,mid-market trade area,beverage-led food concentration,High,Balanced Age Demand,Medium,Stable,High,Low,Low,High,Medium,Medium,High,High
1955378,Domino's Pizza,38119,38119,47157,Memphis,TN,Shelby,SUBURBAN,5,Comfort Dining Market,Wings-focused restaurant,higher-income trade area,beverage-led food concentration,High,Senior Demand High,High,Stable,High,Medium,Low,High,Low,Medium,High,Low
2516723,DWJ Korean BBQ,38111,38111,47157,Memphis,TN,Shelby,SUBURBAN,5,Comfort Dining Market,Asian cuisine restaurant,mid-market trade area,health-oriented food concentration,High,Senior Demand High,Medium,Declining,High,Low,Low,High,Low,High,High,Medium
1434560,Exclusive Foods,38115,38115,47157,Memphis,TN,Shelby,SUBURBAN,4,Healthy Lifestyle Market,Fast-service restaurant,value-oriented trade area,wings and chicken-wing concentration,High,Senior Demand High,Low,Declining,High,Low,Medium,High,Medium,Medium,Low,High
1798288,Exlines' Best Pizza In Town,38116,38116,47157,Memphis,TN,Shelby,RURAL,4,Healthy Lifestyle Market,Fast-service restaurant,value-oriented trade area,wings and chicken-wing concentration,High,Young Demand High,Low,Stable,High,Low,Low,High,High,Medium,Medium,High
1227588,Family Market,38105,38105,47157,Memphis,TN,Shelby,SUBURBAN,0,Social Dining Market,Wings-focused restaurant,value-oriented trade area,health-oriented food concentration,High,Senior Demand High,Low,Declining,High,High,Medium,Medium,High,High,High,High
2251479,Farm Burger Memphis,38104,38104,47157,Memphis,TN,Shelby,SUBURBAN,5,Comfort Dining Market,Health-oriented restaurant,mid-market trade area,beverage-led food concentration,High,Senior Demand High,Medium,Stable,High,Low,Low,High,Medium,High,High,Medium
1228007,Firehouse Subs,38117,38117,47157,Memphis,TN,Shelby,SUBURBAN,5,Comfort Dining Market,Fast-service restaurant,higher-income trade area,beverage-led food concentration,High,Senior Demand High,High,Stable,High,Medium,Low,High,Low,High,High,Low
763751,Firehouse Subs,38654,38654,28033,Olive Branch,MS,DeSoto,RURAL,5,Comfort Dining Market,Fast-service restaurant,higher-income trade area,beverage-led food concentration,High,Balanced Age Demand,High,Growing,High,Low,Low,High,Medium,Medium,High,Medium
796524,Five Guys,38134,38134,47157,Memphis,TN,Shelby,RURAL,5,Comfort Dining Market,Fast-service restaurant,mid-market trade area,health-oriented food concentration,High,Senior Demand High,Medium,Stable,High,Low,Low,High,Low,High,Medium,Medium
2387173,Fresh &amp; Ready from Kroger,38672,38672,28033,Southaven,MS,DeSoto,RURAL,13,Healthy Lifestyle Market,General restaurant,higher-income trade area,health-oriented food concentration,High,Young Demand High,High,Growing,High,Medium,Low,Medium,Medium,High,High,Medium
2182521,Getties Kitchen,38134,38134,47157,Memphis,TN,Shelby,RURAL,5,Comfort Dining Market,Health-oriented restaurant,mid-market trade area,health-oriented food concentration,High,Senior Demand High,Medium,Stable,High,Low,Low,High,Low,High,Medium,Medium
1229462,Golden Dragon,38637,38637,28033,Horn Lake,MS,DeSoto,RURAL,4,Healthy Lifestyle Market,Asian cuisine restaurant,mid-market trade area,wings and chicken-wing concentration,High,Balanced Age Demand,Medium,Stable,High,Medium,Low,High,Medium,High,Medium,High
1910107,Guandi's,38016,38016,47157,Cordova,TN,Shelby,RURAL,5,Comfort Dining Market,Chicken-focused restaurant,higher-income trade area,health-oriented food concentration,High,Senior Demand High,High,Stable,High,Low,Low,High,Low,High,High,Medium
1050132,India Kitchen,38111,38111,47157,Memphis,TN,Shelby,SUBURBAN,5,Comfort Dining Market,Asian cuisine restaurant,mid-market trade area,health-oriented food concentration,High,Senior Demand High,Medium,Declining,High,Low,Low,High,Low,High,High,Medium
713482,Java Cafe,38138,38138,47157,Germantown,TN,Shelby,RURAL,14,Social Dining Market,Beverage-led restaurant,higher-income trade area,health-oriented food concentration,High,Young Demand High,High,Stable,High,Low,Medium,High,Low,High,High,Low
2208549,Jay's Catering,38117,38117,47157,Memphis,TN,Shelby,SUBURBAN,5,Comfort Dining Market,Fast-service restaurant,higher-income trade area,beverage-led food concentration,High,Senior Demand High,High,Stable,High,Medium,Low,High,Low,High,High,Low
1233340,Jehu Wine and Spirit,38133,38133,47157,Memphis,TN,Shelby,RURAL,5,Comfort Dining Market,General restaurant,higher-income trade area,health-oriented food concentration,High,Balanced Age Demand,High,Stable,High,Low,Low,High,Medium,High,Medium,Medium
1234409,Jimmy John's,38138,38138,47157,Germantown,TN,Shelby,RURAL,14,Social Dining Market,Fast-service restaurant,higher-income trade area,health-oriented food concentration,High,Young Demand High,High,Stable,High,Low,Medium,High,Low,High,High,Low
717221,Krystal,72301,72301,05035,West Memphis,AR,Crittenden,RURAL,4,Healthy Lifestyle Market,Fast-service restaurant,value-oriented trade area,fast-service concentration,High,Balanced Age Demand,Low,Stable,High,Low,Medium,Medium,High,Medium,Medium,High
1236903,Late Night Cravings,38018,38018,47157,Cordova,TN,Shelby,RURAL,5,Comfort Dining Market,Wings-focused restaurant,higher-income trade area,health-oriented food concentration,High,Senior Demand High,High,Growing,High,Low,Low,High,Medium,High,Medium,Medium
834012,Let It Fly Sports Bar,38138,38138,47157,Germantown,TN,Shelby,RURAL,14,Social Dining Market,Health-oriented restaurant,higher-income trade area,health-oriented food concentration,High,Young Demand High,High,Stable,High,Low,Medium,High,Low,High,High,Low
1802435,Maciel's Tortas & Tacos,38104,38104,47157,Memphis,TN,Shelby,SUBURBAN,5,Comfort Dining Market,Mexican cuisine restaurant,mid-market trade area,beverage-led food concentration,High,Senior Demand High,Medium,Stable,High,Low,Low,High,Medium,High,High,Medium
699743,McDonald's,38104,38104,47157,Memphis,TN,Shelby,SUBURBAN,5,Comfort Dining Market,Beverage-led restaurant,mid-market trade area,beverage-led food concentration,High,Senior Demand High,Medium,Stable,High,Low,Low,High,Medium,High,High,Medium
699614,McDonald's,38122,38122,47157,Memphis,TN,Shelby,SUBURBAN,4,Healthy Lifestyle Market,Beverage-led restaurant,value-oriented trade area,health-oriented food concentration,High,Young Demand High,Low,Declining,High,Medium,Low,High,Low,High,Medium,Medium
14860,McDonald's,38125,38125,47157,Memphis,TN,Shelby,RURAL,5,Comfort Dining Market,Beverage-led restaurant,higher-income trade area,fast-service concentration,Medium,Balanced Age Demand,High,Growing,Medium,Low,Low,High,Medium,Medium,Medium,Medium
699256,Mr Rusty's Taste of Chicago,38116,38116,47157,Memphis,TN,Shelby,RURAL,4,Healthy Lifestyle Market,Fast-service restaurant,value-oriented trade area,wings and chicken-wing concentration,High,Young Demand High,Low,Stable,High,Low,Low,High,High,Medium,Medium,High
2169866,Newk's Eatery,38017,38017,47157,Collierville,TN,Shelby,RURAL,13,Healthy Lifestyle Market,Health-oriented restaurant,higher-income trade area,health-oriented food concentration,High,Young Demand High,High,Growing,Medium,Low,Low,High,Medium,High,Medium,Low
796513,Ocean Blue Seafood And Bar,38134,38134,47157,Memphis,TN,Shelby,RURAL,5,Comfort Dining Market,Wings-focused restaurant,mid-market trade area,health-oriented food concentration,High,Senior Demand High,Medium,Stable,High,Low,Low,High,Low,High,Medium,Medium
2291081,O'Charley's,38654,38654,28033,Olive Branch,MS,DeSoto,RURAL,5,Comfort Dining Market,Seafood-focused restaurant,higher-income trade area,beverage-led food concentration,High,Balanced Age Demand,High,Growing,High,Low,Low,High,Medium,Medium,High,Medium
1243940,Panera Bread,38117,38117,47157,Memphis,TN,Shelby,SUBURBAN,5,Comfort Dining Market,Chicken-focused restaurant,higher-income trade area,beverage-led food concentration,High,Senior Demand High,High,Stable,High,Medium,Low,High,Low,High,High,Low
1531213,Petra Pastry,38134,38134,47157,Memphis,TN,Shelby,RURAL,5,Comfort Dining Market,Health-oriented restaurant,mid-market trade area,health-oriented food concentration,High,Senior Demand High,Medium,Stable,High,Low,Low,High,Low,High,Medium,Medium
1556180,Pizza Hut,72335,72335,05123,Forrest City,AR,St. Francis,RURAL,0,Social Dining Market,Wings-focused restaurant,value-oriented trade area,fast-service concentration,High,Senior Demand High,Low,Declining,Medium,High,Medium,Medium,High,Medium,Medium,High
1246968,Pizza Hut,38654,38654,28033,Olive Branch,MS,DeSoto,RURAL,5,Comfort Dining Market,Wings-focused restaurant,higher-income trade area,beverage-led food concentration,High,Balanced Age Demand,High,Growing,High,Low,Low,High,Medium,Medium,High,Medium
2120450,Poke World,38016,38016,47157,Cordova,TN,Shelby,RURAL,5,Comfort Dining Market,Asian cuisine restaurant,higher-income trade area,health-oriented food concentration,High,Senior Demand High,High,Stable,High,Low,Low,High,Low,High,High,Medium
1247678,Popeyes Louisiana Kitchen,72301,72301,05035,West Memphis,AR,Crittenden,RURAL,4,Healthy Lifestyle Market,Wings-focused restaurant,value-oriented trade area,fast-service concentration,High,Balanced Age Demand,Low,Stable,High,Low,Medium,Medium,High,Medium,Medium,High
1247686,Popeyes Louisiana Kitchen,38116,38116,47157,Memphis,TN,Shelby,RURAL,4,Healthy Lifestyle Market,Wings-focused restaurant,value-oriented trade area,wings and chicken-wing concentration,High,Young Demand High,Low,Stable,High,Low,Low,High,High,Medium,Medium,High
730487,Popeyes Louisiana Kitchen,38654,38654,28033,Olive Branch,MS,DeSoto,RURAL,5,Comfort Dining Market,Wings-focused restaurant,higher-income trade area,beverage-led food concentration,High,Balanced Age Demand,High,Growing,High,Low,Low,High,Medium,Medium,High,Medium
1250114,Sams Southern Eatery,72396,72396,05037,Wynne,AR,Cross,RURAL,3,Youth Convenience Market,Fast-service restaurant,mid-market trade area,health-oriented food concentration,High,Young Demand High,Medium,Stable,Medium,High,Medium,Low,Medium,High,Medium,Medium
2522494,Shawarma To Go,38122,38122,47157,Memphis,TN,Shelby,SUBURBAN,4,Healthy Lifestyle Market,Health-oriented restaurant,value-oriented trade area,health-oriented food concentration,High,Young Demand High,Low,Declining,High,Medium,Low,High,Low,High,Medium,Medium
808062,Soul Heaven Restaurant,38116,38116,47157,Memphis,TN,Shelby,RURAL,4,Healthy Lifestyle Market,General restaurant,value-oriented trade area,wings and chicken-wing concentration,High,Young Demand High,Low,Stable,High,Low,Low,High,High,Medium,Medium,High
1636351,Speedy Cafe,38118,38118,47157,Memphis,TN,Shelby,RURAL,4,Healthy Lifestyle Market,Fast-service restaurant,value-oriented trade area,wings and chicken-wing concentration,High,Young Demand High,Low,Stable,Medium,Low,Medium,High,High,Medium,Medium,High
1427907,Subway,38116,38116,47157,Memphis,TN,Shelby,RURAL,4,Healthy Lifestyle Market,Health-oriented restaurant,value-oriented trade area,wings and chicken-wing concentration,High,Young Demand High,Low,Stable,High,Low,Low,High,High,Medium,Medium,High
1254795,Subway,38122,38122,47157,Memphis,TN,Shelby,SUBURBAN,4,Healthy Lifestyle Market,Health-oriented restaurant,value-oriented trade area,health-oriented food concentration,High,Young Demand High,Low,Declining,High,Medium,Low,High,Low,High,Medium,Medium
2210292,Sushi from Kroger by Snowfox,38016,38016,47157,Cordova,TN,Shelby,RURAL,5,Comfort Dining Market,General restaurant,higher-income trade area,health-oriented food concentration,High,Senior Demand High,High,Stable,High,Low,Low,High,Low,High,High,Medium
2524092,The Toasted Yolk Cafe,38138,38138,47157,Germantown,TN,Shelby,RURAL,14,Social Dining Market,Beverage-led restaurant,higher-income trade area,health-oriented food concentration,High,Young Demand High,High,Stable,High,Low,Medium,High,Low,High,High,Low
1715219,Tokyo House,38141,38141,47157,Memphis,TN,Shelby,SUBURBAN,1,Social Dining Market,Wings-focused restaurant,mid-market trade area,wings and chicken-wing concentration,High,Balanced Age Demand,Medium,Growing,Medium,Medium,Medium,Medium,High,Medium,Medium,High
1007772,Tortilleria La Unica,38122,38122,47157,Memphis,TN,Shelby,SUBURBAN,4,Healthy Lifestyle Market,Mexican cuisine restaurant,value-oriented trade area,health-oriented food concentration,High,Young Demand High,Low,Declining,High,Medium,Low,High,Low,High,Medium,Medium
1590266,Walgreens Alcohol,38116,38116,47157,Memphis,TN,Shelby,RURAL,4,Healthy Lifestyle Market,General restaurant,value-oriented trade area,wings and chicken-wing concentration,High,Young Demand High,Low,Stable,High,Low,Low,High,High,Medium,Medium,High
2205728,Walgreens Alcohol,38019,38019,47167,Covington,TN,Tipton,RURAL,4,Healthy Lifestyle Market,General restaurant,mid-market trade area,beverage-led food concentration,Medium,Balanced Age Demand,Medium,Stable,Medium,Medium,Medium,Medium,Medium,Low,Medium,Medium
2205729,Walgreens Alcohol,38133,38133,47157,Memphis,TN,Shelby,RURAL,5,Comfort Dining Market,General restaurant,higher-income trade area,health-oriented food concentration,High,Balanced Age Demand,High,Stable,High,Low,Low,High,Medium,High,Medium,Medium
1433164,Wendy's,72301,72301,05035,West Memphis,AR,Crittenden,RURAL,4,Healthy Lifestyle Market,Fast-service restaurant,value-oriented trade area,fast-service concentration,High,Balanced Age Demand,Low,Stable,High,Low,Medium,Medium,High,Medium,Medium,High
1809703,Whataburger,38002,38002,47157,Arlington,TN,Shelby,RURAL,13,Healthy Lifestyle Market,Chicken-focused restaurant,higher-income trade area,health-oriented food concentration,High,Young Demand High,High,Growing,Medium,Low,Low,High,Medium,High,High,Medium
2524751,Wimpy's Burgers & Fries,38672,38672,28033,Southaven,MS,DeSoto,RURAL,13,Healthy Lifestyle Market,Fast-service restaurant,higher-income trade area,health-oriented food concentration,High,Young Demand High,High,Growing,High,Medium,Low,Medium,Medium,High,High,Medium
2537191,All Star Hot Wings 2,38119,38119,47157,Memphis,TN,Shelby,SUBURBAN,5,Comfort Dining Market,Wings-focused restaurant,higher-income trade area,beverage-led food concentration,High,Senior Demand High,High,Stable,High,Medium,Low,High,Low,Medium,High,Low
2555397,Trap Fusion,38116,38116,47157,Memphis,TN,Shelby,RURAL,4,Healthy Lifestyle Market,Wings-focused restaurant,value-oriented trade area,wings and chicken-wing concentration,High,Young Demand High,Low,Stable,High,Low,Low,High,High,Medium,Medium,High
1064941,All Star Hot Wings,38104,38104,47157,Memphis,TN,Shelby,SUBURBAN,5,Comfort Dining Market,Wings-focused restaurant,mid-market trade area,beverage-led food concentration,High,Senior Demand High,Medium,Stable,High,Low,Low,High,Medium,High,High,Medium
1063391,ADLINES HOT WINGS,38128,38128,47157,Memphis,TN,Shelby,RURAL,4,Healthy Lifestyle Market,Wings-focused restaurant,value-oriented trade area,wings and chicken-wing concentration,High,Young Demand High,Low,Stable,Medium,Low,Medium,High,High,Medium,Medium,High
1945476,ALL STAR WINGS,38122,38122,47157,Memphis,TN,Shelby,SUBURBAN,4,Healthy Lifestyle Market,Wings-focused restaurant,value-oriented trade area,health-oriented food concentration,High,Young Demand High,Low,Declining,High,Medium,Low,High,Low,High,Medium,Medium
2073211,Exquisite Taste,38104,38104,47157,Memphis,TN,Shelby,SUBURBAN,5,Comfort Dining Market,Wings-focused restaurant,mid-market trade area,beverage-led food concentration,High,Senior Demand High,Medium,Stable,High,Low,Low,High,Medium,High,High,Medium
2465815,Panda Buffet,38635,38635,28093,Holly Springs,MS,Marshall,RURAL,12,Healthy Lifestyle Market,Wings-focused restaurant,mid-market trade area,health-oriented food concentration,High,Senior Demand High,Medium,Stable,Low,High,Low,High,High,High,Medium,High
990717,Happy Mexican,38119,38119,47157,Memphis,TN,Shelby,SUBURBAN,5,Comfort Dining Market,Mexican cuisine restaurant,higher-income trade area,beverage-led food concentration,High,Senior Demand High,High,Stable,High,Medium,Low,High,Low,Medium,High,Low
989271,abbays Olive Branch,38654,38654,28033,Olive Branch,MS,DeSoto,RURAL,5,Comfort Dining Market,Fast-service restaurant,higher-income trade area,beverage-led food concentration,High,Balanced Age Demand,High,Growing,High,Low,Low,High,Medium,Medium,High,Medium
212429,Napa Cafe,38117,38117,47157,Memphis,TN,Shelby,SUBURBAN,5,Comfort Dining Market,Seafood-focused restaurant,higher-income trade area,beverage-led food concentration,High,Senior Demand High,High,Stable,High,Medium,Low,High,Low,High,High,Low
2462389,T & T's Kitchen,38126,38126,47157,Memphis,TN,Shelby,SUBURBAN,6,Youth Convenience Market,General restaurant,value-oriented trade area,fast-service concentration,Medium,Balanced Age Demand,Low,Growing,Medium,Medium,High,Medium,Medium,Low,Low,Medium
1909603,ELECTRIC TACOS,38103,38103,47157,Memphis,TN,Shelby,SUBURBAN,5,Comfort Dining Market,Mexican cuisine restaurant,higher-income trade area,beverage-led food concentration,High,Senior Demand High,High,Stable,High,Low,Medium,High,Low,Medium,High,Low
2442190,QUEENZ WINGZ AND THINGZ,38109,38109,47157,Memphis,TN,Shelby,RURAL,6,Youth Convenience Market,General restaurant,value-oriented trade area,wings and chicken-wing concentration,High,Balanced Age Demand,Low,Stable,Low,Low,Medium,Medium,High,Low,Medium,High
2560513,CRAVE WINGS,38016,38016,47157,Cordova,TN,Shelby,RURAL,5,Comfort Dining Market,Wings-focused restaurant,higher-income trade area,health-oriented food concentration,High,Senior Demand High,High,Stable,High,Low,Low,High,Low,High,High,Medium
2445104,MOCHI & MI CORDOVA,38016,38016,47157,Cordova,TN,Shelby,RURAL,5,Comfort Dining Market,Health-oriented restaurant,higher-income trade area,health-oriented food concentration,High,Senior Demand High,High,Stable,High,Low,Low,High,Low,High,High,Medium
1391378,FLAVA SHACK SEAFOOD,38141,38141,47157,Memphis,TN,Shelby,SUBURBAN,1,Social Dining Market,Seafood-focused restaurant,mid-market trade area,wings and chicken-wing concentration,High,Balanced Age Demand,Medium,Growing,Medium,Medium,Medium,Medium,High,Medium,Medium,High
2576150,Amigos Restaurant,38118,38118,47157,Memphis,TN,Shelby,RURAL,4,Healthy Lifestyle Market,Mexican cuisine restaurant,value-oriented trade area,wings and chicken-wing concentration,High,Young Demand High,Low,Stable,Medium,Low,Medium,High,High,Medium,Medium,High
2453206,KB ONESTOP SHOP CARRYOUT,38106,38106,47157,Memphis,TN,Shelby,RURAL,6,Youth Convenience Market,General restaurant,value-oriented trade area,wings and chicken-wing concentration,High,Young Demand High,Low,Declining,Medium,Medium,Medium,Low,High,Low,Low,High
1953356,ZamZamz Grill,38119,38119,47157,Memphis,TN,Shelby,SUBURBAN,5,Comfort Dining Market,Health-oriented restaurant,higher-income trade area,beverage-led food concentration,High,Senior Demand High,High,Stable,High,Medium,Low,High,Low,Medium,High,Low
2505902,HALAL BOYZ,38654,38654,28033,Olive Branch,MS,DeSoto,RURAL,5,Comfort Dining Market,Health-oriented restaurant,higher-income trade area,beverage-led food concentration,High,Balanced Age Demand,High,Growing,High,Low,Low,High,Medium,Medium,High,Medium
2059841,UNCLE GOYOS MEXICAN,38138,38138,47157,Germantown,TN,Shelby,RURAL,14,Social Dining Market,Mexican cuisine restaurant,higher-income trade area,health-oriented food concentration,High,Young Demand High,High,Stable,High,Low,Medium,High,Low,High,High,Low
2052247,EL TORO AT KIRBY,38119,38119,47157,Memphis,TN,Shelby,SUBURBAN,5,Comfort Dining Market,Mexican cuisine restaurant,higher-income trade area,beverage-led food concentration,High,Senior Demand High,High,Stable,High,Medium,Low,High,Low,Medium,High,Low
2071617,HAPPY GREEK CAFE LLC,38111,38111,47157,Memphis,TN,Shelby,SUBURBAN,5,Comfort Dining Market,Health-oriented restaurant,mid-market trade area,health-oriented food concentration,High,Senior Demand High,Medium,Declining,High,Low,Low,High,Low,High,High,Medium
2556262,CEDARS RESTAURANT INC,38018,38018,47157,Cordova,TN,Shelby,RURAL,5,Comfort Dining Market,Health-oriented restaurant,higher-income trade area,health-oriented food concentration,High,Senior Demand High,High,Growing,High,Low,Low,High,Medium,High,Medium,Medium
2458579,North Memphis Market,38107,38107,47157,Memphis,TN,Shelby,RURAL,0,Social Dining Market,General restaurant,value-oriented trade area,beverage-led food concentration,High,Senior Demand High,Low,Declining,Medium,High,Medium,Medium,Low,High,High,Medium
2468949,VERSA4ORE CUISINE,38018,38018,47157,Cordova,TN,Shelby,RURAL,5,Comfort Dining Market,General restaurant,higher-income trade area,health-oriented food concentration,High,Senior Demand High,High,Growing,High,Low,Low,High,Medium,High,Medium,Medium
2456101,JAMAICAN QUEEN FOOD,38115,38115,47157,Memphis,TN,Shelby,SUBURBAN,4,Healthy Lifestyle Market,General restaurant,value-oriented trade area,wings and chicken-wing concentration,High,Senior Demand High,Low,Declining,High,Low,Medium,High,Medium,Medium,Low,High
2447908,Ancient Grounds,38112,38112,47157,Memphis,TN,Shelby,SUBURBAN,4,Healthy Lifestyle Market,Beverage-led restaurant,mid-market trade area,wings and chicken-wing concentration,Medium,Balanced Age Demand,Medium,Stable,High,Medium,Medium,High,Low,Medium,Medium,Medium
2535374,MIKES HOT WINGS,38138,38138,47157,Germantown,TN,Shelby,RURAL,14,Social Dining Market,Wings-focused restaurant,higher-income trade area,health-oriented food concentration,High,Young Demand High,High,Stable,High,Low,Medium,High,Low,High,High,Low
2460449,BBQ SOUL TRAIN,38117,38117,47157,Memphis,TN,Shelby,SUBURBAN,5,Comfort Dining Market,General restaurant,higher-income trade area,beverage-led food concentration,High,Senior Demand High,High,Stable,High,Medium,Low,High,Low,High,High,Low
409819,Cafe 1912,38104,38104,47157,Memphis,TN,Shelby,SUBURBAN,5,Comfort Dining Market,Seafood-focused restaurant,mid-market trade area,beverage-led food concentration,High,Senior Demand High,Medium,Stable,High,Low,Low,High,Medium,High,High,Medium
1848227,Delta's Kitchen,38116,38116,47157,Memphis,TN,Shelby,RURAL,4,Healthy Lifestyle Market,Fast-service restaurant,value-oriented trade area,wings and chicken-wing concentration,High,Young Demand High,Low,Stable,High,Low,Low,High,High,Medium,Medium,High
841789,Great Hunter Crab Seafood Restaurant,38133,38133,47157,Memphis,TN,Shelby,RURAL,5,Comfort Dining Market,Seafood-focused restaurant,higher-income trade area,health-oriented food concentration,High,Balanced Age Demand,High,Stable,High,Low,Low,High,Medium,High,Medium,Medium
2274340,Highlander Scottish Pub,38017,38017,47157,Collierville,TN,Shelby,RURAL,13,Healthy Lifestyle Market,Fast-service restaurant,higher-income trade area,health-oriented food concentration,High,Young Demand High,High,Growing,Medium,Low,Low,High,Medium,High,Medium,Low
1759873,Ignite Steakhouse,72301,72301,05035,West Memphis,AR,Crittenden,RURAL,4,Healthy Lifestyle Market,General restaurant,value-oriented trade area,fast-service concentration,High,Balanced Age Demand,Low,Stable,High,Low,Medium,Medium,High,Medium,Medium,High
2456254,Local on the Square,38104,38104,47157,Memphis,TN,Shelby,SUBURBAN,5,Comfort Dining Market,Beverage-led restaurant,mid-market trade area,beverage-led food concentration,High,Senior Demand High,Medium,Stable,High,Low,Low,High,Medium,High,High,Medium
1160062,Maximo's on Broad,38112,38112,47157,Memphis,TN,Shelby,SUBURBAN,4,Healthy Lifestyle Market,Beverage-led restaurant,mid-market trade area,wings and chicken-wing concentration,Medium,Balanced Age Demand,Medium,Stable,High,Medium,Medium,High,Low,Medium,Medium,Medium
369323,South Main Sushi & Grill,38103,38103,47157,Memphis,TN,Shelby,SUBURBAN,5,Comfort Dining Market,Asian cuisine restaurant,higher-income trade area,beverage-led food concentration,High,Senior Demand High,High,Stable,High,Low,Medium,High,Low,Medium,High,Low
2563906,Alex Farms Hickory Smoked Chicken Salad Olive Branch,38654,38654,28033,Olive Branch,MS,DeSoto,RURAL,5,Comfort Dining Market,Fast-service restaurant,higher-income trade area,beverage-led food concentration,High,Balanced Age Demand,High,Growing,High,Low,Low,High,Medium,Medium,High,Medium
1003456,Barksdale's,38104,38104,47157,Memphis,TN,Shelby,SUBURBAN,5,Comfort Dining Market,Beverage-led restaurant,mid-market trade area,beverage-led food concentration,High,Senior Demand High,Medium,Stable,High,Low,Low,High,Medium,High,High,Medium
2474191,Burger Prime N/A,38002,38002,47157,Arlington,TN,Shelby,RURAL,13,Healthy Lifestyle Market,Fast-service restaurant,higher-income trade area,health-oriented food concentration,High,Young Demand High,High,Growing,Medium,Low,Low,High,Medium,High,High,Medium
860080,Cheffie's Cafe High Point Terrace,38122,38122,47157,Memphis,TN,Shelby,SUBURBAN,4,Healthy Lifestyle Market,Health-oriented restaurant,value-oriented trade area,health-oriented food concentration,High,Young Demand High,Low,Declining,High,Medium,Low,High,Low,High,Medium,Medium
2552404,Conte's Italian Kitchen,38018,38018,47157,Cordova,TN,Shelby,RURAL,5,Comfort Dining Market,General restaurant,higher-income trade area,health-oriented food concentration,High,Senior Demand High,High,Growing,High,Low,Low,High,Medium,High,Medium,Medium
1494496,Curry N Jerk,38103,38103,47157,Memphis,TN,Shelby,SUBURBAN,5,Comfort Dining Market,Seafood-focused restaurant,higher-income trade area,beverage-led food concentration,High,Senior Demand High,High,Stable,High,Low,Medium,High,Low,Medium,High,Low
796825,Kukuruku Crispy Chicken,38002,38002,47157,Arlington,TN,Shelby,RURAL,13,Healthy Lifestyle Market,Asian cuisine restaurant,higher-income trade area,health-oriented food concentration,High,Young Demand High,High,Growing,Medium,Low,Low,High,Medium,High,High,Medium
424315,The Chicken Coop,38060,38060,47047,Oakland,TN,Fayette,RURAL,5,Comfort Dining Market,Wings-focused restaurant,higher-income trade area,wings and chicken-wing concentration,High,Senior Demand High,High,Growing,High,Medium,Low,Medium,Low,Medium,Medium,High
2532021,Up Town BBQ & Fish,38019,38019,47167,Covington,TN,Tipton,RURAL,4,Healthy Lifestyle Market,Seafood-focused restaurant,mid-market trade area,beverage-led food concentration,Medium,Balanced Age Demand,Medium,Stable,Medium,Medium,Medium,Medium,Medium,Low,Medium,Medium
1027825,SweetPea's Table Restaurant,38654,38654,28033,Olive Branch,MS,DeSoto,RURAL,5,Comfort Dining Market,Fast-service restaurant,higher-income trade area,beverage-led food concentration,High,Balanced Age Demand,High,Growing,High,Low,Low,High,Medium,Medium,High,Medium
2252683,Lennys Grill & Subs,38654,38654,28033,Olive Branch,MS,DeSoto,RURAL,5,Comfort Dining Market,Fast-service restaurant,higher-income trade area,beverage-led food concentration,High,Balanced Age Demand,High,Growing,High,Low,Low,High,Medium,Medium,High,Medium
2474970,Drafts Bar & Grill,38664,38664,28143,Robinsonville,MS,Tunica,RURAL,5,Comfort Dining Market,Beverage-led restaurant,mid-market trade area,fast-service concentration,Low,Senior Demand High,Medium,Growing,High,High,Medium,Medium,Low,Medium,Medium,Low
468684,Huey's Downtown,38103,38103,47157,Memphis,TN,Shelby,SUBURBAN,5,Comfort Dining Market,Beverage-led restaurant,higher-income trade area,beverage-led food concentration,High,Senior Demand High,High,Stable,High,Low,Medium,High,Low,Medium,High,Low
2176091,Lennys Grill & Subs,38104,38104,47157,Memphis,TN,Shelby,SUBURBAN,5,Comfort Dining Market,Fast-service restaurant,mid-market trade area,beverage-led food concentration,High,Senior Demand High,Medium,Stable,High,Low,Low,High,Medium,High,High,Medium
1531399,#GetSmoked Pizza Bar,38114,38114,47157,Memphis,TN,Shelby,SUBURBAN,0,Social Dining Market,General restaurant,value-oriented trade area,wings and chicken-wing concentration,High,Senior Demand High,Low,Declining,Medium,Medium,Medium,Medium,High,Medium,Low,High
809759,All in one bar and grill,38109,38109,47157,Memphis,TN,Shelby,RURAL,6,Youth Convenience Market,Wings-focused restaurant,value-oriented trade area,wings and chicken-wing concentration,High,Balanced Age Demand,Low,Stable,Low,Low,Medium,Medium,High,Low,Medium,High
1439087,Asiana Vegetarian,38138,38138,47157,Germantown,TN,Shelby,RURAL,14,Social Dining Market,Asian cuisine restaurant,higher-income trade area,health-oriented food concentration,High,Young Demand High,High,Stable,High,Low,Medium,High,Low,High,High,Low
2525540,Baskin-Robbins,38654,38654,28033,Olive Branch,MS,DeSoto,RURAL,5,Comfort Dining Market,Fast-service restaurant,higher-income trade area,beverage-led food concentration,High,Balanced Age Demand,High,Growing,High,Low,Low,High,Medium,Medium,High,Medium
2242511,Birddog Breakfast,38134,38134,47157,Memphis,TN,Shelby,RURAL,5,Comfort Dining Market,Fast-service restaurant,mid-market trade area,health-oriented food concentration,High,Senior Demand High,Medium,Stable,High,Low,Low,High,Low,High,Medium,Medium
814729,Buffalo Wild Wings,38671,38671,28033,Southaven,MS,DeSoto,RURAL,4,Healthy Lifestyle Market,Wings-focused restaurant,mid-market trade area,beverage-led food concentration,High,Balanced Age Demand,Medium,Stable,High,Low,Low,High,Medium,Medium,High,High
1266953,Buffalo Wild Wings,38133,38133,47157,Memphis,TN,Shelby,RURAL,5,Comfort Dining Market,Wings-focused restaurant,higher-income trade area,health-oriented food concentration,High,Balanced Age Demand,High,Stable,High,Low,Low,High,Medium,High,Medium,Medium
1267370,Cafe Eclipse,38017,38017,47157,Collierville,TN,Shelby,RURAL,13,Healthy Lifestyle Market,Fast-service restaurant,higher-income trade area,health-oriented food concentration,High,Young Demand High,High,Growing,Medium,Low,Low,High,Medium,High,Medium,Low
2514945,Captain JJ's,38114,38114,47157,Memphis,TN,Shelby,SUBURBAN,0,Social Dining Market,Wings-focused restaurant,value-oriented trade area,wings and chicken-wing concentration,High,Senior Demand High,Low,Declining,Medium,Medium,Medium,Medium,High,Medium,Low,High
1221344,Chill Frozen Treats and Sweets,38139,38139,47157,Germantown,TN,Shelby,RURAL,14,Social Dining Market,Health-oriented restaurant,higher-income trade area,beverage-led food concentration,High,Young Demand High,High,Growing,Medium,High,Low,Medium,Low,Medium,High,Medium
2515466,Chukis Tacos 2,38111,38111,47157,Memphis,TN,Shelby,SUBURBAN,5,Comfort Dining Market,Mexican cuisine restaurant,mid-market trade area,health-oriented food concentration,High,Senior Demand High,Medium,Declining,High,Low,Low,High,Low,High,High,Medium
1508154,Cicis Pizza,38111,38111,47157,Memphis,TN,Shelby,SUBURBAN,5,Comfort Dining Market,General restaurant,mid-market trade area,health-oriented food concentration,High,Senior Demand High,Medium,Declining,High,Low,Low,High,Low,High,High,Medium
2515758,Cracker Barrel Old Country Store,38637,38637,28033,Horn Lake,MS,DeSoto,RURAL,4,Healthy Lifestyle Market,Fast-service restaurant,mid-market trade area,wings and chicken-wing concentration,High,Balanced Age Demand,Medium,Stable,High,Medium,Low,High,Medium,High,Medium,High
2103960,D'bo's Buffalo Wings-N-Things,38125,38125,47157,Memphis,TN,Shelby,RURAL,5,Comfort Dining Market,Wings-focused restaurant,higher-income trade area,fast-service concentration,Medium,Balanced Age Demand,High,Growing,Medium,Low,Low,High,Medium,Medium,Medium,Medium
1963315,Domino's Pizza,38632,38632,28033,Hernando,MS,DeSoto,RURAL,1,Social Dining Market,Wings-focused restaurant,higher-income trade area,beverage-led food concentration,High,Balanced Age Demand,High,Growing,Medium,Medium,Medium,Medium,Medium,Medium,High,High
2251128,Domino's Pizza,72301,72301,05035,West Memphis,AR,Crittenden,RURAL,4,Healthy Lifestyle Market,Wings-focused restaurant,value-oriented trade area,fast-service concentration,High,Balanced Age Demand,Low,Stable,High,Low,Medium,Medium,High,Medium,Medium,High
1026730,Dunkin',38134,38134,47157,Memphis,TN,Shelby,RURAL,5,Comfort Dining Market,Beverage-led restaurant,mid-market trade area,health-oriented food concentration,High,Senior Demand High,Medium,Stable,High,Low,Low,High,Low,High,Medium,Medium
1996990,Eggs Up Grill,38138,38138,47157,Germantown,TN,Shelby,RURAL,14,Social Dining Market,General restaurant,higher-income trade area,health-oriented food concentration,High,Young Demand High,High,Stable,High,Low,Medium,High,Low,High,High,Low
1448934,Evergreen Grill,38112,38112,47157,Memphis,TN,Shelby,SUBURBAN,4,Healthy Lifestyle Market,Fast-service restaurant,mid-market trade area,wings and chicken-wing concentration,Medium,Balanced Age Demand,Medium,Stable,High,Medium,Medium,High,Low,Medium,Medium,Medium
995550,Ferguson's BBQ,38133,38133,47157,Memphis,TN,Shelby,RURAL,5,Comfort Dining Market,Health-oriented restaurant,higher-income trade area,health-oriented food concentration,High,Balanced Age Demand,High,Stable,High,Low,Low,High,Medium,High,Medium,Medium
1997010,FLASH MART,38108,38108,47157,Memphis,TN,Shelby,RURAL,6,Youth Convenience Market,Fast-service restaurant,value-oriented trade area,wings and chicken-wing concentration,High,Young Demand High,Low,Stable,Low,Medium,High,Low,Medium,Medium,Medium,High
2390841,Fresh &amp; Ready from Kroger,38017,38017,47157,Collierville,TN,Shelby,RURAL,13,Healthy Lifestyle Market,General restaurant,higher-income trade area,health-oriented food concentration,High,Young Demand High,High,Growing,Medium,Low,Low,High,Medium,High,Medium,Low
2517835,Gus's World Famous Fried Chicken,38103,38103,47157,Memphis,TN,Shelby,SUBURBAN,5,Comfort Dining Market,Chicken-focused restaurant,higher-income trade area,beverage-led food concentration,High,Senior Demand High,High,Stable,High,Low,Medium,High,Low,Medium,High,Low
1917504,Guthrie's,38654,38654,28033,Olive Branch,MS,DeSoto,RURAL,5,Comfort Dining Market,Chicken-focused restaurant,higher-income trade area,beverage-led food concentration,High,Balanced Age Demand,High,Growing,High,Low,Low,High,Medium,Medium,High,Medium
2167949,Honey’s Grill,38128,38128,47157,Memphis,TN,Shelby,RURAL,4,Healthy Lifestyle Market,General restaurant,value-oriented trade area,wings and chicken-wing concentration,High,Young Demand High,Low,Stable,Medium,Low,Medium,High,High,Medium,Medium,High
1506690,Hunt Brothers Summer Ave Exxon,38112,38112,47157,Memphis,TN,Shelby,SUBURBAN,4,Healthy Lifestyle Market,Wings-focused restaurant,mid-market trade area,wings and chicken-wing concentration,Medium,Balanced Age Demand,Medium,Stable,High,Medium,Medium,High,Low,Medium,Medium,Medium
1272395,J R Fish &amp; Chicken,38116,38116,47157,Memphis,TN,Shelby,RURAL,4,Healthy Lifestyle Market,Wings-focused restaurant,value-oriented trade area,wings and chicken-wing concentration,High,Young Demand High,Low,Stable,High,Low,Low,High,High,Medium,Medium,High
763766,Jason's Deli,38654,38654,28033,Olive Branch,MS,DeSoto,RURAL,5,Comfort Dining Market,Health-oriented restaurant,higher-income trade area,beverage-led food concentration,High,Balanced Age Demand,High,Growing,High,Low,Low,High,Medium,Medium,High,Medium
809877,Jerrys Snow Cone,38108,38108,47157,Memphis,TN,Shelby,RURAL,6,Youth Convenience Market,General restaurant,value-oriented trade area,wings and chicken-wing concentration,High,Young Demand High,Low,Stable,Low,Medium,High,Low,Medium,Medium,Medium,High
2518647,Jimmy John's,38117,38117,47157,Memphis,TN,Shelby,SUBURBAN,5,Comfort Dining Market,Fast-service restaurant,higher-income trade area,beverage-led food concentration,High,Senior Demand High,High,Stable,High,Medium,Low,High,Low,High,High,Low
2518881,Kellie's Deli,38103,38103,47157,Memphis,TN,Shelby,SUBURBAN,5,Comfort Dining Market,Health-oriented restaurant,higher-income trade area,beverage-led food concentration,High,Senior Demand High,High,Stable,High,Low,Medium,High,Low,Medium,High,Low
1235568,King Arthur’s Hot Wings And More,38637,38637,28033,Horn Lake,MS,DeSoto,RURAL,4,Healthy Lifestyle Market,Wings-focused restaurant,mid-market trade area,wings and chicken-wing concentration,High,Balanced Age Demand,Medium,Stable,High,Medium,Low,High,Medium,High,Medium,High
2119818,Kobe Japan Express,38125,38125,47157,Memphis,TN,Shelby,RURAL,5,Comfort Dining Market,Asian cuisine restaurant,higher-income trade area,fast-service concentration,Medium,Balanced Age Demand,High,Growing,Medium,Low,Low,High,Medium,Medium,Medium,Medium
1446120,Krispy Krunch Chicken,38122,38122,47157,Memphis,TN,Shelby,SUBURBAN,4,Healthy Lifestyle Market,Wings-focused restaurant,value-oriented trade area,health-oriented food concentration,High,Young Demand High,Low,Declining,High,Medium,Low,High,Low,High,Medium,Medium
1273714,L &amp; S Fish and Hotwings,38116,38116,47157,Memphis,TN,Shelby,RURAL,4,Healthy Lifestyle Market,Wings-focused restaurant,value-oriented trade area,wings and chicken-wing concentration,High,Young Demand High,Low,Stable,High,Low,Low,High,High,Medium,Medium,High
2212698,La Casa Del Chapin,38118,38118,47157,Memphis,TN,Shelby,RURAL,4,Healthy Lifestyle Market,Mexican cuisine restaurant,value-oriented trade area,wings and chicken-wing concentration,High,Young Demand High,Low,Stable,Medium,Low,Medium,High,High,Medium,Medium,High
1816719,Little Caesars,38128,38128,47157,Memphis,TN,Shelby,RURAL,4,Healthy Lifestyle Market,Wings-focused restaurant,value-oriented trade area,wings and chicken-wing concentration,High,Young Demand High,Low,Stable,Medium,Low,Medium,High,High,Medium,Medium,High
2252750,Little Caesars Pizza,38117,38117,47157,Memphis,TN,Shelby,SUBURBAN,5,Comfort Dining Market,Wings-focused restaurant,higher-income trade area,beverage-led food concentration,High,Senior Demand High,High,Stable,High,Medium,Low,High,Low,High,High,Low
699724,Marco's Pizza,38104,38104,47157,Memphis,TN,Shelby,SUBURBAN,5,Comfort Dining Market,Health-oriented restaurant,mid-market trade area,beverage-led food concentration,High,Senior Demand High,Medium,Stable,High,Low,Low,High,Medium,High,High,Medium
1274942,Mayo's Burgers &amp; Wings,38111,38111,47157,Memphis,TN,Shelby,SUBURBAN,5,Comfort Dining Market,Wings-focused restaurant,mid-market trade area,health-oriented food concentration,High,Senior Demand High,Medium,Declining,High,Low,Low,High,Low,High,High,Medium
2260449,McAlister's Deli,38654,38654,28033,Olive Branch,MS,DeSoto,RURAL,5,Comfort Dining Market,Health-oriented restaurant,higher-income trade area,beverage-led food concentration,High,Balanced Age Demand,High,Growing,High,Low,Low,High,Medium,Medium,High,Medium
2529361,Captain JJ Fish & Chicken,38671,38671,28033,Southaven,MS,DeSoto,RURAL,4,Healthy Lifestyle Market,Wings-focused restaurant,mid-market trade area,beverage-led food concentration,High,Balanced Age Demand,Medium,Stable,High,Low,Low,High,Medium,Medium,High,High
1692000,Panda Express,38119,38119,47157,Memphis,TN,Shelby,SUBURBAN,5,Comfort Dining Market,Asian cuisine restaurant,higher-income trade area,beverage-led food concentration,High,Senior Demand High,High,Stable,High,Medium,Low,High,Low,Medium,High,Low
2415592,Pizza Italia,38103,38103,47157,Memphis,TN,Shelby,SUBURBAN,5,Comfort Dining Market,Health-oriented restaurant,higher-income trade area,beverage-led food concentration,High,Senior Demand High,High,Stable,High,Low,Medium,High,Low,Medium,High,Low
755385,Quintessential Sweets,38134,38134,47157,Memphis,TN,Shelby,RURAL,5,Comfort Dining Market,General restaurant,mid-market trade area,health-oriented food concentration,High,Senior Demand High,Medium,Stable,High,Low,Low,High,Low,High,Medium,Medium
2059927,Red Snapper,38127,38127,47157,Memphis,TN,Shelby,RURAL,6,Youth Convenience Market,Seafood-focused restaurant,value-oriented trade area,wings and chicken-wing concentration,High,Young Demand High,Low,Declining,Medium,Medium,Medium,Medium,High,Medium,Low,High
2522042,Rock'n Dough Pizza & Brewery,38105,38105,47157,Memphis,TN,Shelby,SUBURBAN,0,Social Dining Market,Fast-service restaurant,value-oriented trade area,health-oriented food concentration,High,Senior Demand High,Low,Declining,High,High,Medium,Medium,High,High,High,High
2391439,Skylite Liquors,38115,38115,47157,Memphis,TN,Shelby,SUBURBAN,4,Healthy Lifestyle Market,General restaurant,value-oriented trade area,wings and chicken-wing concentration,High,Senior Demand High,Low,Declining,High,Low,Medium,High,Medium,Medium,Low,High
2522871,Sparky's Spirits of Atoka,38004,38004,47167,Atoka,TN,Tipton,RURAL,1,Social Dining Market,General restaurant,higher-income trade area,wings and chicken-wing concentration,Medium,Senior Demand High,High,Growing,Medium,Medium,Low,Medium,Low,Low,Low,Medium
2186595,Subway,38116,38116,47157,Memphis,TN,Shelby,RURAL,4,Healthy Lifestyle Market,Health-oriented restaurant,value-oriented trade area,wings and chicken-wing concentration,High,Young Demand High,Low,Stable,High,Low,Low,High,High,Medium,Medium,High
1443843,Subway,38105,38105,47157,Memphis,TN,Shelby,SUBURBAN,0,Social Dining Market,Health-oriented restaurant,value-oriented trade area,health-oriented food concentration,High,Senior Demand High,Low,Declining,High,High,Medium,Medium,High,High,High,High
1280686,Subway,72301,72301,05035,West Memphis,AR,Crittenden,RURAL,4,Healthy Lifestyle Market,Health-oriented restaurant,value-oriented trade area,fast-service concentration,High,Balanced Age Demand,Low,Stable,High,Low,Medium,Medium,High,Medium,Medium,High
2531178,SugaShack,38103,38103,47157,Memphis,TN,Shelby,SUBURBAN,5,Comfort Dining Market,Chicken-focused restaurant,higher-income trade area,beverage-led food concentration,High,Senior Demand High,High,Stable,High,Low,Medium,High,Low,Medium,High,Low
2523214,Supreme Hot Wings,38671,38671,28033,Southaven,MS,DeSoto,RURAL,4,Healthy Lifestyle Market,Wings-focused restaurant,mid-market trade area,beverage-led food concentration,High,Balanced Age Demand,Medium,Stable,High,Low,Low,High,Medium,Medium,High,High
2214340,Sushi from Kroger by Snowfox,38133,38133,47157,Memphis,TN,Shelby,RURAL,5,Comfort Dining Market,General restaurant,higher-income trade area,health-oriented food concentration,High,Balanced Age Demand,High,Stable,High,Low,Low,High,Medium,High,Medium,Medium
2214346,Sushi from Kroger by Snowfox,38018,38018,47157,Cordova,TN,Shelby,RURAL,5,Comfort Dining Market,General restaurant,higher-income trade area,health-oriented food concentration,High,Senior Demand High,High,Growing,High,Low,Low,High,Medium,High,Medium,Medium
808027,Tenn Tea,38111,38111,47157,Memphis,TN,Shelby,SUBURBAN,5,Comfort Dining Market,Beverage-led restaurant,mid-market trade area,health-oriented food concentration,High,Senior Demand High,Medium,Declining,High,Low,Low,High,Low,High,High,Medium
2391697,The Ice Cream Shop,38111,38111,47157,Memphis,TN,Shelby,SUBURBAN,5,Comfort Dining Market,General restaurant,mid-market trade area,health-oriented food concentration,High,Senior Demand High,Medium,Declining,High,Low,Low,High,Low,High,High,Medium
2575715,Tipitapa Restaurant,38115,38115,47157,Memphis,TN,Shelby,SUBURBAN,4,Healthy Lifestyle Market,Mexican cuisine restaurant,value-oriented trade area,wings and chicken-wing concentration,High,Senior Demand High,Low,Declining,High,Low,Medium,High,Medium,Medium,Low,High
1438598,VIVYD,38134,38134,47157,Memphis,TN,Shelby,RURAL,5,Comfort Dining Market,Fast-service restaurant,mid-market trade area,health-oriented food concentration,High,Senior Demand High,Medium,Stable,High,Low,Low,High,Low,High,Medium,Medium
1443549,Walgreens Alcohol,38632,38632,28033,Hernando,MS,DeSoto,RURAL,1,Social Dining Market,General restaurant,higher-income trade area,beverage-led food concentration,High,Balanced Age Demand,High,Growing,Medium,Medium,Medium,Medium,Medium,Medium,High,High
1446372,Walgreens Alcohol,38116,38116,47157,Memphis,TN,Shelby,RURAL,4,Healthy Lifestyle Market,General restaurant,value-oriented trade area,wings and chicken-wing concentration,High,Young Demand High,Low,Stable,High,Low,Low,High,High,Medium,Medium,High
2205703,Walgreens Alcohol,38053,38053,47157,Millington,TN,Shelby,RURAL,4,Healthy Lifestyle Market,General restaurant,mid-market trade area,beverage-led food concentration,High,Young Demand High,Medium,Declining,High,Medium,Medium,Medium,Medium,Medium,High,Medium
1590272,wallys east africa tastes,38119,38119,47157,Memphis,TN,Shelby,SUBURBAN,5,Comfort Dining Market,General restaurant,higher-income trade area,beverage-led food concentration,High,Senior Demand High,High,Stable,High,Medium,Low,High,Low,Medium,High,Low
699625,Wendy's,38141,38141,47157,Memphis,TN,Shelby,SUBURBAN,1,Social Dining Market,Fast-service restaurant,mid-market trade area,wings and chicken-wing concentration,High,Balanced Age Demand,Medium,Growing,Medium,Medium,Medium,Medium,High,Medium,Medium,High
699609,Whataburger,38133,38133,47157,Memphis,TN,Shelby,RURAL,5,Comfort Dining Market,Chicken-focused restaurant,higher-income trade area,health-oriented food concentration,High,Balanced Age Demand,High,Stable,High,Low,Low,High,Medium,High,Medium,Medium
1694070,Zaxby's,72364,72364,05035,Marion,AR,Crittenden,RURAL,13,Healthy Lifestyle Market,Wings-focused restaurant,higher-income trade area,health-oriented food concentration,Medium,Young Demand High,High,Stable,Medium,Medium,High,Medium,Medium,Medium,Medium,Medium
1284568,Zopita’s on the Square,38017,38017,47157,Collierville,TN,Shelby,RURAL,13,Healthy Lifestyle Market,General restaurant,higher-income trade area,health-oriented food concentration,High,Young Demand High,High,Growing,Medium,Low,Low,High,Medium,High,Medium,Low
2326655,Krab Kingz,38115,38115,47157,Memphis,TN,Shelby,SUBURBAN,4,Healthy Lifestyle Market,Seafood-focused restaurant,value-oriented trade area,wings and chicken-wing concentration,High,Senior Demand High,Low,Declining,High,Low,Medium,High,Medium,Medium,Low,High
2468686,R&Beef Dawgz,38112,38112,47157,Memphis,TN,Shelby,SUBURBAN,4,Healthy Lifestyle Market,General restaurant,mid-market trade area,wings and chicken-wing concentration,Medium,Balanced Age Demand,Medium,Stable,High,Medium,Medium,High,Low,Medium,Medium,Medium
2499129,Southwind Fish,38125,38125,47157,Memphis,TN,Shelby,RURAL,5,Comfort Dining Market,Wings-focused restaurant,higher-income trade area,fast-service concentration,Medium,Balanced Age Demand,High,Growing,Medium,Low,Low,High,Medium,Medium,Medium,Medium
1049740,Happy Mexican,38103,38103,47157,Memphis,TN,Shelby,SUBURBAN,5,Comfort Dining Market,Mexican cuisine restaurant,higher-income trade area,beverage-led food concentration,High,Senior Demand High,High,Stable,High,Low,Medium,High,Low,Medium,High,Low
1107378,Sing Lay Chinese Restaurant,38127,38127,47157,Memphis,TN,Shelby,RURAL,6,Youth Convenience Market,Asian cuisine restaurant,value-oriented trade area,wings and chicken-wing concentration,High,Young Demand High,Low,Declining,Medium,Medium,Medium,Medium,High,Medium,Low,High
2138776,Tom's Barbecue,38118,38118,47157,Memphis,TN,Shelby,RURAL,4,Healthy Lifestyle Market,Health-oriented restaurant,value-oriented trade area,wings and chicken-wing concentration,High,Young Demand High,Low,Stable,Medium,Low,Medium,High,High,Medium,Medium,High
2100564,Hyderabad Biryani & More,38125,38125,47157,Memphis,TN,Shelby,RURAL,5,Comfort Dining Market,Asian cuisine restaurant,higher-income trade area,fast-service concentration,Medium,Balanced Age Demand,High,Growing,Medium,Low,Low,High,Medium,Medium,Medium,Medium
2476560,ENV,38018,38018,47157,Cordova,TN,Shelby,RURAL,5,Comfort Dining Market,General restaurant,higher-income trade area,health-oriented food concentration,High,Senior Demand High,High,Growing,High,Low,Low,High,Medium,High,Medium,Medium
1528548,LILYS BAKERY & CATERING,38122,38122,47157,Memphis,TN,Shelby,SUBURBAN,4,Healthy Lifestyle Market,General restaurant,value-oriented trade area,health-oriented food concentration,High,Young Demand High,Low,Declining,High,Medium,Low,High,Low,High,Medium,Medium
1889591,LEVEE CREAMERY LLC,38139,38139,47157,Germantown,TN,Shelby,RURAL,14,Social Dining Market,Beverage-led restaurant,higher-income trade area,beverage-led food concentration,High,Young Demand High,High,Growing,Medium,High,Low,Medium,Low,Medium,High,Medium
2453458,Nam Cafe,38016,38016,47157,Cordova,TN,Shelby,RURAL,5,Comfort Dining Market,Asian cuisine restaurant,higher-income trade area,health-oriented food concentration,High,Senior Demand High,High,Stable,High,Low,Low,High,Low,High,High,Medium
1367193,MEANS WINGZ & THINGZ,38127,38127,47157,Memphis,TN,Shelby,RURAL,6,Youth Convenience Market,Wings-focused restaurant,value-oriented trade area,wings and chicken-wing concentration,High,Young Demand High,Low,Declining,Medium,Medium,Medium,Medium,High,Medium,Low,High
2462296,ROCKET GREENS AND THINGS,38104,38104,47157,Memphis,TN,Shelby,SUBURBAN,5,Comfort Dining Market,General restaurant,mid-market trade area,beverage-led food concentration,High,Senior Demand High,Medium,Stable,High,Low,Low,High,Medium,High,High,Medium
2448219,TNL NAIL SUPPLIES,38133,38133,47157,Memphis,TN,Shelby,RURAL,5,Comfort Dining Market,General restaurant,higher-income trade area,health-oriented food concentration,High,Balanced Age Demand,High,Stable,High,Low,Low,High,Medium,High,Medium,Medium
2448371,STREET TACOS,38060,38060,47047,Oakland,TN,Fayette,RURAL,5,Comfort Dining Market,Mexican cuisine restaurant,higher-income trade area,wings and chicken-wing concentration,High,Senior Demand High,High,Growing,High,Medium,Low,Medium,Low,Medium,Medium,High
2563276,GARIBALDI'S TAQUERIA,38115,38115,47157,Memphis,TN,Shelby,SUBURBAN,4,Healthy Lifestyle Market,Mexican cuisine restaurant,value-oriented trade area,wings and chicken-wing concentration,High,Senior Demand High,Low,Declining,High,Low,Medium,High,Medium,Medium,Low,High
2460463,CHAKKA AUR CHAAT,38117,38117,47157,Memphis,TN,Shelby,SUBURBAN,5,Comfort Dining Market,General restaurant,higher-income trade area,beverage-led food concentration,High,Senior Demand High,High,Stable,High,Medium,Low,High,Low,High,High,Low
2482117,HAROLDS FISH AND CHICKEN,38118,38118,47157,Memphis,TN,Shelby,RURAL,4,Healthy Lifestyle Market,Wings-focused restaurant,value-oriented trade area,wings and chicken-wing concentration,High,Young Demand High,Low,Stable,Medium,Low,Medium,High,High,Medium,Medium,High
1760581,Mollie Fontaine Lounge,38105,38105,47157,Memphis,TN,Shelby,SUBURBAN,0,Social Dining Market,Beverage-led restaurant,value-oriented trade area,health-oriented food concentration,High,Senior Demand High,Low,Declining,High,High,Medium,Medium,High,High,High,High
1839982,The Archives Bar & Bistro,38103,38103,47157,Memphis,TN,Shelby,SUBURBAN,5,Comfort Dining Market,Beverage-led restaurant,higher-income trade area,beverage-led food concentration,High,Senior Demand High,High,Stable,High,Low,Medium,High,Low,Medium,High,Low
2234731,abbays Southaven,38671,38671,28033,Southaven,MS,DeSoto,RURAL,4,Healthy Lifestyle Market,Fast-service restaurant,mid-market trade area,beverage-led food concentration,High,Balanced Age Demand,Medium,Stable,High,Low,Low,High,Medium,Medium,High,High
2467035,Chings Hot Wings,38111,38111,47157,Memphis,TN,Shelby,SUBURBAN,5,Comfort Dining Market,Wings-focused restaurant,mid-market trade area,health-oriented food concentration,High,Senior Demand High,Medium,Declining,High,Low,Low,High,Low,High,High,Medium
2462573,El Mero Taco Mobile,38117,38117,47157,Memphis,TN,Shelby,SUBURBAN,5,Comfort Dining Market,Mexican cuisine restaurant,higher-income trade area,beverage-led food concentration,High,Senior Demand High,High,Stable,High,Medium,Low,High,Low,High,High,Low
2445419,The Rock'n Hog,72365,72365,05111,Marked Tree,AR,Poinsett,RURAL,9,Youth Convenience Market,General restaurant,value-oriented trade area,beverage-led food concentration,High,Balanced Age Demand,Low,Declining,Medium,High,High,Low,Low,Low,High,Low
1005171,Tonys Trophy Room,38017,38017,47157,Collierville,TN,Shelby,RURAL,13,Healthy Lifestyle Market,Beverage-led restaurant,higher-income trade area,health-oriented food concentration,High,Young Demand High,High,Growing,Medium,Low,Low,High,Medium,High,Medium,Low
2369044,Lennys Grill & Subs,38125,38125,47157,Memphis,TN,Shelby,RURAL,5,Comfort Dining Market,Fast-service restaurant,higher-income trade area,fast-service concentration,Medium,Balanced Age Demand,High,Growing,Medium,Low,Low,High,Medium,Medium,Medium,Medium
2525865,Broadway Pizza,38112,38112,47157,Memphis,TN,Shelby,SUBURBAN,4,Healthy Lifestyle Market,General restaurant,mid-market trade area,wings and chicken-wing concentration,Medium,Balanced Age Demand,Medium,Stable,High,Medium,Medium,High,Low,Medium,Medium,Medium
2477568,The Blue Monkey,38104,38104,47157,Memphis,TN,Shelby,SUBURBAN,5,Comfort Dining Market,Beverage-led restaurant,mid-market trade area,beverage-led food concentration,High,Senior Demand High,Medium,Stable,High,Low,Low,High,Medium,High,High,Medium
2475005,Jack Pirtle Fried Chicken,38104,38104,47157,Memphis,TN,Shelby,SUBURBAN,5,Comfort Dining Market,Wings-focused restaurant,mid-market trade area,beverage-led food concentration,High,Senior Demand High,Medium,Stable,High,Low,Low,High,Medium,High,High,Medium
1084760,Number One Chinese Kitchen,38111,38111,47157,Memphis,TN,Shelby,SUBURBAN,5,Comfort Dining Market,Asian cuisine restaurant,mid-market trade area,health-oriented food concentration,High,Senior Demand High,Medium,Declining,High,Low,Low,High,Low,High,High,Medium
467996,Dino's Grill,38107,38107,47157,Memphis,TN,Shelby,RURAL,0,Social Dining Market,General restaurant,value-oriented trade area,beverage-led food concentration,High,Senior Demand High,Low,Declining,Medium,High,Medium,Medium,Low,High,High,Medium
976572,Las Delicias,38111,38111,47157,Memphis,TN,Shelby,SUBURBAN,5,Comfort Dining Market,Mexican cuisine restaurant,mid-market trade area,health-oriented food concentration,High,Senior Demand High,Medium,Declining,High,Low,Low,High,Low,High,High,Medium
699252,Las Delicias,38119,38119,47157,Memphis,TN,Shelby,SUBURBAN,5,Comfort Dining Market,Mexican cuisine restaurant,higher-income trade area,beverage-led food concentration,High,Senior Demand High,High,Stable,High,Medium,Low,High,Low,Medium,High,Low
2047172,Jim 'N Nick's Bar-B-Q,38016,38016,47157,Cordova,TN,Shelby,RURAL,5,Comfort Dining Market,Beverage-led restaurant,higher-income trade area,health-oriented food concentration,High,Senior Demand High,High,Stable,High,Low,Low,High,Low,High,High,Medium
699598,Auntie Anne's,38133,38133,47157,Memphis,TN,Shelby,RURAL,5,Comfort Dining Market,Fast-service restaurant,higher-income trade area,health-oriented food concentration,High,Balanced Age Demand,High,Stable,High,Low,Low,High,Medium,High,Medium,Medium
2525622,Ben & Jerry's,38117,38117,47157,Memphis,TN,Shelby,SUBURBAN,5,Comfort Dining Market,General restaurant,higher-income trade area,beverage-led food concentration,High,Senior Demand High,High,Stable,High,Medium,Low,High,Low,High,High,Low
1057578,Boston Fish &amp; Wings,38114,38114,47157,Memphis,TN,Shelby,SUBURBAN,0,Social Dining Market,Wings-focused restaurant,value-oriented trade area,wings and chicken-wing concentration,High,Senior Demand High,Low,Declining,Medium,Medium,Medium,Medium,High,Medium,Low,High
2525989,Cafe Cordova,38016,38016,47157,Cordova,TN,Shelby,RURAL,5,Comfort Dining Market,Beverage-led restaurant,higher-income trade area,health-oriented food concentration,High,Senior Demand High,High,Stable,High,Low,Low,High,Low,High,High,Medium
699607,Captain D's,38125,38125,47157,Memphis,TN,Shelby,RURAL,5,Comfort Dining Market,Seafood-focused restaurant,higher-income trade area,fast-service concentration,Medium,Balanced Age Demand,High,Growing,Medium,Low,Low,High,Medium,Medium,Medium,Medium
979923,Chick-fil-A,38134,38134,47157,Memphis,TN,Shelby,RURAL,5,Comfort Dining Market,Chicken-focused restaurant,mid-market trade area,health-oriented food concentration,High,Senior Demand High,Medium,Stable,High,Low,Low,High,Low,High,Medium,Medium
2174197,Cracker Barrel,38002,38002,47157,Arlington,TN,Shelby,RURAL,13,Healthy Lifestyle Market,Fast-service restaurant,higher-income trade area,health-oriented food concentration,High,Young Demand High,High,Growing,Medium,Low,Low,High,Medium,High,High,Medium
2526602,Crumpy's Hot Wings,38141,38141,47157,Memphis,TN,Shelby,SUBURBAN,1,Social Dining Market,Wings-focused restaurant,mid-market trade area,wings and chicken-wing concentration,High,Balanced Age Demand,Medium,Growing,Medium,Medium,Medium,Medium,High,Medium,Medium,High
700844,Dairy Queen Grill & Chill,38018,38018,47157,Cordova,TN,Shelby,RURAL,5,Comfort Dining Market,Chicken-focused restaurant,higher-income trade area,health-oriented food concentration,High,Senior Demand High,High,Growing,High,Low,Low,High,Medium,High,Medium,Medium
1507176,Domino's Pizza,38138,38138,47157,Germantown,TN,Shelby,RURAL,14,Social Dining Market,Wings-focused restaurant,higher-income trade area,health-oriented food concentration,High,Young Demand High,High,Stable,High,Low,Medium,High,Low,High,High,Low
1963517,Domino's Pizza,38053,38053,47157,Millington,TN,Shelby,RURAL,4,Healthy Lifestyle Market,Wings-focused restaurant,mid-market trade area,beverage-led food concentration,High,Young Demand High,Medium,Declining,High,Medium,Medium,Medium,Medium,Medium,High,Medium
1445395,Eat at Eric's Grill,38117,38117,47157,Memphis,TN,Shelby,SUBURBAN,5,Comfort Dining Market,Fast-service restaurant,higher-income trade area,beverage-led food concentration,High,Senior Demand High,High,Stable,High,Medium,Low,High,Low,High,High,Low
1270100,El Happy Trailer,38018,38018,47157,Cordova,TN,Shelby,RURAL,5,Comfort Dining Market,Mexican cuisine restaurant,higher-income trade area,health-oriented food concentration,High,Senior Demand High,High,Growing,High,Low,Low,High,Medium,High,Medium,Medium
2167474,Esmeralda's Taco Shop,38654,38654,28033,Olive Branch,MS,DeSoto,RURAL,5,Comfort Dining Market,Mexican cuisine restaurant,higher-income trade area,beverage-led food concentration,High,Balanced Age Demand,High,Growing,High,Low,Low,High,Medium,Medium,High,Medium
2527381,Fino's From the Hill,38104,38104,47157,Memphis,TN,Shelby,SUBURBAN,5,Comfort Dining Market,Health-oriented restaurant,mid-market trade area,beverage-led food concentration,High,Senior Demand High,Medium,Stable,High,Low,Low,High,Medium,High,High,Medium
1637526,Hole in One Grill,72364,72364,05035,Marion,AR,Crittenden,RURAL,13,Healthy Lifestyle Market,General restaurant,higher-income trade area,health-oriented food concentration,Medium,Young Demand High,High,Stable,Medium,Medium,High,Medium,Medium,Medium,Medium,Medium
1815475,Jimbo's Brickhouse BBQ,38611,38611,28093,Byhalia,MS,Marshall,RURAL,13,Healthy Lifestyle Market,Beverage-led restaurant,mid-market trade area,health-oriented food concentration,High,Balanced Age Demand,Medium,Growing,Low,Medium,Medium,Medium,Medium,High,Medium,Medium
1722356,Kountry Cookin,38116,38116,47157,Memphis,TN,Shelby,RURAL,4,Healthy Lifestyle Market,Fast-service restaurant,value-oriented trade area,wings and chicken-wing concentration,High,Young Demand High,Low,Stable,High,Low,Low,High,High,Medium,Medium,High
1274072,Lil’ Miracles Is Better Than ____ Foodtruck LLC,38134,38134,47157,Memphis,TN,Shelby,RURAL,5,Comfort Dining Market,Wings-focused restaurant,mid-market trade area,health-oriented food concentration,High,Senior Demand High,Medium,Stable,High,Low,Low,High,Low,High,Medium,Medium
2528838,Wiseacre Brewery Hq,38103,38103,47157,Memphis,TN,Shelby,SUBURBAN,5,Comfort Dining Market,General restaurant,higher-income trade area,beverage-led food concentration,High,Senior Demand High,High,Stable,High,Low,Medium,High,Low,Medium,High,Low
1734043,Little Caesars,38016,38016,47157,Cordova,TN,Shelby,RURAL,5,Comfort Dining Market,Wings-focused restaurant,higher-income trade area,health-oriented food concentration,High,Senior Demand High,High,Stable,High,Low,Low,High,Low,High,High,Medium
1816933,Little Jamaica,38133,38133,47157,Memphis,TN,Shelby,RURAL,5,Comfort Dining Market,Asian cuisine restaurant,higher-income trade area,health-oriented food concentration,High,Balanced Age Demand,High,Stable,High,Low,Low,High,Medium,High,Medium,Medium
700802,McDonald's,38018,38018,47157,Cordova,TN,Shelby,RURAL,5,Comfort Dining Market,Beverage-led restaurant,higher-income trade area,health-oriented food concentration,High,Senior Demand High,High,Growing,High,Low,Low,High,Medium,High,Medium,Medium
1016532,McDonald's,38116,38116,47157,Memphis,TN,Shelby,RURAL,4,Healthy Lifestyle Market,Beverage-led restaurant,value-oriented trade area,wings and chicken-wing concentration,High,Young Demand High,Low,Stable,High,Low,Low,High,High,Medium,Medium,High
1275624,Mulan Bubble Tea,38018,38018,47157,Cordova,TN,Shelby,RURAL,5,Comfort Dining Market,Asian cuisine restaurant,higher-income trade area,health-oriented food concentration,High,Senior Demand High,High,Growing,High,Low,Low,High,Medium,High,Medium,Medium
699830,Newk's Eatery,38120,38120,47157,Memphis,TN,Shelby,RURAL,5,Comfort Dining Market,Health-oriented restaurant,higher-income trade area,health-oriented food concentration,High,Young Demand High,High,Declining,Medium,High,Low,High,Medium,High,High,Low
2107164,Paneka,38133,38133,47157,Memphis,TN,Shelby,RURAL,5,Comfort Dining Market,General restaurant,higher-income trade area,health-oriented food concentration,High,Balanced Age Demand,High,Stable,High,Low,Low,High,Medium,High,Medium,Medium
1276578,Panera Bread,38138,38138,47157,Germantown,TN,Shelby,RURAL,14,Social Dining Market,Chicken-focused restaurant,higher-income trade area,health-oriented food concentration,High,Young Demand High,High,Stable,High,Low,Medium,High,Low,High,High,Low
2578717,Piccadilly to Go,38018,38018,47157,Cordova,TN,Shelby,RURAL,5,Comfort Dining Market,Wings-focused restaurant,higher-income trade area,health-oriented food concentration,High,Senior Demand High,High,Growing,High,Low,Low,High,Medium,High,Medium,Medium
2206730,Southerndelightlouisiana,38654,38654,28033,Olive Branch,MS,DeSoto,RURAL,5,Comfort Dining Market,Health-oriented restaurant,higher-income trade area,beverage-led food concentration,High,Balanced Age Demand,High,Growing,High,Low,Low,High,Medium,Medium,High,Medium
1968190,Sushi from Kroger by Snowfox,38654,38654,28033,Olive Branch,MS,DeSoto,RURAL,5,Comfort Dining Market,General restaurant,higher-income trade area,beverage-led food concentration,High,Balanced Age Demand,High,Growing,High,Low,Low,High,Medium,Medium,High,Medium
2278282,Sweet Potato Pie Southaven,38671,38671,28033,Southaven,MS,DeSoto,RURAL,4,Healthy Lifestyle Market,Wings-focused restaurant,mid-market trade area,beverage-led food concentration,High,Balanced Age Demand,Medium,Stable,High,Low,Low,High,Medium,Medium,High,High
1282647,The Sift Bakery,38134,38134,47157,Memphis,TN,Shelby,RURAL,5,Comfort Dining Market,General restaurant,mid-market trade area,health-oriented food concentration,High,Senior Demand High,Medium,Stable,High,Low,Low,High,Low,High,Medium,Medium
2531778,The Wing Factory East-Marketplace,38133,38133,47157,Memphis,TN,Shelby,RURAL,5,Comfort Dining Market,Wings-focused restaurant,higher-income trade area,health-oriented food concentration,High,Balanced Age Demand,High,Stable,High,Low,Low,High,Medium,High,Medium,Medium
671141,Tops Bar-B-Q Jackson,38107,38107,47157,Memphis,TN,Shelby,RURAL,0,Social Dining Market,Beverage-led restaurant,value-oriented trade area,beverage-led food concentration,High,Senior Demand High,Low,Declining,Medium,High,Medium,Medium,Low,High,High,Medium
2532106,Vineyard Wine &amp; Spirits,38654,38654,28033,Olive Branch,MS,DeSoto,RURAL,5,Comfort Dining Market,General restaurant,higher-income trade area,beverage-led food concentration,High,Balanced Age Demand,High,Growing,High,Low,Low,High,Medium,Medium,High,Medium
2532131,Waffle and Pancake House,72364,72364,05035,Marion,AR,Crittenden,RURAL,13,Healthy Lifestyle Market,Beverage-led restaurant,higher-income trade area,health-oriented food concentration,Medium,Young Demand High,High,Stable,Medium,Medium,High,Medium,Medium,Medium,Medium,Medium
699827,Wendy's,38111,38111,47157,Memphis,TN,Shelby,SUBURBAN,5,Comfort Dining Market,Fast-service restaurant,mid-market trade area,health-oriented food concentration,High,Senior Demand High,Medium,Declining,High,Low,Low,High,Low,High,High,Medium
2400948,Whataburger,38671,38671,28033,Southaven,MS,DeSoto,RURAL,4,Healthy Lifestyle Market,Fast-service restaurant,mid-market trade area,beverage-led food concentration,High,Balanced Age Demand,Medium,Stable,High,Low,Low,High,Medium,Medium,High,High
810040,HOT WINGS EXPRESS,38118,38118,47157,Memphis,TN,Shelby,RURAL,4,Healthy Lifestyle Market,Wings-focused restaurant,value-oriented trade area,wings and chicken-wing concentration,High,Young Demand High,Low,Stable,Medium,Low,Medium,High,High,Medium,Medium,High
2458975,CINDY KRAG GOURMET 2,38138,38138,47157,Germantown,TN,Shelby,RURAL,14,Social Dining Market,General restaurant,higher-income trade area,health-oriented food concentration,High,Young Demand High,High,Stable,High,Low,Medium,High,Low,High,High,Low
2272131,Applebee's Grill and Bar,38134,38134,47157,Memphis,TN,Shelby,RURAL,5,Comfort Dining Market,Wings-focused restaurant,mid-market trade area,health-oriented food concentration,High,Senior Demand High,Medium,Stable,High,Low,Low,High,Low,High,Medium,Medium
2283817,PF Chang's,38119,38119,47157,Memphis,TN,Shelby,SUBURBAN,5,Comfort Dining Market,Asian cuisine restaurant,higher-income trade area,beverage-led food concentration,High,Senior Demand High,High,Stable,High,Medium,Low,High,Low,Medium,High,Low
2106022,Biscuits & Jams,38134,38134,47157,Memphis,TN,Shelby,RURAL,5,Comfort Dining Market,Beverage-led restaurant,mid-market trade area,health-oriented food concentration,High,Senior Demand High,Medium,Stable,High,Low,Low,High,Low,High,Medium,Medium
2454787,Breakfast Cove,38019,38019,47167,Covington,TN,Tipton,RURAL,4,Healthy Lifestyle Market,General restaurant,mid-market trade area,beverage-led food concentration,Medium,Balanced Age Demand,Medium,Stable,Medium,Medium,Medium,Medium,Medium,Low,Medium,Medium
2473927,C & J Sports Bar and Lounge,38053,38053,47157,Millington,TN,Shelby,RURAL,4,Healthy Lifestyle Market,General restaurant,mid-market trade area,beverage-led food concentration,High,Young Demand High,Medium,Declining,High,Medium,Medium,Medium,Medium,Medium,High,Medium
2503286,Casablanca,38104,38104,47157,Memphis,TN,Shelby,SUBURBAN,5,Comfort Dining Market,Health-oriented restaurant,mid-market trade area,beverage-led food concentration,High,Senior Demand High,Medium,Stable,High,Low,Low,High,Medium,High,High,Medium
1754525,Coffee Central Southaven,38672,38672,28033,Southaven,MS,DeSoto,RURAL,13,Healthy Lifestyle Market,Beverage-led restaurant,higher-income trade area,health-oriented food concentration,High,Young Demand High,High,Growing,High,Medium,Low,Medium,Medium,High,High,Medium
2474224,Crave Sweets Arlington 11615 Highway,38002,38002,47157,Arlington,TN,Shelby,RURAL,13,Healthy Lifestyle Market,General restaurant,higher-income trade area,health-oriented food concentration,High,Young Demand High,High,Growing,Medium,Low,Low,High,Medium,High,High,Medium
2431031,Frida's Mexican Restaurant Madison Ave,38104,38104,47157,Memphis,TN,Shelby,SUBURBAN,5,Comfort Dining Market,Mexican cuisine restaurant,mid-market trade area,beverage-led food concentration,High,Senior Demand High,Medium,Stable,High,Low,Low,High,Medium,High,High,Medium
1628007,Smackers LLC,38126,38126,47157,Memphis,TN,Shelby,SUBURBAN,6,Youth Convenience Market,General restaurant,value-oriented trade area,fast-service concentration,Medium,Balanced Age Demand,Low,Growing,Medium,Medium,High,Medium,Medium,Low,Low,Medium
859898,Red Lobster,38133,38133,47157,Memphis,TN,Shelby,RURAL,5,Comfort Dining Market,Seafood-focused restaurant,higher-income trade area,health-oriented food concentration,High,Balanced Age Demand,High,Stable,High,Low,Low,High,Medium,High,Medium,Medium
2563838,3 Flags Grill &amp; Ice Cream,38109,38109,47157,Memphis,TN,Shelby,RURAL,6,Youth Convenience Market,Chicken-focused restaurant,value-oriented trade area,wings and chicken-wing concentration,High,Balanced Age Demand,Low,Stable,Low,Low,Medium,Medium,High,Low,Medium,High
2052510,American Deli,38118,38118,47157,Memphis,TN,Shelby,RURAL,4,Healthy Lifestyle Market,Wings-focused restaurant,value-oriented trade area,wings and chicken-wing concentration,High,Young Demand High,Low,Stable,Medium,Low,Medium,High,High,Medium,Medium,High
2564039,Bakery by Perkins,38138,38138,47157,Germantown,TN,Shelby,RURAL,14,Social Dining Market,General restaurant,higher-income trade area,health-oriented food concentration,High,Young Demand High,High,Stable,High,Low,Medium,High,Low,High,High,Low
1995781,Biscuits Bowls and Burgers,38138,38138,47157,Germantown,TN,Shelby,RURAL,14,Social Dining Market,Fast-service restaurant,higher-income trade area,health-oriented food concentration,High,Young Demand High,High,Stable,High,Low,Medium,High,Low,High,High,Low
1908286,Bluestorellc,38112,38112,47157,Memphis,TN,Shelby,SUBURBAN,4,Healthy Lifestyle Market,Fast-service restaurant,mid-market trade area,wings and chicken-wing concentration,Medium,Balanced Age Demand,Medium,Stable,High,Medium,Medium,High,Low,Medium,Medium,Medium
1682052,Boise Bill's,38111,38111,47157,Memphis,TN,Shelby,SUBURBAN,5,Comfort Dining Market,Fast-service restaurant,mid-market trade area,health-oriented food concentration,High,Senior Demand High,Medium,Declining,High,Low,Low,High,Low,High,High,Medium
1219033,Burger King,38115,38115,47157,Memphis,TN,Shelby,SUBURBAN,4,Healthy Lifestyle Market,Fast-service restaurant,value-oriented trade area,wings and chicken-wing concentration,High,Senior Demand High,Low,Declining,High,Low,Medium,High,Medium,Medium,Low,High
913257,Burger King,38016,38016,47157,Cordova,TN,Shelby,RURAL,5,Comfort Dining Market,Fast-service restaurant,higher-income trade area,health-oriented food concentration,High,Senior Demand High,High,Stable,High,Low,Low,High,Low,High,High,Medium
2051457,Cajun King Seafood,38115,38115,47157,Memphis,TN,Shelby,SUBURBAN,4,Healthy Lifestyle Market,Wings-focused restaurant,value-oriented trade area,wings and chicken-wing concentration,High,Senior Demand High,Low,Declining,High,Low,Medium,High,Medium,Medium,Low,High
1530127,Captain D's,38060,38060,47047,Oakland,TN,Fayette,RURAL,5,Comfort Dining Market,Seafood-focused restaurant,higher-income trade area,wings and chicken-wing concentration,High,Senior Demand High,High,Growing,High,Medium,Low,Medium,Low,Medium,Medium,High
1796108,Carrabba's Sandwich Bistro,38017,38017,47157,Collierville,TN,Shelby,RURAL,13,Healthy Lifestyle Market,Fast-service restaurant,higher-income trade area,health-oriented food concentration,High,Young Demand High,High,Growing,Medium,Low,Low,High,Medium,High,Medium,Low
2198511,Chai’s Halal Bowls And Tacos,38125,38125,47157,Memphis,TN,Shelby,RURAL,5,Comfort Dining Market,Asian cuisine restaurant,higher-income trade area,fast-service concentration,Medium,Balanced Age Demand,High,Growing,Medium,Low,Low,High,Medium,Medium,Medium,Medium
2302659,Champs Chicken,38106,38106,47157,Memphis,TN,Shelby,RURAL,6,Youth Convenience Market,Chicken-focused restaurant,value-oriented trade area,wings and chicken-wing concentration,High,Young Demand High,Low,Declining,Medium,Medium,Medium,Low,High,Low,Low,High
2351335,Chick-fil-A,38002,38002,47157,Arlington,TN,Shelby,RURAL,13,Healthy Lifestyle Market,Chicken-focused restaurant,higher-income trade area,health-oriented food concentration,High,Young Demand High,High,Growing,Medium,Low,Low,High,Medium,High,High,Medium
808831,Chipotle Mexican Grill,38018,38018,47157,Cordova,TN,Shelby,RURAL,5,Comfort Dining Market,Mexican cuisine restaurant,higher-income trade area,health-oriented food concentration,High,Senior Demand High,High,Growing,High,Low,Low,High,Medium,High,Medium,Medium
1583529,Chipotle Mexican Grill,38053,38053,47157,Millington,TN,Shelby,RURAL,4,Healthy Lifestyle Market,Mexican cuisine restaurant,mid-market trade area,beverage-led food concentration,High,Young Demand High,Medium,Declining,High,Medium,Medium,Medium,Medium,Medium,High,Medium
1222268,Chuck E Cheese,38671,38671,28033,Southaven,MS,DeSoto,RURAL,4,Healthy Lifestyle Market,General restaurant,mid-market trade area,beverage-led food concentration,High,Balanced Age Demand,Medium,Stable,High,Low,Low,High,Medium,Medium,High,High
2568822,Curry Bowl Indian Cuisine,38125,38125,47157,Memphis,TN,Shelby,RURAL,5,Comfort Dining Market,General restaurant,higher-income trade area,fast-service concentration,Medium,Balanced Age Demand,High,Growing,Medium,Low,Low,High,Medium,Medium,Medium,Medium
1797474,Dave & Buster's,38133,38133,47157,Memphis,TN,Shelby,RURAL,5,Comfort Dining Market,Wings-focused restaurant,higher-income trade area,health-oriented food concentration,High,Balanced Age Demand,High,Stable,High,Low,Low,High,Medium,High,Medium,Medium
1431795,Daylight Donuts,38134,38134,47157,Memphis,TN,Shelby,RURAL,5,Comfort Dining Market,General restaurant,mid-market trade area,health-oriented food concentration,High,Senior Demand High,Medium,Stable,High,Low,Low,High,Low,High,Medium,Medium
1501753,Domino's,72364,72364,05035,Marion,AR,Crittenden,RURAL,13,Healthy Lifestyle Market,Wings-focused restaurant,higher-income trade area,health-oriented food concentration,Medium,Young Demand High,High,Stable,Medium,Medium,High,Medium,Medium,Medium,Medium,Medium
1955886,Dunkin',38654,38654,28033,Olive Branch,MS,DeSoto,RURAL,5,Comfort Dining Market,Beverage-led restaurant,higher-income trade area,beverage-led food concentration,High,Balanced Age Demand,High,Growing,High,Low,Low,High,Medium,Medium,High,Medium
1021411,Dunkin',38119,38119,47157,Memphis,TN,Shelby,SUBURBAN,5,Comfort Dining Market,Beverage-led restaurant,higher-income trade area,beverage-led food concentration,High,Senior Demand High,High,Stable,High,Medium,Low,High,Low,Medium,High,Low
1683369,Finish Line,38017,38017,47157,Collierville,TN,Shelby,RURAL,13,Healthy Lifestyle Market,General restaurant,higher-income trade area,health-oriented food concentration,High,Young Demand High,High,Growing,Medium,Low,Low,High,Medium,High,Medium,Low
773402,Great American Cookies,38017,38017,47157,Collierville,TN,Shelby,RURAL,13,Healthy Lifestyle Market,General restaurant,higher-income trade area,health-oriented food concentration,High,Young Demand High,High,Growing,Medium,Low,Low,High,Medium,High,Medium,Low
2167796,Griddle &amp; Gyro,38654,38654,28033,Olive Branch,MS,DeSoto,RURAL,5,Comfort Dining Market,Health-oriented restaurant,higher-income trade area,beverage-led food concentration,High,Balanced Age Demand,High,Growing,High,Low,Low,High,Medium,Medium,High,Medium
1799488,Hooters,38133,38133,47157,Memphis,TN,Shelby,RURAL,5,Comfort Dining Market,Wings-focused restaurant,higher-income trade area,health-oriented food concentration,High,Balanced Age Demand,High,Stable,High,Low,Low,High,Medium,High,Medium,Medium
1630623,Hotwangz Inc 2,38671,38671,28033,Southaven,MS,DeSoto,RURAL,4,Healthy Lifestyle Market,Health-oriented restaurant,mid-market trade area,beverage-led food concentration,High,Balanced Age Demand,Medium,Stable,High,Low,Low,High,Medium,Medium,High,High
1233036,Jack's,38019,38019,47167,Covington,TN,Tipton,RURAL,4,Healthy Lifestyle Market,Fast-service restaurant,mid-market trade area,beverage-led food concentration,Medium,Balanced Age Demand,Medium,Stable,Medium,Medium,Medium,Medium,Medium,Low,Medium,Medium
2565535,Jersey Mike's,38119,38119,47157,Memphis,TN,Shelby,SUBURBAN,5,Comfort Dining Market,Fast-service restaurant,higher-income trade area,beverage-led food concentration,High,Senior Demand High,High,Stable,High,Medium,Low,High,Low,Medium,High,Low
2175779,JR Fish and Chicken,38118,38118,47157,Memphis,TN,Shelby,RURAL,4,Healthy Lifestyle Market,Wings-focused restaurant,value-oriented trade area,wings and chicken-wing concentration,High,Young Demand High,Low,Stable,Medium,Low,Medium,High,High,Medium,Medium,High
1078881,Kami Ramen Bar,38017,38017,47157,Collierville,TN,Shelby,RURAL,13,Healthy Lifestyle Market,Asian cuisine restaurant,higher-income trade area,health-oriented food concentration,High,Young Demand High,High,Growing,Medium,Low,Low,High,Medium,High,Medium,Low
1235354,KFC,38114,38114,47157,Memphis,TN,Shelby,SUBURBAN,0,Social Dining Market,Wings-focused restaurant,value-oriented trade area,wings and chicken-wing concentration,High,Senior Demand High,Low,Declining,Medium,Medium,Medium,Medium,High,Medium,Low,High
690672,KFC,38106,38106,47157,Memphis,TN,Shelby,RURAL,6,Youth Convenience Market,Wings-focused restaurant,value-oriented trade area,wings and chicken-wing concentration,High,Young Demand High,Low,Declining,Medium,Medium,Medium,Low,High,Low,Low,High
1529912,Krispy Krunchy Chicken,38671,38671,28033,Southaven,MS,DeSoto,RURAL,4,Healthy Lifestyle Market,Chicken-focused restaurant,mid-market trade area,beverage-led food concentration,High,Balanced Age Demand,Medium,Stable,High,Low,Low,High,Medium,Medium,High,High
2267448,Krystal,38002,38002,47157,Arlington,TN,Shelby,RURAL,13,Healthy Lifestyle Market,Fast-service restaurant,higher-income trade area,health-oriented food concentration,High,Young Demand High,High,Growing,Medium,Low,Low,High,Medium,High,High,Medium
1236138,Kulture Kitchen,38112,38112,47157,Memphis,TN,Shelby,SUBURBAN,4,Healthy Lifestyle Market,Health-oriented restaurant,mid-market trade area,wings and chicken-wing concentration,Medium,Balanced Age Demand,Medium,Stable,High,Medium,Medium,High,Low,Medium,Medium,Medium
2507121,Kyuramen,38138,38138,47157,Germantown,TN,Shelby,RURAL,14,Social Dining Market,Asian cuisine restaurant,higher-income trade area,health-oriented food concentration,High,Young Demand High,High,Stable,High,Low,Medium,High,Low,High,High,Low
2342045,Little Caesars,38668,38668,28137,Senatobia,MS,Tate,RURAL,1,Social Dining Market,Wings-focused restaurant,mid-market trade area,beverage-led food concentration,High,Balanced Age Demand,Medium,Stable,Medium,Medium,Medium,Medium,Medium,Low,High,High
2095946,Mande Dibi,38115,38115,47157,Memphis,TN,Shelby,SUBURBAN,4,Healthy Lifestyle Market,Beverage-led restaurant,value-oriented trade area,wings and chicken-wing concentration,High,Senior Demand High,Low,Declining,High,Low,Medium,High,Medium,Medium,Low,High
1631180,Margarita's Mexican Restaurant,38103,38103,47157,Memphis,TN,Shelby,SUBURBAN,5,Comfort Dining Market,Mexican cuisine restaurant,higher-income trade area,beverage-led food concentration,High,Senior Demand High,High,Stable,High,Low,Medium,High,Low,Medium,High,Low
2245735,McDonald's®,38635,38635,28093,Holly Springs,MS,Marshall,RURAL,12,Healthy Lifestyle Market,Beverage-led restaurant,mid-market trade area,health-oriented food concentration,High,Senior Demand High,Medium,Stable,Low,High,Low,High,High,High,Medium,High
178756,McDonald's®,38127,38127,47157,Memphis,TN,Shelby,RURAL,6,Youth Convenience Market,Beverage-led restaurant,value-oriented trade area,wings and chicken-wing concentration,High,Young Demand High,Low,Declining,Medium,Medium,Medium,Medium,High,Medium,Low,High
1041288,McDonald's®,38115,38115,47157,Memphis,TN,Shelby,SUBURBAN,4,Healthy Lifestyle Market,Beverage-led restaurant,value-oriented trade area,wings and chicken-wing concentration,High,Senior Demand High,Low,Declining,High,Low,Medium,High,Medium,Medium,Low,High
2209141,Memphis Mojo Cafe,38018,38018,47157,Cordova,TN,Shelby,RURAL,5,Comfort Dining Market,Fast-service restaurant,higher-income trade area,health-oriented food concentration,High,Senior Demand High,High,Growing,High,Low,Low,High,Medium,High,Medium,Medium
1803739,OB Donuts,38119,38119,47157,Memphis,TN,Shelby,SUBURBAN,5,Comfort Dining Market,Beverage-led restaurant,higher-income trade area,beverage-led food concentration,High,Senior Demand High,High,Stable,High,Medium,Low,High,Low,Medium,High,Low
2389765,Office Depot OfficeMax,38017,38017,47157,Collierville,TN,Shelby,RURAL,13,Healthy Lifestyle Market,General restaurant,higher-income trade area,health-oriented food concentration,High,Young Demand High,High,Growing,Medium,Low,Low,High,Medium,High,Medium,Low
1912224,Pentho's Kitchen,38018,38018,47157,Cordova,TN,Shelby,RURAL,5,Comfort Dining Market,General restaurant,higher-income trade area,health-oriented food concentration,High,Senior Demand High,High,Growing,High,Low,Low,High,Medium,High,Medium,Medium
2209573,Piccadilly To Go,38654,38654,28033,Olive Branch,MS,DeSoto,RURAL,5,Comfort Dining Market,Chicken-focused restaurant,higher-income trade area,beverage-led food concentration,High,Balanced Age Demand,High,Growing,High,Low,Low,High,Medium,Medium,High,Medium
1805015,Pizza Hut,38119,38119,47157,Memphis,TN,Shelby,SUBURBAN,5,Comfort Dining Market,Wings-focused restaurant,higher-income trade area,beverage-led food concentration,High,Senior Demand High,High,Stable,High,Medium,Low,High,Low,Medium,High,Low
2200618,Pizza Pro of Marion,72364,72364,05035,Marion,AR,Crittenden,RURAL,13,Healthy Lifestyle Market,General restaurant,higher-income trade area,health-oriented food concentration,Medium,Young Demand High,High,Stable,Medium,Medium,High,Medium,Medium,Medium,Medium,Medium
1987741,Poke World,38117,38117,47157,Memphis,TN,Shelby,SUBURBAN,5,Comfort Dining Market,Asian cuisine restaurant,higher-income trade area,beverage-led food concentration,High,Senior Demand High,High,Stable,High,Medium,Low,High,Low,High,High,Low
1959060,RAYFORDS ALL IN ONE HOTWINGS BY MCKUHN &amp; ARMSTRONG,38125,38125,47157,Memphis,TN,Shelby,RURAL,5,Comfort Dining Market,Chicken-focused restaurant,higher-income trade area,fast-service concentration,Medium,Balanced Age Demand,High,Growing,Medium,Low,Low,High,Medium,Medium,Medium,Medium
2510289,Sake vs Tekila,38016,38016,47157,Cordova,TN,Shelby,RURAL,5,Comfort Dining Market,Asian cuisine restaurant,higher-income trade area,health-oriented food concentration,High,Senior Demand High,High,Stable,High,Low,Low,High,Low,High,High,Medium
2209893,Sally Beauty,38117,38117,47157,Memphis,TN,Shelby,SUBURBAN,5,Comfort Dining Market,General restaurant,higher-income trade area,beverage-led food concentration,High,Senior Demand High,High,Stable,High,Medium,Low,High,Low,High,High,Low
1806511,Smoothie King,38116,38116,47157,Memphis,TN,Shelby,RURAL,4,Healthy Lifestyle Market,Health-oriented restaurant,value-oriented trade area,wings and chicken-wing concentration,High,Young Demand High,Low,Stable,High,Low,Low,High,High,Medium,Medium,High
2510782,SOB,38017,38017,47157,Collierville,TN,Shelby,RURAL,13,Healthy Lifestyle Market,Fast-service restaurant,higher-income trade area,health-oriented food concentration,High,Young Demand High,High,Growing,Medium,Low,Low,High,Medium,High,Medium,Low
2127327,Starbucks,72301,72301,05035,West Memphis,AR,Crittenden,RURAL,4,Healthy Lifestyle Market,Beverage-led restaurant,value-oriented trade area,fast-service concentration,High,Balanced Age Demand,Low,Stable,High,Low,Medium,Medium,High,Medium,Medium,High
1686840,Starbucks,38002,38002,47157,Arlington,TN,Shelby,RURAL,13,Healthy Lifestyle Market,Beverage-led restaurant,higher-income trade area,health-oriented food concentration,High,Young Demand High,High,Growing,Medium,Low,Low,High,Medium,High,High,Medium
2210199,Subway,38120,38120,47157,Memphis,TN,Shelby,RURAL,5,Comfort Dining Market,Health-oriented restaurant,higher-income trade area,health-oriented food concentration,High,Young Demand High,High,Declining,Medium,High,Low,High,Medium,High,High,Low
1254443,Subway,72364,72364,05035,Marion,AR,Crittenden,RURAL,13,Healthy Lifestyle Market,Health-oriented restaurant,higher-income trade area,health-oriented food concentration,Medium,Young Demand High,High,Stable,Medium,Medium,High,Medium,Medium,Medium,Medium,Medium
1632371,Subway,38111,38111,47157,Memphis,TN,Shelby,SUBURBAN,5,Comfort Dining Market,Health-oriented restaurant,mid-market trade area,health-oriented food concentration,High,Senior Demand High,Medium,Declining,High,Low,Low,High,Low,High,High,Medium
1432963,Subway,38019,38019,47167,Covington,TN,Tipton,RURAL,4,Healthy Lifestyle Market,Health-oriented restaurant,mid-market trade area,beverage-led food concentration,Medium,Balanced Age Demand,Medium,Stable,Medium,Medium,Medium,Medium,Medium,Low,Medium,Medium
2277865,Subway,38133,38133,47157,Memphis,TN,Shelby,RURAL,5,Comfort Dining Market,Health-oriented restaurant,higher-income trade area,health-oriented food concentration,High,Balanced Age Demand,High,Stable,High,Low,Low,High,Medium,High,Medium,Medium
2300365,Subway,38654,38654,28033,Olive Branch,MS,DeSoto,RURAL,5,Comfort Dining Market,Health-oriented restaurant,higher-income trade area,beverage-led food concentration,High,Balanced Age Demand,High,Growing,High,Low,Low,High,Medium,Medium,High,Medium
976888,Taco Bell,38111,38111,47157,Memphis,TN,Shelby,SUBURBAN,5,Comfort Dining Market,Mexican cuisine restaurant,mid-market trade area,health-oriented food concentration,High,Senior Demand High,Medium,Declining,High,Low,Low,High,Low,High,High,Medium
913247,Taco Bell,38002,38002,47157,Arlington,TN,Shelby,RURAL,13,Healthy Lifestyle Market,Mexican cuisine restaurant,higher-income trade area,health-oriented food concentration,High,Young Demand High,High,Growing,Medium,Low,Low,High,Medium,High,High,Medium
1428027,TAQUERIA EXPRESS 2,38115,38115,47157,Memphis,TN,Shelby,SUBURBAN,4,Healthy Lifestyle Market,Mexican cuisine restaurant,value-oriented trade area,wings and chicken-wing concentration,High,Senior Demand High,Low,Declining,High,Low,Medium,High,Medium,Medium,Low,High
1257728,Tender Shack,38017,38017,47157,Collierville,TN,Shelby,RURAL,13,Healthy Lifestyle Market,Fast-service restaurant,higher-income trade area,health-oriented food concentration,High,Young Demand High,High,Growing,Medium,Low,Low,High,Medium,High,Medium,Low
2390140,The Home Depot,38104,38104,47157,Memphis,TN,Shelby,SUBURBAN,5,Comfort Dining Market,General restaurant,mid-market trade area,beverage-led food concentration,High,Senior Demand High,Medium,Stable,High,Low,Low,High,Medium,High,High,Medium
2512383,Tim's Chicken,38118,38118,47157,Memphis,TN,Shelby,RURAL,4,Healthy Lifestyle Market,Wings-focused restaurant,value-oriented trade area,wings and chicken-wing concentration,High,Young Demand High,Low,Stable,Medium,Low,Medium,High,High,Medium,Medium,High
1030971,Tops Bar-b-q,38122,38122,47157,Memphis,TN,Shelby,SUBURBAN,4,Healthy Lifestyle Market,Beverage-led restaurant,value-oriented trade area,health-oriented food concentration,High,Young Demand High,Low,Declining,High,Medium,Low,High,Low,High,Medium,Medium
1914940,Urban Fusion,38138,38138,47157,Germantown,TN,Shelby,RURAL,14,Social Dining Market,Asian cuisine restaurant,higher-income trade area,health-oriented food concentration,High,Young Demand High,High,Stable,High,Low,Medium,High,Low,High,High,Low
2512830,Walk-On's Sports Bistreaux,38672,38672,28033,Southaven,MS,DeSoto,RURAL,13,Healthy Lifestyle Market,Beverage-led restaurant,higher-income trade area,health-oriented food concentration,High,Young Demand High,High,Growing,High,Medium,Low,Medium,Medium,High,High,Medium
1263484,Wild Burger,38654,38654,28033,Olive Branch,MS,DeSoto,RURAL,5,Comfort Dining Market,Fast-service restaurant,higher-income trade area,beverage-led food concentration,High,Balanced Age Demand,High,Growing,High,Low,Low,High,Medium,Medium,High,Medium
2512967,Wimpy’s Burgers &amp; Fries,38133,38133,47157,Memphis,TN,Shelby,RURAL,5,Comfort Dining Market,Fast-service restaurant,higher-income trade area,health-oriented food concentration,High,Balanced Age Demand,High,Stable,High,Low,Low,High,Medium,High,Medium,Medium
1720731,Wingstop,38116,38116,47157,Memphis,TN,Shelby,RURAL,4,Healthy Lifestyle Market,Wings-focused restaurant,value-oriented trade area,wings and chicken-wing concentration,High,Young Demand High,Low,Stable,High,Low,Low,High,High,Medium,Medium,High
2051945,Zaxbys,38134,38134,47157,Memphis,TN,Shelby,RURAL,5,Comfort Dining Market,Wings-focused restaurant,mid-market trade area,health-oriented food concentration,High,Senior Demand High,Medium,Stable,High,Low,Low,High,Low,High,Medium,Medium
2454343,Live at Kingz,38133,38133,47157,Memphis,TN,Shelby,RURAL,5,Comfort Dining Market,Seafood-focused restaurant,higher-income trade area,health-oriented food concentration,High,Balanced Age Demand,High,Stable,High,Low,Low,High,Medium,High,Medium,Medium
2476965,MEMPHIS,38111,38111,47157,Memphis,TN,Shelby,SUBURBAN,5,Comfort Dining Market,Seafood-focused restaurant,mid-market trade area,health-oriented food concentration,High,Senior Demand High,Medium,Declining,High,Low,Low,High,Low,High,High,Medium
1901256,CHEF FLAVAS BREAKFAST,38104,38104,47157,Memphis,TN,Shelby,SUBURBAN,5,Comfort Dining Market,Fast-service restaurant,mid-market trade area,beverage-led food concentration,High,Senior Demand High,Medium,Stable,High,Low,Low,High,Medium,High,High,Medium
252879,Fox & Hound,38018,38018,47157,Cordova,TN,Shelby,RURAL,5,Comfort Dining Market,Beverage-led restaurant,higher-income trade area,health-oriented food concentration,High,Senior Demand High,High,Growing,High,Low,Low,High,Medium,High,Medium,Medium
1633804,Central BBQ,38103,38103,47157,Memphis,TN,Shelby,SUBURBAN,5,Comfort Dining Market,Beverage-led restaurant,higher-income trade area,beverage-led food concentration,High,Senior Demand High,High,Stable,High,Low,Medium,High,Low,Medium,High,Low
2556263,Central BBQ,38119,38119,47157,Memphis,TN,Shelby,SUBURBAN,5,Comfort Dining Market,Beverage-led restaurant,higher-income trade area,beverage-led food concentration,High,Senior Demand High,High,Stable,High,Medium,Low,High,Low,Medium,High,Low
2405956,Egg King Cafe,38116,38116,47157,Memphis,TN,Shelby,RURAL,4,Healthy Lifestyle Market,Beverage-led restaurant,value-oriented trade area,wings and chicken-wing concentration,High,Young Demand High,Low,Stable,High,Low,Low,High,High,Medium,Medium,High
1772748,PizzaMe,38119,38119,47157,Memphis,TN,Shelby,SUBURBAN,5,Comfort Dining Market,General restaurant,higher-income trade area,beverage-led food concentration,High,Senior Demand High,High,Stable,High,Medium,Low,High,Low,Medium,High,Low
2473022,Ragin Cajun Seafood & Po Boys,38134,38134,47157,Memphis,TN,Shelby,RURAL,5,Comfort Dining Market,General restaurant,mid-market trade area,health-oriented food concentration,High,Senior Demand High,Medium,Stable,High,Low,Low,High,Low,High,Medium,Medium
1663026,River Rose Coffee Co Wynne,72396,72396,05037,Wynne,AR,Cross,RURAL,3,Youth Convenience Market,General restaurant,mid-market trade area,health-oriented food concentration,High,Young Demand High,Medium,Stable,Medium,High,Medium,Low,Medium,High,Medium,Medium
2232435,Ronnie Grisanti's,38119,38119,47157,Memphis,TN,Shelby,SUBURBAN,5,Comfort Dining Market,Seafood-focused restaurant,higher-income trade area,beverage-led food concentration,High,Senior Demand High,High,Stable,High,Medium,Low,High,Low,Medium,High,Low
1659305,Rotolo's Craft & Crust Southaven,38672,38672,28033,Southaven,MS,DeSoto,RURAL,13,Healthy Lifestyle Market,General restaurant,higher-income trade area,health-oriented food concentration,High,Young Demand High,High,Growing,High,Medium,Low,Medium,Medium,High,High,Medium
2541394,Cozy Corner BBQ,38105,38105,47157,Memphis,TN,Shelby,SUBURBAN,0,Social Dining Market,Beverage-led restaurant,value-oriented trade area,health-oriented food concentration,High,Senior Demand High,Low,Declining,High,High,Medium,Medium,High,High,High,High
2513629,American Deli,38111,38111,47157,Memphis,TN,Shelby,SUBURBAN,5,Comfort Dining Market,Wings-focused restaurant,mid-market trade area,health-oriented food concentration,High,Senior Demand High,Medium,Declining,High,Low,Low,High,Low,High,High,Medium
1422279,Breakfast Beauties,38141,38141,47157,Memphis,TN,Shelby,SUBURBAN,1,Social Dining Market,Fast-service restaurant,mid-market trade area,wings and chicken-wing concentration,High,Balanced Age Demand,Medium,Growing,Medium,Medium,Medium,Medium,High,Medium,Medium,High
2100541,Captain D's,38019,38019,47167,Covington,TN,Tipton,RURAL,4,Healthy Lifestyle Market,Seafood-focused restaurant,mid-market trade area,beverage-led food concentration,Medium,Balanced Age Demand,Medium,Stable,Medium,Medium,Medium,Medium,Medium,Low,Medium,Medium
544374,Checkers,38118,38118,47157,Memphis,TN,Shelby,RURAL,4,Healthy Lifestyle Market,Fast-service restaurant,value-oriented trade area,wings and chicken-wing concentration,High,Young Demand High,Low,Stable,Medium,Low,Medium,High,High,Medium,Medium,High
2309491,Chick-fil-A,38672,38672,28033,Southaven,MS,DeSoto,RURAL,13,Healthy Lifestyle Market,Chicken-focused restaurant,higher-income trade area,health-oriented food concentration,High,Young Demand High,High,Growing,High,Medium,Low,Medium,Medium,High,High,Medium
2055224,Chipotle Mexican Grill,38637,38637,28033,Horn Lake,MS,DeSoto,RURAL,4,Healthy Lifestyle Market,Mexican cuisine restaurant,mid-market trade area,wings and chicken-wing concentration,High,Balanced Age Demand,Medium,Stable,High,Medium,Low,High,Medium,High,Medium,High
2516039,Dairy Queen,38654,38654,28033,Olive Branch,MS,DeSoto,RURAL,5,Comfort Dining Market,Fast-service restaurant,higher-income trade area,beverage-led food concentration,High,Balanced Age Demand,High,Growing,High,Low,Low,High,Medium,Medium,High,Medium
2516070,Dairy Queen Grill &amp; Chill,38004,38004,47167,Atoka,TN,Tipton,RURAL,1,Social Dining Market,Fast-service restaurant,higher-income trade area,wings and chicken-wing concentration,Medium,Senior Demand High,High,Growing,Medium,Medium,Low,Medium,Low,Low,Low,Medium
1797665,Dodge's Southern Style,38116,38116,47157,Memphis,TN,Shelby,RURAL,4,Healthy Lifestyle Market,Fast-service restaurant,value-oriented trade area,wings and chicken-wing concentration,High,Young Demand High,Low,Stable,High,Low,Low,High,High,Medium,Medium,High
1963415,Domino's,38122,38122,47157,Memphis,TN,Shelby,SUBURBAN,4,Healthy Lifestyle Market,Wings-focused restaurant,value-oriented trade area,health-oriented food concentration,High,Young Demand High,Low,Declining,High,Medium,Low,High,Low,High,Medium,Medium
2516793,Eggy's Bagel Breakfast Sandwich,38114,38114,47157,Memphis,TN,Shelby,SUBURBAN,0,Social Dining Market,Fast-service restaurant,value-oriented trade area,wings and chicken-wing concentration,High,Senior Demand High,Low,Declining,Medium,Medium,Medium,Medium,High,Medium,Low,High
1683390,Finish Line,38117,38117,47157,Memphis,TN,Shelby,SUBURBAN,5,Comfort Dining Market,General restaurant,higher-income trade area,beverage-led food concentration,High,Senior Demand High,High,Stable,High,Medium,Low,High,Low,High,High,Low
1683417,FireBurger,38017,38017,47157,Collierville,TN,Shelby,RURAL,13,Healthy Lifestyle Market,Wings-focused restaurant,higher-income trade area,health-oriented food concentration,High,Young Demand High,High,Growing,Medium,Low,Low,High,Medium,High,Medium,Low
1229171,Get Baked,38134,38134,47157,Memphis,TN,Shelby,RURAL,5,Comfort Dining Market,Fast-service restaurant,mid-market trade area,health-oriented food concentration,High,Senior Demand High,Medium,Stable,High,Low,Low,High,Low,High,Medium,Medium
2203261,Getwell Fish N Chicken,38111,38111,47157,Memphis,TN,Shelby,SUBURBAN,5,Comfort Dining Market,Fast-service restaurant,mid-market trade area,health-oriented food concentration,High,Senior Demand High,Medium,Declining,High,Low,Low,High,Low,High,High,Medium
2569419,Gus's World Famous Fried Chicken,38138,38138,47157,Germantown,TN,Shelby,RURAL,14,Social Dining Market,Wings-focused restaurant,higher-income trade area,health-oriented food concentration,High,Young Demand High,High,Stable,High,Low,Medium,High,Low,High,High,Low
2518019,Height Wings,38115,38115,47157,Memphis,TN,Shelby,SUBURBAN,4,Healthy Lifestyle Market,Wings-focused restaurant,value-oriented trade area,wings and chicken-wing concentration,High,Senior Demand High,Low,Declining,High,Low,Medium,High,Medium,Medium,Low,High
1683958,Hummus Republic,38018,38018,47157,Cordova,TN,Shelby,RURAL,5,Comfort Dining Market,Health-oriented restaurant,higher-income trade area,health-oriented food concentration,High,Senior Demand High,High,Growing,High,Low,Low,High,Medium,High,Medium,Medium
2124522,Hunt Brothers Pizza,38111,38111,47157,Memphis,TN,Shelby,SUBURBAN,5,Comfort Dining Market,General restaurant,mid-market trade area,health-oriented food concentration,High,Senior Demand High,Medium,Declining,High,Low,Low,High,Low,High,High,Medium
2518448,Jackie Mae's Place,38053,38053,47157,Millington,TN,Shelby,RURAL,4,Healthy Lifestyle Market,Fast-service restaurant,mid-market trade area,beverage-led food concentration,High,Young Demand High,Medium,Declining,High,Medium,Medium,Medium,Medium,Medium,High,Medium
1234639,JoJo's Espresso,38138,38138,47157,Germantown,TN,Shelby,RURAL,14,Social Dining Market,Beverage-led restaurant,higher-income trade area,health-oriented food concentration,High,Young Demand High,High,Stable,High,Low,Medium,High,Low,High,High,Low
1996330,Krispy Krunchy Chicken,38002,38002,47157,Arlington,TN,Shelby,RURAL,13,Healthy Lifestyle Market,Chicken-focused restaurant,higher-income trade area,health-oriented food concentration,High,Young Demand High,High,Growing,Medium,Low,Low,High,Medium,High,High,Medium
808014,Krystal,38125,38125,47157,Memphis,TN,Shelby,RURAL,5,Comfort Dining Market,Fast-service restaurant,higher-income trade area,fast-service concentration,Medium,Balanced Age Demand,High,Growing,Medium,Low,Low,High,Medium,Medium,Medium,Medium
2203760,Lennny's Grill &amp; Subs,38002,38002,47157,Arlington,TN,Shelby,RURAL,13,Healthy Lifestyle Market,Fast-service restaurant,higher-income trade area,health-oriented food concentration,High,Young Demand High,High,Growing,Medium,Low,Low,High,Medium,High,High,Medium
2289831,Lenny's Grill &amp; Subs,38125,38125,47157,Memphis,TN,Shelby,RURAL,5,Comfort Dining Market,Fast-service restaurant,higher-income trade area,fast-service concentration,Medium,Balanced Age Demand,High,Growing,Medium,Low,Low,High,Medium,Medium,Medium,Medium
2176151,Little Caesars,38119,38119,47157,Memphis,TN,Shelby,SUBURBAN,5,Comfort Dining Market,Wings-focused restaurant,higher-income trade area,beverage-led food concentration,High,Senior Demand High,High,Stable,High,Medium,Low,High,Low,Medium,High,Low
2140348,Lot-A-Burger,38109,38109,47157,Memphis,TN,Shelby,RURAL,6,Youth Convenience Market,Fast-service restaurant,value-oriented trade area,wings and chicken-wing concentration,High,Balanced Age Demand,Low,Stable,Low,Low,Medium,Medium,High,Low,Medium,High
1239139,Man vs Fries,38133,38133,47157,Memphis,TN,Shelby,RURAL,5,Comfort Dining Market,Mexican cuisine restaurant,higher-income trade area,health-oriented food concentration,High,Balanced Age Demand,High,Stable,High,Low,Low,High,Medium,High,Medium,Medium
913243,Marco's Pizza Hwy 64,38002,38002,47157,Arlington,TN,Shelby,RURAL,13,Healthy Lifestyle Market,Fast-service restaurant,higher-income trade area,health-oriented food concentration,High,Young Demand High,High,Growing,Medium,Low,Low,High,Medium,High,High,Medium
1635308,Margarita's Mexican Restaurant,38116,38116,47157,Memphis,TN,Shelby,RURAL,4,Healthy Lifestyle Market,Mexican cuisine restaurant,value-oriented trade area,wings and chicken-wing concentration,High,Young Demand High,Low,Stable,High,Low,Low,High,High,Medium,Medium,High
861060,Mesquite Chop House,38672,38672,28033,Southaven,MS,DeSoto,RURAL,13,Healthy Lifestyle Market,Health-oriented restaurant,higher-income trade area,health-oriented food concentration,High,Young Demand High,High,Growing,High,Medium,Low,Medium,Medium,High,High,Medium
1528875,MOJAMA DAR ALHAJAR,38115,38115,47157,Memphis,TN,Shelby,SUBURBAN,4,Healthy Lifestyle Market,Health-oriented restaurant,value-oriented trade area,wings and chicken-wing concentration,High,Senior Demand High,Low,Declining,High,Low,Medium,High,Medium,Medium,Low,High
1242459,Noodles &amp; Greens,38017,38017,47157,Collierville,TN,Shelby,RURAL,13,Healthy Lifestyle Market,Chicken-focused restaurant,higher-income trade area,health-oriented food concentration,High,Young Demand High,High,Growing,Medium,Low,Low,High,Medium,High,Medium,Low
1244031,Panera,38654,38654,28033,Olive Branch,MS,DeSoto,RURAL,5,Comfort Dining Market,Chicken-focused restaurant,higher-income trade area,beverage-led food concentration,High,Balanced Age Demand,High,Growing,High,Low,Low,High,Medium,Medium,High,Medium
1436307,Pardon My Cheesesteak,38118,38118,47157,Memphis,TN,Shelby,RURAL,4,Healthy Lifestyle Market,Fast-service restaurant,value-oriented trade area,wings and chicken-wing concentration,High,Young Demand High,Low,Stable,Medium,Low,Medium,High,High,Medium,Medium,High
2521457,Playa Bowls,38105,38105,47157,Memphis,TN,Shelby,SUBURBAN,0,Social Dining Market,Health-oriented restaurant,value-oriented trade area,health-oriented food concentration,High,Senior Demand High,Low,Declining,High,High,Medium,Medium,High,High,High,High
2204607,Popeyes,38133,38133,47157,Memphis,TN,Shelby,RURAL,5,Comfort Dining Market,Fast-service restaurant,higher-income trade area,health-oriented food concentration,High,Balanced Age Demand,High,Stable,High,Low,Low,High,Medium,High,Medium,Medium
1806509,Smoothie King,38122,38122,47157,Memphis,TN,Shelby,SUBURBAN,4,Healthy Lifestyle Market,Health-oriented restaurant,value-oriented trade area,health-oriented food concentration,High,Young Demand High,Low,Declining,High,Medium,Low,High,Low,High,Medium,Medium
1806705,Sonic,72370,72370,05093,Osceola,AR,Mississippi,RURAL,3,Youth Convenience Market,Chicken-focused restaurant,value-oriented trade area,health-oriented food concentration,High,Balanced Age Demand,Low,Declining,Low,High,Medium,Medium,Low,High,Low,High
2157918,Starbucks,38671,38671,28033,Southaven,MS,DeSoto,RURAL,4,Healthy Lifestyle Market,Beverage-led restaurant,mid-market trade area,beverage-led food concentration,High,Balanced Age Demand,Medium,Stable,High,Low,Low,High,Medium,Medium,High,High
2277656,Starbucks,38016,38016,47157,Cordova,TN,Shelby,RURAL,5,Comfort Dining Market,Beverage-led restaurant,higher-income trade area,health-oriented food concentration,High,Senior Demand High,High,Stable,High,Low,Low,High,Low,High,High,Medium
1253657,Subway,38004,38004,47167,Atoka,TN,Tipton,RURAL,1,Social Dining Market,Health-oriented restaurant,higher-income trade area,wings and chicken-wing concentration,Medium,Senior Demand High,High,Growing,Medium,Medium,Low,Medium,Low,Low,Low,Medium
2240663,Subway,72364,72364,05035,Marion,AR,Crittenden,RURAL,13,Healthy Lifestyle Market,Health-oriented restaurant,higher-income trade area,health-oriented food concentration,Medium,Young Demand High,High,Stable,Medium,Medium,High,Medium,Medium,Medium,Medium,Medium
2300319,Subway,38118,38118,47157,Memphis,TN,Shelby,RURAL,4,Healthy Lifestyle Market,Health-oriented restaurant,value-oriented trade area,wings and chicken-wing concentration,High,Young Demand High,Low,Stable,Medium,Low,Medium,High,High,Medium,Medium,High
2205118,Subway,38018,38018,47157,Cordova,TN,Shelby,RURAL,5,Comfort Dining Market,Fast-service restaurant,higher-income trade area,health-oriented food concentration,High,Senior Demand High,High,Growing,High,Low,Low,High,Medium,High,Medium,Medium
1422297,Subway,38103,38103,47157,Memphis,TN,Shelby,SUBURBAN,5,Comfort Dining Market,Health-oriented restaurant,higher-income trade area,beverage-led food concentration,High,Senior Demand High,High,Stable,High,Low,Medium,High,Low,Medium,High,Low
808054,Taco Bell,38116,38116,47157,Memphis,TN,Shelby,RURAL,4,Healthy Lifestyle Market,Mexican cuisine restaurant,value-oriented trade area,wings and chicken-wing concentration,High,Young Demand High,Low,Stable,High,Low,Low,High,High,Medium,Medium,High
2278585,Taziki's Mediterranean Cafe,38133,38133,47157,Memphis,TN,Shelby,RURAL,5,Comfort Dining Market,Health-oriented restaurant,higher-income trade area,health-oriented food concentration,High,Balanced Age Demand,High,Stable,High,Low,Low,High,Medium,High,Medium,Medium
1259680,The Pie Folks,38018,38018,47157,Cordova,TN,Shelby,RURAL,5,Comfort Dining Market,General restaurant,higher-income trade area,health-oriented food concentration,High,Senior Demand High,High,Growing,High,Low,Low,High,Medium,High,Medium,Medium
1260188,The Wing Guru,38002,38002,47157,Arlington,TN,Shelby,RURAL,13,Healthy Lifestyle Market,Wings-focused restaurant,higher-income trade area,health-oriented food concentration,High,Young Demand High,High,Growing,Medium,Low,Low,High,Medium,High,High,Medium
1968978,Tops Bar-B-Q,38122,38122,47157,Memphis,TN,Shelby,SUBURBAN,4,Healthy Lifestyle Market,Beverage-led restaurant,value-oriented trade area,health-oriented food concentration,High,Young Demand High,Low,Declining,High,Medium,Low,High,Low,High,Medium,Medium
2338882,Tops Bar-B-Q #22,38125,38125,47157,Memphis,TN,Shelby,RURAL,5,Comfort Dining Market,Fast-service restaurant,higher-income trade area,fast-service concentration,Medium,Balanced Age Demand,High,Growing,Medium,Low,Low,High,Medium,Medium,Medium,Medium
1681311,Zaxbys,38016,38016,47157,Cordova,TN,Shelby,RURAL,5,Comfort Dining Market,Wings-focused restaurant,higher-income trade area,health-oriented food concentration,High,Senior Demand High,High,Stable,High,Low,Low,High,Low,High,High,Medium
2147446,Zaxbys,38632,38632,28033,Hernando,MS,DeSoto,RURAL,1,Social Dining Market,Wings-focused restaurant,higher-income trade area,beverage-led food concentration,High,Balanced Age Demand,High,Growing,Medium,Medium,Medium,Medium,Medium,Medium,High,High
2455192,Chase the Taste,38106,38106,47157,Memphis,TN,Shelby,RURAL,6,Youth Convenience Market,Wings-focused restaurant,value-oriented trade area,wings and chicken-wing concentration,High,Young Demand High,Low,Declining,Medium,Medium,Medium,Low,High,Low,Low,High
2463304,El Catrin Mexican Grill & Bar,38606,38606,28107,Batesville,MS,Panola,RURAL,1,Social Dining Market,Mexican cuisine restaurant,mid-market trade area,beverage-led food concentration,High,Balanced Age Demand,Medium,Stable,Low,Medium,High,Low,Medium,Low,High,Medium
1633769,Capriccio Grill Peabody Hotel,38103,38103,47157,Memphis,TN,Shelby,SUBURBAN,5,Comfort Dining Market,General restaurant,higher-income trade area,beverage-led food concentration,High,Senior Demand High,High,Stable,High,Low,Medium,High,Low,Medium,High,Low
212457,Char,38111,38111,47157,Memphis,TN,Shelby,SUBURBAN,5,Comfort Dining Market,Seafood-focused restaurant,mid-market trade area,health-oriented food concentration,High,Senior Demand High,Medium,Declining,High,Low,Low,High,Low,High,High,Medium
859914,Chili's Grill & Bar,38133,38133,47157,Memphis,TN,Shelby,RURAL,5,Comfort Dining Market,Wings-focused restaurant,higher-income trade area,health-oriented food concentration,High,Balanced Age Demand,High,Stable,High,Low,Low,High,Medium,High,Medium,Medium
209361,Curfew,38103,38103,47157,Memphis,TN,Shelby,SUBURBAN,5,Comfort Dining Market,Beverage-led restaurant,higher-income trade area,beverage-led food concentration,High,Senior Demand High,High,Stable,High,Low,Medium,High,Low,Medium,High,Low
369731,Sekisui,38016,38016,47157,Cordova,TN,Shelby,RURAL,5,Comfort Dining Market,Asian cuisine restaurant,higher-income trade area,health-oriented food concentration,High,Senior Demand High,High,Stable,High,Low,Low,High,Low,High,High,Medium
1667163,901 Wings,38671,38671,28033,Southaven,MS,DeSoto,RURAL,4,Healthy Lifestyle Market,Wings-focused restaurant,mid-market trade area,beverage-led food concentration,High,Balanced Age Demand,Medium,Stable,High,Low,Low,High,Medium,Medium,High,High
2551664,Addiction Smash Burger,38018,38018,47157,Cordova,TN,Shelby,RURAL,5,Comfort Dining Market,Fast-service restaurant,higher-income trade area,health-oriented food concentration,High,Senior Demand High,High,Growing,High,Low,Low,High,Medium,High,Medium,Medium
2556083,Breakfast Cove,38004,38004,47167,Atoka,TN,Tipton,RURAL,1,Social Dining Market,Fast-service restaurant,higher-income trade area,wings and chicken-wing concentration,Medium,Senior Demand High,High,Growing,Medium,Medium,Low,Medium,Low,Low,Low,Medium
1625461,Central BBQ,38122,38122,47157,Memphis,TN,Shelby,SUBURBAN,4,Healthy Lifestyle Market,Beverage-led restaurant,value-oriented trade area,health-oriented food concentration,High,Young Demand High,Low,Declining,High,Medium,Low,High,Low,High,Medium,Medium
2568582,Cheffie's Cafe,38017,38017,47157,Collierville,TN,Shelby,RURAL,13,Healthy Lifestyle Market,Health-oriented restaurant,higher-income trade area,health-oriented food concentration,High,Young Demand High,High,Growing,Medium,Low,Low,High,Medium,High,Medium,Low
2480577,Dixie Queen Getwell RA,38111,38111,47157,Memphis,TN,Shelby,SUBURBAN,5,Comfort Dining Market,Wings-focused restaurant,mid-market trade area,health-oriented food concentration,High,Senior Demand High,Medium,Declining,High,Low,Low,High,Low,High,High,Medium
420785,French Truck Coffee,38104,38104,47157,Memphis,TN,Shelby,SUBURBAN,5,Comfort Dining Market,Asian cuisine restaurant,mid-market trade area,beverage-led food concentration,High,Senior Demand High,Medium,Stable,High,Low,Low,High,Medium,High,High,Medium
2417207,Jack Brown's Joint Memphis,38104,38104,47157,Memphis,TN,Shelby,SUBURBAN,5,Comfort Dining Market,Beverage-led restaurant,mid-market trade area,beverage-led food concentration,High,Senior Demand High,Medium,Stable,High,Low,Low,High,Medium,High,High,Medium
2145960,Local Lime,38138,38138,47157,Germantown,TN,Shelby,RURAL,14,Social Dining Market,Mexican cuisine restaurant,higher-income trade area,health-oriented food concentration,High,Young Demand High,High,Stable,High,Low,Medium,High,Low,High,High,Low
1632235,Southaven Nutrition Hut,38671,38671,28033,Southaven,MS,DeSoto,RURAL,4,Healthy Lifestyle Market,Health-oriented restaurant,mid-market trade area,beverage-led food concentration,High,Balanced Age Demand,Medium,Stable,High,Low,Low,High,Medium,Medium,High,High
2487164,Staks Kitchen,38672,38672,28033,Southaven,MS,DeSoto,RURAL,13,Healthy Lifestyle Market,Health-oriented restaurant,higher-income trade area,health-oriented food concentration,High,Young Demand High,High,Growing,High,Medium,Low,Medium,Medium,High,High,Medium
2301021,The Depot Pizzeria,72364,72364,05035,Marion,AR,Crittenden,RURAL,13,Healthy Lifestyle Market,Wings-focused restaurant,higher-income trade area,health-oriented food concentration,Medium,Young Demand High,High,Stable,Medium,Medium,High,Medium,Medium,Medium,Medium,Medium
473423,The Four Way Restaurant Soulsville,38126,38126,47157,Memphis,TN,Shelby,SUBURBAN,6,Youth Convenience Market,Fast-service restaurant,value-oriented trade area,fast-service concentration,Medium,Balanced Age Demand,Low,Growing,Medium,Medium,High,Medium,Medium,Low,Low,Medium
2152845,Wally Hatchet's,38134,38134,47157,Memphis,TN,Shelby,RURAL,5,Comfort Dining Market,Fast-service restaurant,mid-market trade area,health-oriented food concentration,High,Senior Demand High,Medium,Stable,High,Low,Low,High,Low,High,Medium,Medium
2454207,Wild Beet Salad Co,38016,38016,47157,Cordova,TN,Shelby,RURAL,5,Comfort Dining Market,General restaurant,higher-income trade area,health-oriented food concentration,High,Senior Demand High,High,Stable,High,Low,Low,High,Low,High,High,Medium
12944,East End Grill,38125,38125,47157,Memphis,TN,Shelby,RURAL,5,Comfort Dining Market,Beverage-led restaurant,higher-income trade area,fast-service concentration,Medium,Balanced Age Demand,High,Growing,Medium,Low,Low,High,Medium,Medium,Medium,Medium
2106323,A1 Wings &amp; Things,38018,38018,47157,Cordova,TN,Shelby,RURAL,5,Comfort Dining Market,Wings-focused restaurant,higher-income trade area,health-oriented food concentration,High,Senior Demand High,High,Growing,High,Low,Low,High,Medium,High,Medium,Medium
2572345,Belltower Coffeehouse,38111,38111,47157,Memphis,TN,Shelby,SUBURBAN,5,Comfort Dining Market,Beverage-led restaurant,mid-market trade area,health-oriented food concentration,High,Senior Demand High,Medium,Declining,High,Low,Low,High,Low,High,High,Medium
2390457,Best Buy,38671,38671,28033,Southaven,MS,DeSoto,RURAL,4,Healthy Lifestyle Market,General restaurant,mid-market trade area,beverage-led food concentration,High,Balanced Age Demand,Medium,Stable,High,Low,Low,High,Medium,Medium,High,High
2390513,"Biscuits, Bowls &amp; Burgers",38654,38654,28033,Olive Branch,MS,DeSoto,RURAL,5,Comfort Dining Market,Fast-service restaurant,higher-income trade area,beverage-led food concentration,High,Balanced Age Demand,High,Growing,High,Low,Low,High,Medium,Medium,High,Medium
1962110,Boise Bill's,38016,38016,47157,Cordova,TN,Shelby,RURAL,5,Comfort Dining Market,Fast-service restaurant,higher-income trade area,health-oriented food concentration,High,Senior Demand High,High,Stable,High,Low,Low,High,Low,High,High,Medium
807812,Bojangles',38128,38128,47157,Memphis,TN,Shelby,RURAL,4,Healthy Lifestyle Market,Chicken-focused restaurant,value-oriented trade area,wings and chicken-wing concentration,High,Young Demand High,Low,Stable,Medium,Low,Medium,High,High,Medium,Medium,High
2014477,Bojangles,38654,38654,28033,Olive Branch,MS,DeSoto,RURAL,5,Comfort Dining Market,Chicken-focused restaurant,higher-income trade area,beverage-led food concentration,High,Balanced Age Demand,High,Growing,High,Low,Low,High,Medium,Medium,High,Medium
1266758,Broken Cup Cafe,38668,38668,28137,Senatobia,MS,Tate,RURAL,1,Social Dining Market,Beverage-led restaurant,mid-market trade area,beverage-led food concentration,High,Balanced Age Demand,Medium,Stable,Medium,Medium,Medium,Medium,Medium,Low,High,High
1218590,Burger King,38635,38635,28093,Holly Springs,MS,Marshall,RURAL,12,Healthy Lifestyle Market,Fast-service restaurant,mid-market trade area,health-oriented food concentration,High,Senior Demand High,Medium,Stable,Low,High,Low,High,High,High,Medium,High
1441345,Burger King,38104,38104,47157,Memphis,TN,Shelby,SUBURBAN,5,Comfort Dining Market,Fast-service restaurant,mid-market trade area,beverage-led food concentration,High,Senior Demand High,Medium,Stable,High,Low,Low,High,Medium,High,High,Medium
1267162,Burger King,38128,38128,47157,Memphis,TN,Shelby,RURAL,4,Healthy Lifestyle Market,Fast-service restaurant,value-oriented trade area,wings and chicken-wing concentration,High,Young Demand High,Low,Stable,Medium,Low,Medium,High,High,Medium,Medium,High
180596,Burger King,38116,38116,47157,Memphis,TN,Shelby,RURAL,4,Healthy Lifestyle Market,Fast-service restaurant,value-oriented trade area,wings and chicken-wing concentration,High,Young Demand High,Low,Stable,High,Low,Low,High,High,Medium,Medium,High
2572541,Butterflake Croissant Sandwiches,38114,38114,47157,Memphis,TN,Shelby,SUBURBAN,0,Social Dining Market,Fast-service restaurant,value-oriented trade area,wings and chicken-wing concentration,High,Senior Demand High,Low,Declining,Medium,Medium,Medium,Medium,High,Medium,Low,High
830522,Captain D's,72301,72301,05035,West Memphis,AR,Crittenden,RURAL,4,Healthy Lifestyle Market,Seafood-focused restaurant,value-oriented trade area,fast-service concentration,High,Balanced Age Demand,Low,Stable,High,Low,Medium,Medium,High,Medium,Medium,High
2280389,Checkers,38126,38126,47157,Memphis,TN,Shelby,SUBURBAN,6,Youth Convenience Market,Fast-service restaurant,value-oriented trade area,fast-service concentration,Medium,Balanced Age Demand,Low,Growing,Medium,Medium,High,Medium,Medium,Low,Low,Medium
2576664,Cheesecake Boss Italian Pizzeria,38018,38018,47157,Cordova,TN,Shelby,RURAL,5,Comfort Dining Market,General restaurant,higher-income trade area,health-oriented food concentration,High,Senior Demand High,High,Growing,High,Low,Low,High,Medium,High,Medium,Medium
805856,Chicken Salad Chick,38138,38138,47157,Germantown,TN,Shelby,RURAL,14,Social Dining Market,Chicken-focused restaurant,higher-income trade area,health-oriented food concentration,High,Young Demand High,High,Stable,High,Low,Medium,High,Low,High,High,Low
2153403,Chicken Salad Chick,38002,38002,47157,Arlington,TN,Shelby,RURAL,13,Healthy Lifestyle Market,Chicken-focused restaurant,higher-income trade area,health-oriented food concentration,High,Young Demand High,High,Growing,Medium,Low,Low,High,Medium,High,High,Medium
1268682,Coop &amp; Run,38654,38654,28033,Olive Branch,MS,DeSoto,RURAL,5,Comfort Dining Market,Chicken-focused restaurant,higher-income trade area,beverage-led food concentration,High,Balanced Age Demand,High,Growing,High,Low,Low,High,Medium,Medium,High,Medium
2202782,Crumpy's Hot Wings,38134,38134,47157,Memphis,TN,Shelby,RURAL,5,Comfort Dining Market,Wings-focused restaurant,mid-market trade area,health-oriented food concentration,High,Senior Demand High,Medium,Stable,High,Low,Low,High,Low,High,Medium,Medium
2516400,Dixie Queen,38671,38671,28033,Southaven,MS,DeSoto,RURAL,4,Healthy Lifestyle Market,Fast-service restaurant,mid-market trade area,beverage-led food concentration,High,Balanced Age Demand,Medium,Stable,High,Low,Low,High,Medium,Medium,High,High
1634184,Dodge's Southern Style,38109,38109,47157,Memphis,TN,Shelby,RURAL,6,Youth Convenience Market,Chicken-focused restaurant,value-oriented trade area,wings and chicken-wing concentration,High,Balanced Age Demand,Low,Stable,Low,Low,Medium,Medium,High,Low,Medium,High
1506992,Domino's,38068,38068,47047,Somerville,TN,Fayette,RURAL,1,Social Dining Market,Wings-focused restaurant,mid-market trade area,beverage-led food concentration,High,Balanced Age Demand,Medium,Growing,Medium,Medium,High,Low,High,Medium,High,High
1963631,Domino's,38672,38672,28033,Southaven,MS,DeSoto,RURAL,13,Healthy Lifestyle Market,Wings-focused restaurant,higher-income trade area,health-oriented food concentration,High,Young Demand High,High,Growing,High,Medium,Low,Medium,Medium,High,High,Medium
1813768,FireBurger,38133,38133,47157,Memphis,TN,Shelby,RURAL,5,Comfort Dining Market,Wings-focused restaurant,higher-income trade area,health-oriented food concentration,High,Balanced Age Demand,High,Stable,High,Low,Low,High,Medium,High,Medium,Medium
1689984,FireBurger,38672,38672,28033,Southaven,MS,DeSoto,RURAL,13,Healthy Lifestyle Market,Wings-focused restaurant,higher-income trade area,health-oriented food concentration,High,Young Demand High,High,Growing,High,Medium,Low,Medium,Medium,High,High,Medium
1558455,Firehouse Subs,38002,38002,47157,Arlington,TN,Shelby,RURAL,13,Healthy Lifestyle Market,Fast-service restaurant,higher-income trade area,health-oriented food concentration,High,Young Demand High,High,Growing,Medium,Low,Low,High,Medium,High,High,Medium
1814086,Get Baked,38116,38116,47157,Memphis,TN,Shelby,RURAL,4,Healthy Lifestyle Market,Fast-service restaurant,value-oriented trade area,wings and chicken-wing concentration,High,Young Demand High,Low,Stable,High,Low,Low,High,High,Medium,Medium,High
805902,Great American Cookies,38138,38138,47157,Germantown,TN,Shelby,RURAL,14,Social Dining Market,General restaurant,higher-income trade area,health-oriented food concentration,High,Young Demand High,High,Stable,High,Low,Medium,High,Low,High,High,Low
2577641,Hunts Brothers Pizza,38106,38106,47157,Memphis,TN,Shelby,RURAL,6,Youth Convenience Market,Health-oriented restaurant,value-oriented trade area,wings and chicken-wing concentration,High,Young Demand High,Low,Declining,Medium,Medium,Medium,Low,High,Low,Low,High
1634725,Hunts Brothers Pizza,38606,38606,28107,Batesville,MS,Panola,RURAL,1,Social Dining Market,Wings-focused restaurant,mid-market trade area,beverage-led food concentration,High,Balanced Age Demand,Medium,Stable,Low,Medium,High,Low,Medium,Low,High,Medium
2289397,Jimmy John’s,38017,38017,47157,Collierville,TN,Shelby,RURAL,13,Healthy Lifestyle Market,Fast-service restaurant,higher-income trade area,health-oriented food concentration,High,Young Demand High,High,Growing,Medium,Low,Low,High,Medium,High,Medium,Low
2296965,JR Fish and Chicken,38115,38115,47157,Memphis,TN,Shelby,SUBURBAN,4,Healthy Lifestyle Market,Wings-focused restaurant,value-oriented trade area,wings and chicken-wing concentration,High,Senior Demand High,Low,Declining,High,Low,Medium,High,Medium,Medium,Low,High
1235415,KFC,38122,38122,47157,Memphis,TN,Shelby,SUBURBAN,4,Healthy Lifestyle Market,Wings-focused restaurant,value-oriented trade area,health-oriented food concentration,High,Young Demand High,Low,Declining,High,Medium,Low,High,Low,High,Medium,Medium
1635041,Krispy Krunchy Chicken,38671,38671,28033,Southaven,MS,DeSoto,RURAL,4,Healthy Lifestyle Market,Chicken-focused restaurant,mid-market trade area,beverage-led food concentration,High,Balanced Age Demand,Medium,Stable,High,Low,Low,High,Medium,Medium,High,High
1918180,Krispy Krunchy Chicken,38141,38141,47157,Memphis,TN,Shelby,SUBURBAN,1,Social Dining Market,Chicken-focused restaurant,mid-market trade area,wings and chicken-wing concentration,High,Balanced Age Demand,Medium,Growing,Medium,Medium,Medium,Medium,High,Medium,Medium,High
1273667,Krystal,38118,38118,47157,Memphis,TN,Shelby,RURAL,4,Healthy Lifestyle Market,Fast-service restaurant,value-oriented trade area,wings and chicken-wing concentration,High,Young Demand High,Low,Stable,Medium,Low,Medium,High,High,Medium,Medium,High
1816606,Little Caesars,38109,38109,47157,Memphis,TN,Shelby,RURAL,6,Youth Convenience Market,Wings-focused restaurant,value-oriented trade area,wings and chicken-wing concentration,High,Balanced Age Demand,Low,Stable,Low,Low,Medium,Medium,High,Low,Medium,High
1785756,Little Caesars,38118,38118,47157,Memphis,TN,Shelby,RURAL,4,Healthy Lifestyle Market,Wings-focused restaurant,value-oriented trade area,wings and chicken-wing concentration,High,Young Demand High,Low,Stable,Medium,Low,Medium,High,High,Medium,Medium,High
983651,Mandarin Express,38133,38133,47157,Memphis,TN,Shelby,RURAL,5,Comfort Dining Market,Asian cuisine restaurant,higher-income trade area,health-oriented food concentration,High,Balanced Age Demand,High,Stable,High,Low,Low,High,Medium,High,Medium,Medium
1239617,McAlister's 1269,38133,38133,47157,Memphis,TN,Shelby,RURAL,5,Comfort Dining Market,Health-oriented restaurant,higher-income trade area,health-oriented food concentration,High,Balanced Age Demand,High,Stable,High,Low,Low,High,Medium,High,Medium,Medium
2169310,McDonald's,72365,72365,05111,Marked Tree,AR,Poinsett,RURAL,9,Youth Convenience Market,Chicken-focused restaurant,value-oriented trade area,beverage-led food concentration,High,Balanced Age Demand,Low,Declining,Medium,High,High,Low,Low,Low,High,Low
2520441,MR J'S WINGS,38018,38018,47157,Cordova,TN,Shelby,RURAL,5,Comfort Dining Market,Wings-focused restaurant,higher-income trade area,health-oriented food concentration,High,Senior Demand High,High,Growing,High,Low,Low,High,Medium,High,Medium,Medium
2574558,Panera,38018,38018,47157,Cordova,TN,Shelby,RURAL,5,Comfort Dining Market,Chicken-focused restaurant,higher-income trade area,health-oriented food concentration,High,Senior Demand High,High,Growing,High,Low,Low,High,Medium,High,Medium,Medium
1818703,Papa Johns Pizza,38122,38122,47157,Memphis,TN,Shelby,SUBURBAN,4,Healthy Lifestyle Market,Wings-focused restaurant,value-oriented trade area,health-oriented food concentration,High,Young Demand High,Low,Declining,High,Medium,Low,High,Low,High,Medium,Medium
1244726,Papa Johns Pizza,38060,38060,47047,Oakland,TN,Fayette,RURAL,5,Comfort Dining Market,Wings-focused restaurant,higher-income trade area,wings and chicken-wing concentration,High,Senior Demand High,High,Growing,High,Medium,Low,Medium,Low,Medium,Medium,High
1449112,Pardon My Cheesesteak,38115,38115,47157,Memphis,TN,Shelby,SUBURBAN,4,Healthy Lifestyle Market,Fast-service restaurant,value-oriented trade area,wings and chicken-wing concentration,High,Senior Demand High,Low,Declining,High,Low,Medium,High,Medium,Medium,Low,High
2530023,Piccadilly Cafeteria,38128,38128,47157,Memphis,TN,Shelby,RURAL,4,Healthy Lifestyle Market,Seafood-focused restaurant,value-oriented trade area,wings and chicken-wing concentration,High,Young Demand High,Low,Stable,Medium,Low,Medium,High,High,Medium,Medium,High
2530082,Pizza Hut,38019,38019,47167,Covington,TN,Tipton,RURAL,4,Healthy Lifestyle Market,Wings-focused restaurant,mid-market trade area,beverage-led food concentration,Medium,Balanced Age Demand,Medium,Stable,Medium,Medium,Medium,Medium,Medium,Low,Medium,Medium
1277645,Pizza Hut,38004,38004,47167,Atoka,TN,Tipton,RURAL,1,Social Dining Market,Wings-focused restaurant,higher-income trade area,wings and chicken-wing concentration,Medium,Senior Demand High,High,Growing,Medium,Medium,Low,Medium,Low,Low,Low,Medium
2521483,Poke World,38654,38654,28033,Olive Branch,MS,DeSoto,RURAL,5,Comfort Dining Market,Asian cuisine restaurant,higher-income trade area,beverage-led food concentration,High,Balanced Age Demand,High,Growing,High,Low,Low,High,Medium,Medium,High,Medium
2521806,Raising Cane's Chicken Fingers,38133,38133,47157,Memphis,TN,Shelby,RURAL,5,Comfort Dining Market,Chicken-focused restaurant,higher-income trade area,health-oriented food concentration,High,Balanced Age Demand,High,Stable,High,Low,Low,High,Medium,High,Medium,Medium
2578903,Ray’s World Famous Bar-B Que,72301,72301,05035,West Memphis,AR,Crittenden,RURAL,4,Healthy Lifestyle Market,Beverage-led restaurant,value-oriented trade area,fast-service concentration,High,Balanced Age Demand,Low,Stable,High,Low,Medium,Medium,High,Medium,Medium,High
1853570,Red Koi Express Japanese Cuisine,38111,38111,47157,Memphis,TN,Shelby,SUBURBAN,5,Comfort Dining Market,Asian cuisine restaurant,mid-market trade area,health-oriented food concentration,High,Senior Demand High,Medium,Declining,High,Low,Low,High,Low,High,High,Medium
2213803,Rise Biscuits &amp; Donuts,38117,38117,47157,Memphis,TN,Shelby,SUBURBAN,5,Comfort Dining Market,General restaurant,higher-income trade area,beverage-led food concentration,High,Senior Demand High,High,Stable,High,Medium,Low,High,Low,High,High,Low
2355294,Sake vs Tekila,38116,38116,47157,Memphis,TN,Shelby,RURAL,4,Healthy Lifestyle Market,Asian cuisine restaurant,value-oriented trade area,wings and chicken-wing concentration,High,Young Demand High,Low,Stable,High,Low,Low,High,High,Medium,Medium,High
2128282,Smoothie King,38115,38115,47157,Memphis,TN,Shelby,SUBURBAN,4,Healthy Lifestyle Market,Health-oriented restaurant,value-oriented trade area,wings and chicken-wing concentration,High,Senior Demand High,Low,Declining,High,Low,Medium,High,Medium,Medium,Low,High
2128374,Starbucks,38133,38133,47157,Memphis,TN,Shelby,RURAL,5,Comfort Dining Market,Beverage-led restaurant,higher-income trade area,health-oriented food concentration,High,Balanced Age Demand,High,Stable,High,Low,Low,High,Medium,High,Medium,Medium
1448369,Subway,38127,38127,47157,Memphis,TN,Shelby,RURAL,6,Youth Convenience Market,Health-oriented restaurant,value-oriented trade area,wings and chicken-wing concentration,High,Young Demand High,Low,Declining,Medium,Medium,Medium,Medium,High,Medium,Low,High
173340,Subway,38122,38122,47157,Memphis,TN,Shelby,SUBURBAN,4,Healthy Lifestyle Market,Health-oriented restaurant,value-oriented trade area,health-oriented food concentration,High,Young Demand High,Low,Declining,High,Medium,Low,High,Low,High,Medium,Medium
1443876,Subway,38134,38134,47157,Memphis,TN,Shelby,RURAL,5,Comfort Dining Market,Health-oriented restaurant,mid-market trade area,health-oriented food concentration,High,Senior Demand High,Medium,Stable,High,Low,Low,High,Low,High,Medium,Medium
2255671,Subway,38060,38060,47047,Oakland,TN,Fayette,RURAL,5,Comfort Dining Market,Health-oriented restaurant,higher-income trade area,wings and chicken-wing concentration,High,Senior Demand High,High,Growing,High,Medium,Low,Medium,Low,Medium,Medium,High
2214272,Subway,38002,38002,47157,Arlington,TN,Shelby,RURAL,13,Healthy Lifestyle Market,Health-oriented restaurant,higher-income trade area,health-oriented food concentration,High,Young Demand High,High,Growing,Medium,Low,Low,High,Medium,High,High,Medium
1821156,Subway,38637,38637,28033,Horn Lake,MS,DeSoto,RURAL,4,Healthy Lifestyle Market,Health-oriented restaurant,mid-market trade area,wings and chicken-wing concentration,High,Balanced Age Demand,Medium,Stable,High,Medium,Low,High,Medium,High,Medium,High
2186967,Taco Bell,38122,38122,47157,Memphis,TN,Shelby,SUBURBAN,4,Healthy Lifestyle Market,Mexican cuisine restaurant,value-oriented trade area,health-oriented food concentration,High,Young Demand High,Low,Declining,High,Medium,Low,High,Low,High,Medium,Medium
831105,Taco Bell,38654,38654,28033,Olive Branch,MS,DeSoto,RURAL,5,Comfort Dining Market,Mexican cuisine restaurant,higher-income trade area,beverage-led food concentration,High,Balanced Age Demand,High,Growing,High,Low,Low,High,Medium,Medium,High,Medium
1258916,The Happy Belly Kitchen,38112,38112,47157,Memphis,TN,Shelby,SUBURBAN,4,Healthy Lifestyle Market,Health-oriented restaurant,mid-market trade area,wings and chicken-wing concentration,Medium,Balanced Age Demand,Medium,Stable,High,Medium,Medium,High,Low,Medium,Medium,Medium
2409598,Tropical Smoothie Cafe,38671,38671,28033,Southaven,MS,DeSoto,RURAL,4,Healthy Lifestyle Market,Health-oriented restaurant,mid-market trade area,beverage-led food concentration,High,Balanced Age Demand,Medium,Stable,High,Low,Low,High,Medium,Medium,High,High
1823092,Wendy's,38127,38127,47157,Memphis,TN,Shelby,RURAL,6,Youth Convenience Market,Fast-service restaurant,value-oriented trade area,wings and chicken-wing concentration,High,Young Demand High,Low,Declining,Medium,Medium,Medium,Medium,High,Medium,Low,High
2575967,Wingstop,38133,38133,47157,Memphis,TN,Shelby,RURAL,5,Comfort Dining Market,Wings-focused restaurant,higher-income trade area,health-oriented food concentration,High,Balanced Age Demand,High,Stable,High,Low,Low,High,Medium,High,Medium,Medium
2391803,Wiwis Hotdogs,38016,38016,47157,Cordova,TN,Shelby,RURAL,5,Comfort Dining Market,Seafood-focused restaurant,higher-income trade area,health-oriented food concentration,High,Senior Demand High,High,Stable,High,Low,Low,High,Low,High,High,Medium
1694107,Zaxbys,38654,38654,28033,Olive Branch,MS,DeSoto,RURAL,5,Comfort Dining Market,Wings-focused restaurant,higher-income trade area,beverage-led food concentration,High,Balanced Age Demand,High,Growing,High,Low,Low,High,Medium,Medium,High,Medium
1694110,Zaxbys,38053,38053,47157,Millington,TN,Shelby,RURAL,4,Healthy Lifestyle Market,Wings-focused restaurant,mid-market trade area,beverage-led food concentration,High,Young Demand High,Medium,Declining,High,Medium,Medium,Medium,Medium,Medium,High,Medium
2128531,YOU HAD ME,38654,38654,28033,Olive Branch,MS,DeSoto,RURAL,5,Comfort Dining Market,Health-oriented restaurant,higher-income trade area,beverage-led food concentration,High,Balanced Age Demand,High,Growing,High,Low,Low,High,Medium,Medium,High,Medium
2459656,Chez Philippe,38103,38103,47157,Memphis,TN,Shelby,SUBURBAN,5,Comfort Dining Market,General restaurant,higher-income trade area,beverage-led food concentration,High,Senior Demand High,High,Stable,High,Low,Medium,High,Low,Medium,High,Low
1092768,Applebee's Grill and Bar,38637,38637,28033,Horn Lake,MS,DeSoto,RURAL,4,Healthy Lifestyle Market,Wings-focused restaurant,mid-market trade area,wings and chicken-wing concentration,High,Balanced Age Demand,Medium,Stable,High,Medium,Low,High,Medium,High,Medium,High
856211,Chili's Grill & Bar,38016,38016,47157,Cordova,TN,Shelby,RURAL,5,Comfort Dining Market,Wings-focused restaurant,higher-income trade area,health-oriented food concentration,High,Senior Demand High,High,Stable,High,Low,Low,High,Low,High,High,Medium
2465246,"AUTOMATIC SLIM'S
Memphis TN
automaticslimsmemphiscom",38103,38103,47157,Memphis,TN,Shelby,SUBURBAN,5,Comfort Dining Market,Beverage-led restaurant,higher-income trade area,beverage-led food concentration,High,Senior Demand High,High,Stable,High,Low,Medium,High,Low,Medium,High,Low
1251276,Smackers,38671,38671,28033,Southaven,MS,DeSoto,RURAL,4,Healthy Lifestyle Market,Wings-focused restaurant,mid-market trade area,beverage-led food concentration,High,Balanced Age Demand,Medium,Stable,High,Low,Low,High,Medium,Medium,High,High
2239738,Red Lobster,38671,38671,28033,Southaven,MS,DeSoto,RURAL,4,Healthy Lifestyle Market,Seafood-focused restaurant,mid-market trade area,beverage-led food concentration,High,Balanced Age Demand,Medium,Stable,High,Low,Low,High,Medium,Medium,High,High
473427,Tops Bar-B-Q,38127,38127,47157,Memphis,TN,Shelby,RURAL,6,Youth Convenience Market,Beverage-led restaurant,value-oriented trade area,wings and chicken-wing concentration,High,Young Demand High,Low,Declining,Medium,Medium,Medium,Medium,High,Medium,Low,High
2109104,Bala's Bistro,38116,38116,47157,Memphis,TN,Shelby,RURAL,4,Healthy Lifestyle Market,Asian cuisine restaurant,value-oriented trade area,wings and chicken-wing concentration,High,Young Demand High,Low,Stable,High,Low,Low,High,High,Medium,Medium,High
1267583,Carrington Oaks Coffeehouse,38002,38002,47157,Arlington,TN,Shelby,RURAL,13,Healthy Lifestyle Market,Beverage-led restaurant,higher-income trade area,health-oriented food concentration,High,Young Demand High,High,Growing,Medium,Low,Low,High,Medium,High,High,Medium
2125208,Chick-fil-A,38133,38133,47157,Memphis,TN,Shelby,RURAL,5,Comfort Dining Market,Chicken-focused restaurant,higher-income trade area,health-oriented food concentration,High,Balanced Age Demand,High,Stable,High,Low,Low,High,Medium,High,Medium,Medium
2295284,Church's Texas Chicken,38114,38114,47157,Memphis,TN,Shelby,SUBURBAN,0,Social Dining Market,Wings-focused restaurant,value-oriented trade area,wings and chicken-wing concentration,High,Senior Demand High,Low,Declining,Medium,Medium,Medium,Medium,High,Medium,Low,High
1846400,Cielito Lindo Mexican Grill &amp; Cantina,72370,72370,05093,Osceola,AR,Mississippi,RURAL,3,Youth Convenience Market,Mexican cuisine restaurant,value-oriented trade area,health-oriented food concentration,High,Balanced Age Demand,Low,Declining,Low,High,Medium,Medium,Low,High,Low,High
1506142,Donatos Pizza,38017,38017,47157,Collierville,TN,Shelby,RURAL,13,Healthy Lifestyle Market,Fast-service restaurant,higher-income trade area,health-oriented food concentration,High,Young Demand High,High,Growing,Medium,Low,Low,High,Medium,High,Medium,Low
1969884,Dunkin',38668,38668,28137,Senatobia,MS,Tate,RURAL,1,Social Dining Market,Beverage-led restaurant,mid-market trade area,beverage-led food concentration,High,Balanced Age Demand,Medium,Stable,Medium,Medium,Medium,Medium,Medium,Low,High,High
2527205,El Mercadito Mexican Restaurant,38115,38115,47157,Memphis,TN,Shelby,SUBURBAN,4,Healthy Lifestyle Market,Mexican cuisine restaurant,value-oriented trade area,wings and chicken-wing concentration,High,Senior Demand High,Low,Declining,High,Low,Medium,High,Medium,Medium,Low,High
1270714,Flying Saucer,38103,38103,47157,Memphis,TN,Shelby,SUBURBAN,5,Comfort Dining Market,Beverage-led restaurant,higher-income trade area,beverage-led food concentration,High,Senior Demand High,High,Stable,High,Low,Medium,High,Low,Medium,High,Low
1271967,Huddle House,72370,72370,05093,Osceola,AR,Mississippi,RURAL,3,Youth Convenience Market,Health-oriented restaurant,value-oriented trade area,health-oriented food concentration,High,Balanced Age Demand,Low,Declining,Low,High,Medium,Medium,Low,High,Low,High
2259874,KFC,72396,72396,05037,Wynne,AR,Cross,RURAL,3,Youth Convenience Market,Wings-focused restaurant,mid-market trade area,health-oriented food concentration,High,Young Demand High,Medium,Stable,Medium,High,Medium,Low,Medium,High,Medium,Medium
2275155,Little Caesars,38053,38053,47157,Millington,TN,Shelby,RURAL,4,Healthy Lifestyle Market,Wings-focused restaurant,mid-market trade area,beverage-led food concentration,High,Young Demand High,Medium,Declining,High,Medium,Medium,Medium,Medium,Medium,High,Medium
2283741,OH DESSERTS LLC,38016,38016,47157,Cordova,TN,Shelby,RURAL,5,Comfort Dining Market,Beverage-led restaurant,higher-income trade area,health-oriented food concentration,High,Senior Demand High,High,Stable,High,Low,Low,High,Low,High,High,Medium
1276585,Panera,38133,38133,47157,Memphis,TN,Shelby,RURAL,5,Comfort Dining Market,Chicken-focused restaurant,higher-income trade area,health-oriented food concentration,High,Balanced Age Demand,High,Stable,High,Low,Low,High,Medium,High,Medium,Medium
1277644,Pizza Hut,38118,38118,47157,Memphis,TN,Shelby,RURAL,4,Healthy Lifestyle Market,Wings-focused restaurant,value-oriented trade area,wings and chicken-wing concentration,High,Young Demand High,Low,Stable,Medium,Low,Medium,High,High,Medium,Medium,High
1194942,Pizza Hut,38141,38141,47157,Memphis,TN,Shelby,SUBURBAN,1,Social Dining Market,Wings-focused restaurant,mid-market trade area,wings and chicken-wing concentration,High,Balanced Age Demand,Medium,Growing,Medium,Medium,Medium,Medium,High,Medium,Medium,High
1920349,Smoothie King,38133,38133,47157,Memphis,TN,Shelby,RURAL,5,Comfort Dining Market,Health-oriented restaurant,higher-income trade area,health-oriented food concentration,High,Balanced Age Demand,High,Stable,High,Low,Low,High,Medium,High,Medium,Medium
2171075,Smoothie King,38016,38016,47157,Cordova,TN,Shelby,RURAL,5,Comfort Dining Market,Health-oriented restaurant,higher-income trade area,health-oriented food concentration,High,Senior Demand High,High,Stable,High,Low,Low,High,Low,High,High,Medium
1439126,Starbucks,38018,38018,47157,Cordova,TN,Shelby,RURAL,5,Comfort Dining Market,Beverage-led restaurant,higher-income trade area,health-oriented food concentration,High,Senior Demand High,High,Growing,High,Low,Low,High,Medium,High,Medium,Medium
814690,Starbucks,38671,38671,28033,Southaven,MS,DeSoto,RURAL,4,Healthy Lifestyle Market,Beverage-led restaurant,mid-market trade area,beverage-led food concentration,High,Balanced Age Demand,Medium,Stable,High,Low,Low,High,Medium,Medium,High,High
1079259,Subway,38104,38104,47157,Memphis,TN,Shelby,SUBURBAN,5,Comfort Dining Market,Health-oriented restaurant,mid-market trade area,beverage-led food concentration,High,Senior Demand High,Medium,Stable,High,Low,Low,High,Medium,High,High,Medium
1558547,Subway,38632,38632,28033,Hernando,MS,DeSoto,RURAL,1,Social Dining Market,Health-oriented restaurant,higher-income trade area,beverage-led food concentration,High,Balanced Age Demand,High,Growing,Medium,Medium,Medium,Medium,Medium,Medium,High,High
2233299,Subway,38118,38118,47157,Memphis,TN,Shelby,RURAL,4,Healthy Lifestyle Market,Health-oriented restaurant,value-oriented trade area,wings and chicken-wing concentration,High,Young Demand High,Low,Stable,Medium,Low,Medium,High,High,Medium,Medium,High
808173,Taco Bell,38127,38127,47157,Memphis,TN,Shelby,RURAL,6,Youth Convenience Market,Mexican cuisine restaurant,value-oriented trade area,wings and chicken-wing concentration,High,Young Demand High,Low,Declining,Medium,Medium,Medium,Medium,High,Medium,Low,High
1509560,Taco Riot,38133,38133,47157,Memphis,TN,Shelby,RURAL,5,Comfort Dining Market,Mexican cuisine restaurant,higher-income trade area,health-oriented food concentration,High,Balanced Age Demand,High,Stable,High,Low,Low,High,Medium,High,Medium,Medium
2061151,Teriyaki Madness,38018,38018,47157,Cordova,TN,Shelby,RURAL,5,Comfort Dining Market,Asian cuisine restaurant,higher-income trade area,health-oriented food concentration,High,Senior Demand High,High,Growing,High,Low,Low,High,Medium,High,Medium,Medium
2531659,The Han,38016,38016,47157,Cordova,TN,Shelby,RURAL,5,Comfort Dining Market,General restaurant,higher-income trade area,health-oriented food concentration,High,Senior Demand High,High,Stable,High,Low,Low,High,Low,High,High,Medium
2301462,Wendy's,38018,38018,47157,Cordova,TN,Shelby,RURAL,5,Comfort Dining Market,Fast-service restaurant,higher-income trade area,health-oriented food concentration,High,Senior Demand High,High,Growing,High,Low,Low,High,Medium,High,Medium,Medium
1694029,Zaxbys,38018,38018,47157,Cordova,TN,Shelby,RURAL,5,Comfort Dining Market,Wings-focused restaurant,higher-income trade area,health-oriented food concentration,High,Senior Demand High,High,Growing,High,Low,Low,High,Medium,High,Medium,Medium
1546785,Another Broken Egg Cafe,38119,38119,47157,Memphis,TN,Shelby,SUBURBAN,5,Comfort Dining Market,Fast-service restaurant,higher-income trade area,beverage-led food concentration,High,Senior Demand High,High,Stable,High,Medium,Low,High,Low,Medium,High,Low
2533588,Broadway Pizza,38117,38117,47157,Memphis,TN,Shelby,SUBURBAN,5,Comfort Dining Market,General restaurant,higher-income trade area,beverage-led food concentration,High,Senior Demand High,High,Stable,High,Medium,Low,High,Low,High,High,Low
2533711,Captain John's Bar-B-Que,38017,38017,47157,Collierville,TN,Shelby,RURAL,13,Healthy Lifestyle Market,Health-oriented restaurant,higher-income trade area,health-oriented food concentration,High,Young Demand High,High,Growing,Medium,Low,Low,High,Medium,High,Medium,Low
1370102,Chick-fil-A,38138,38138,47157,Germantown,TN,Shelby,RURAL,14,Social Dining Market,Chicken-focused restaurant,higher-income trade area,health-oriented food concentration,High,Young Demand High,High,Stable,High,Low,Medium,High,Low,High,High,Low
15096,Dunkin',38002,38002,47157,Arlington,TN,Shelby,RURAL,13,Healthy Lifestyle Market,Beverage-led restaurant,higher-income trade area,health-oriented food concentration,High,Young Demand High,High,Growing,Medium,Low,Low,High,Medium,High,High,Medium
2067946,Flame Ramen,38104,38104,47157,Memphis,TN,Shelby,SUBURBAN,5,Comfort Dining Market,Asian cuisine restaurant,mid-market trade area,beverage-led food concentration,High,Senior Demand High,Medium,Stable,High,Low,Low,High,Medium,High,High,Medium
2538517,Gus's World Famous Fried Chicken Southaven,38671,38671,28033,Southaven,MS,DeSoto,RURAL,4,Healthy Lifestyle Market,Wings-focused restaurant,mid-market trade area,beverage-led food concentration,High,Balanced Age Demand,Medium,Stable,High,Low,Low,High,Medium,Medium,High,High
699370,Hopdoddy Burger Bar,38117,38117,47157,Memphis,TN,Shelby,SUBURBAN,5,Comfort Dining Market,Health-oriented restaurant,higher-income trade area,beverage-led food concentration,High,Senior Demand High,High,Stable,High,Medium,Low,High,Low,High,High,Low
2534793,Jersey Mike's Subs,38654,38654,28033,Olive Branch,MS,DeSoto,RURAL,5,Comfort Dining Market,Fast-service restaurant,higher-income trade area,beverage-led food concentration,High,Balanced Age Demand,High,Growing,High,Low,Low,High,Medium,Medium,High,Medium
2534885,Kami Ramen Bar,38119,38119,47157,Memphis,TN,Shelby,SUBURBAN,5,Comfort Dining Market,Asian cuisine restaurant,higher-income trade area,beverage-led food concentration,High,Senior Demand High,High,Stable,High,Medium,Low,High,Low,Medium,High,Low
1032442,McDonald's,38128,38128,47157,Memphis,TN,Shelby,RURAL,4,Healthy Lifestyle Market,Beverage-led restaurant,value-oriented trade area,wings and chicken-wing concentration,High,Young Demand High,Low,Stable,Medium,Low,Medium,High,High,Medium,Medium,High
2230993,McDonald's,38125,38125,47157,Memphis,TN,Shelby,RURAL,5,Comfort Dining Market,Beverage-led restaurant,higher-income trade area,fast-service concentration,Medium,Balanced Age Demand,High,Growing,Medium,Low,Low,High,Medium,Medium,Medium,Medium
1735166,Memphis Chess Club,38103,38103,47157,Memphis,TN,Shelby,SUBURBAN,5,Comfort Dining Market,Beverage-led restaurant,higher-income trade area,beverage-led food concentration,High,Senior Demand High,High,Stable,High,Low,Medium,High,Low,Medium,High,Low
809974,Moe's Southwest Grill,38111,38111,47157,Memphis,TN,Shelby,SUBURBAN,5,Comfort Dining Market,Mexican cuisine restaurant,mid-market trade area,health-oriented food concentration,High,Senior Demand High,Medium,Declining,High,Low,Low,High,Low,High,High,Medium
699814,Piccadilly,38116,38116,47157,Memphis,TN,Shelby,RURAL,4,Healthy Lifestyle Market,Seafood-focused restaurant,value-oriented trade area,wings and chicken-wing concentration,High,Young Demand High,Low,Stable,High,Low,Low,High,High,Medium,Medium,High
1130137,Popeyes Louisiana Kitchen,38019,38019,47167,Covington,TN,Tipton,RURAL,4,Healthy Lifestyle Market,Wings-focused restaurant,mid-market trade area,beverage-led food concentration,Medium,Balanced Age Demand,Medium,Stable,Medium,Medium,Medium,Medium,Medium,Low,Medium,Medium
2170647,Pyro's Fire Fresh Pizza,38017,38017,47157,Collierville,TN,Shelby,RURAL,13,Healthy Lifestyle Market,General restaurant,higher-income trade area,health-oriented food concentration,High,Young Demand High,High,Growing,Medium,Low,Low,High,Medium,High,Medium,Low
1087579,Starbucks,38125,38125,47157,Memphis,TN,Shelby,RURAL,5,Comfort Dining Market,Beverage-led restaurant,higher-income trade area,fast-service concentration,Medium,Balanced Age Demand,High,Growing,Medium,Low,Low,High,Medium,Medium,Medium,Medium
1133368,Starbucks,38139,38139,47157,Germantown,TN,Shelby,RURAL,14,Social Dining Market,Beverage-led restaurant,higher-income trade area,beverage-led food concentration,High,Young Demand High,High,Growing,Medium,High,Low,Medium,Low,Medium,High,Medium
1374101,Subway,38654,38654,28033,Olive Branch,MS,DeSoto,RURAL,5,Comfort Dining Market,Health-oriented restaurant,higher-income trade area,beverage-led food concentration,High,Balanced Age Demand,High,Growing,High,Low,Low,High,Medium,Medium,High,Medium
913196,Taco Bell,38002,38002,47157,Arlington,TN,Shelby,RURAL,13,Healthy Lifestyle Market,Mexican cuisine restaurant,higher-income trade area,health-oriented food concentration,High,Young Demand High,High,Growing,Medium,Low,Low,High,Medium,High,High,Medium
2123815,SOUTH MEMPHIS GROCERY,38109,38109,47157,Memphis,TN,Shelby,RURAL,6,Youth Convenience Market,General restaurant,value-oriented trade area,wings and chicken-wing concentration,High,Balanced Age Demand,Low,Stable,Low,Low,Medium,Medium,High,Low,Medium,High
2557760,Madison Tavern,38104,38104,47157,Memphis,TN,Shelby,SUBURBAN,5,Comfort Dining Market,Beverage-led restaurant,mid-market trade area,beverage-led food concentration,High,Senior Demand High,Medium,Stable,High,Low,Low,High,Medium,High,High,Medium
2072329,Butterific Bakery And Cafe,38103,38103,47157,Memphis,TN,Shelby,SUBURBAN,5,Comfort Dining Market,Beverage-led restaurant,higher-income trade area,beverage-led food concentration,High,Senior Demand High,High,Stable,High,Low,Medium,High,Low,Medium,High,Low
2537820,Chopmasters Kitchen,38116,38116,47157,Memphis,TN,Shelby,RURAL,4,Healthy Lifestyle Market,Wings-focused restaurant,value-oriented trade area,wings and chicken-wing concentration,High,Young Demand High,Low,Stable,High,Low,Low,High,High,Medium,Medium,High
2121585,First Watch,38138,38138,47157,Germantown,TN,Shelby,RURAL,14,Social Dining Market,General restaurant,higher-income trade area,health-oriented food concentration,High,Young Demand High,High,Stable,High,Low,Medium,High,Low,High,High,Low
2541504,Friday Tuna,38018,38018,47157,Cordova,TN,Shelby,RURAL,5,Comfort Dining Market,Asian cuisine restaurant,higher-income trade area,health-oriented food concentration,High,Senior Demand High,High,Growing,High,Low,Low,High,Medium,High,Medium,Medium
2304927,Little Caesars,38002,38002,47157,Arlington,TN,Shelby,RURAL,13,Healthy Lifestyle Market,Wings-focused restaurant,higher-income trade area,health-oriented food concentration,High,Young Demand High,High,Growing,Medium,Low,Low,High,Medium,High,High,Medium
699839,Los Cabos Mexican Bar & Grill,38119,38119,47157,Memphis,TN,Shelby,SUBURBAN,5,Comfort Dining Market,Mexican cuisine restaurant,higher-income trade area,beverage-led food concentration,High,Senior Demand High,High,Stable,High,Medium,Low,High,Low,Medium,High,Low
1239609,McAlister's Deli,38138,38138,47157,Germantown,TN,Shelby,RURAL,14,Social Dining Market,Health-oriented restaurant,higher-income trade area,health-oriented food concentration,High,Young Demand High,High,Stable,High,Low,Medium,High,Low,High,High,Low
1364931,McDonald's,72364,72364,05035,Marion,AR,Crittenden,RURAL,13,Healthy Lifestyle Market,Beverage-led restaurant,higher-income trade area,health-oriented food concentration,Medium,Young Demand High,High,Stable,Medium,Medium,High,Medium,Medium,Medium,Medium,Medium
2169316,McDonald's,38118,38118,47157,Memphis,TN,Shelby,RURAL,4,Healthy Lifestyle Market,Beverage-led restaurant,value-oriented trade area,wings and chicken-wing concentration,High,Young Demand High,Low,Stable,Medium,Low,Medium,High,High,Medium,Medium,High
2541709,Memphis Sweets and Grill,38105,38105,47157,Memphis,TN,Shelby,SUBURBAN,0,Social Dining Market,Wings-focused restaurant,value-oriented trade area,health-oriented food concentration,High,Senior Demand High,Low,Declining,High,High,Medium,Medium,High,High,High,High
2539720,Pearl's Tea &amp; Coffee House,38104,38104,47157,Memphis,TN,Shelby,SUBURBAN,5,Comfort Dining Market,Asian cuisine restaurant,mid-market trade area,beverage-led food concentration,High,Senior Demand High,Medium,Stable,High,Low,Low,High,Medium,High,High,Medium
2277408,Shipley Do-Nuts,38018,38018,47157,Cordova,TN,Shelby,RURAL,5,Comfort Dining Market,Beverage-led restaurant,higher-income trade area,health-oriented food concentration,High,Senior Demand High,High,Growing,High,Low,Low,High,Medium,High,Medium,Medium
2171299,Starbucks,38119,38119,47157,Memphis,TN,Shelby,SUBURBAN,5,Comfort Dining Market,Beverage-led restaurant,higher-income trade area,beverage-led food concentration,High,Senior Demand High,High,Stable,High,Medium,Low,High,Low,Medium,High,Low
1739394,Subway,38664,38664,28143,Robinsonville,MS,Tunica,RURAL,5,Comfort Dining Market,Health-oriented restaurant,mid-market trade area,fast-service concentration,Low,Senior Demand High,Medium,Growing,High,High,Medium,Medium,Low,Medium,Medium,Low
2541051,WESTWIND SMOKE SHOP AND MINI MART,38637,38637,28033,Horn Lake,MS,DeSoto,RURAL,4,Healthy Lifestyle Market,General restaurant,mid-market trade area,wings and chicken-wing concentration,High,Balanced Age Demand,Medium,Stable,High,Medium,Low,High,Medium,High,Medium,High
2544870,TACONGANAS POPLAR,38119,38119,47157,Memphis,TN,Shelby,SUBURBAN,5,Comfort Dining Market,General restaurant,higher-income trade area,beverage-led food concentration,High,Senior Demand High,High,Stable,High,Medium,Low,High,Low,Medium,High,Low
2475653,JUNIOR LEAGUE OF MEMPHIS,38111,38111,47157,Memphis,TN,Shelby,SUBURBAN,5,Comfort Dining Market,General restaurant,mid-market trade area,health-oriented food concentration,High,Senior Demand High,Medium,Declining,High,Low,Low,High,Low,High,High,Medium
2545797,TACONGANAS MIDTOWN,38104,38104,47157,Memphis,TN,Shelby,SUBURBAN,5,Comfort Dining Market,General restaurant,mid-market trade area,beverage-led food concentration,High,Senior Demand High,Medium,Stable,High,Low,Low,High,Medium,High,High,Medium
1939005,Domino's Pizza,38016,38016,47157,Cordova,TN,Shelby,RURAL,5,Comfort Dining Market,Wings-focused restaurant,higher-income trade area,health-oriented food concentration,High,Senior Demand High,High,Stable,High,Low,Low,High,Low,High,High,Medium
2548777,El Mezcal,38104,38104,47157,Memphis,TN,Shelby,SUBURBAN,5,Comfort Dining Market,Mexican cuisine restaurant,mid-market trade area,beverage-led food concentration,High,Senior Demand High,Medium,Stable,High,Low,Low,High,Medium,High,High,Medium
2548778,El Molino,38134,38134,47157,Memphis,TN,Shelby,RURAL,5,Comfort Dining Market,Mexican cuisine restaurant,mid-market trade area,health-oriented food concentration,High,Senior Demand High,Medium,Stable,High,Low,Low,High,Low,High,Medium,Medium
1766281,Freddy's Frozen Custard & Steakburgers,38135,38135,47157,Memphis,TN,Shelby,RURAL,12,Healthy Lifestyle Market,Fast-service restaurant,higher-income trade area,health-oriented food concentration,High,Balanced Age Demand,High,Growing,Low,High,Low,Medium,Medium,High,Low,Medium
1670028,IHOP,38118,38118,47157,Memphis,TN,Shelby,RURAL,4,Healthy Lifestyle Market,Fast-service restaurant,value-oriented trade area,wings and chicken-wing concentration,High,Young Demand High,Low,Stable,Medium,Low,Medium,High,High,Medium,Medium,High
796779,Jaybear Bake Shop,38133,38133,47157,Memphis,TN,Shelby,RURAL,5,Comfort Dining Market,General restaurant,higher-income trade area,health-oriented food concentration,High,Balanced Age Demand,High,Stable,High,Low,Low,High,Medium,High,Medium,Medium
1184195,Krystal,38018,38018,47157,Cordova,TN,Shelby,RURAL,5,Comfort Dining Market,Fast-service restaurant,higher-income trade area,health-oriented food concentration,High,Senior Demand High,High,Growing,High,Low,Low,High,Medium,High,Medium,Medium
2282860,McAlister's Deli,38134,38134,47157,Memphis,TN,Shelby,RURAL,5,Comfort Dining Market,Health-oriented restaurant,mid-market trade area,health-oriented food concentration,High,Senior Demand High,Medium,Stable,High,Low,Low,High,Low,High,Medium,Medium
2549941,Milanos Pizza,38053,38053,47157,Millington,TN,Shelby,RURAL,4,Healthy Lifestyle Market,General restaurant,mid-market trade area,beverage-led food concentration,High,Young Demand High,Medium,Declining,High,Medium,Medium,Medium,Medium,Medium,High,Medium
1774084,Slim & Husky's Memphis/Downtown,38103,38103,47157,Memphis,TN,Shelby,SUBURBAN,5,Comfort Dining Market,Wings-focused restaurant,higher-income trade area,beverage-led food concentration,High,Senior Demand High,High,Stable,High,Low,Medium,High,Low,Medium,High,Low
1199031,Slim Chickens,38017,38017,47157,Collierville,TN,Shelby,RURAL,13,Healthy Lifestyle Market,Wings-focused restaurant,higher-income trade area,health-oriented food concentration,High,Young Demand High,High,Growing,Medium,Low,Low,High,Medium,High,Medium,Low
2551220,The Juicy Crab Wolfcreek,38133,38133,47157,Memphis,TN,Shelby,RURAL,5,Comfort Dining Market,Seafood-focused restaurant,higher-income trade area,health-oriented food concentration,High,Balanced Age Demand,High,Stable,High,Low,Low,High,Medium,High,Medium,Medium
1398315,Wendy's,38103,38103,47157,Memphis,TN,Shelby,SUBURBAN,5,Comfort Dining Market,Fast-service restaurant,higher-income trade area,beverage-led food concentration,High,Senior Demand High,High,Stable,High,Low,Medium,High,Low,Medium,High,Low
12468,Wendy's,38117,38117,47157,Memphis,TN,Shelby,SUBURBAN,5,Comfort Dining Market,Fast-service restaurant,higher-income trade area,beverage-led food concentration,High,Senior Demand High,High,Stable,High,Medium,Low,High,Low,High,High,Low
983659,Yo Mama,38112,38112,47157,Memphis,TN,Shelby,SUBURBAN,4,Healthy Lifestyle Market,Wings-focused restaurant,mid-market trade area,wings and chicken-wing concentration,Medium,Balanced Age Demand,Medium,Stable,High,Medium,Medium,High,Low,Medium,Medium,Medium
2542824,HEY SUGAR CAKE COMPANY,38632,38632,28033,Hernando,MS,DeSoto,RURAL,1,Social Dining Market,General restaurant,higher-income trade area,beverage-led food concentration,High,Balanced Age Demand,High,Growing,Medium,Medium,Medium,Medium,Medium,Medium,High,High
2531331,TACONGANAS WHITTEN,38133,38133,47157,Memphis,TN,Shelby,RURAL,5,Comfort Dining Market,General restaurant,higher-income trade area,health-oriented food concentration,High,Balanced Age Demand,High,Stable,High,Low,Low,High,Medium,High,Medium,Medium
2468103,MUHAMMAD MOSQUE 55,38126,38126,47157,Memphis,TN,Shelby,SUBURBAN,6,Youth Convenience Market,General restaurant,value-oriented trade area,fast-service concentration,Medium,Balanced Age Demand,Low,Growing,Medium,Medium,High,Medium,Medium,Low,Low,Medium
2452966,HPH MKT,38122,38122,47157,Memphis,TN,Shelby,SUBURBAN,4,Healthy Lifestyle Market,General restaurant,value-oriented trade area,health-oriented food concentration,High,Young Demand High,Low,Declining,High,Medium,Low,High,Low,High,Medium,Medium
2548718,Dyer's Burgers,38103,38103,47157,Memphis,TN,Shelby,SUBURBAN,5,Comfort Dining Market,Fast-service restaurant,higher-income trade area,beverage-led food concentration,High,Senior Demand High,High,Stable,High,Low,Medium,High,Low,Medium,High,Low
2552277,Chick-fil-A,38133,38133,47157,Memphis,TN,Shelby,RURAL,5,Comfort Dining Market,Chicken-focused restaurant,higher-income trade area,health-oriented food concentration,High,Balanced Age Demand,High,Stable,High,Low,Low,High,Medium,High,Medium,Medium
730512,Chick-fil-A,38654,38654,28033,Olive Branch,MS,DeSoto,RURAL,5,Comfort Dining Market,Chicken-focused restaurant,higher-income trade area,beverage-led food concentration,High,Balanced Age Demand,High,Growing,High,Low,Low,High,Medium,Medium,High,Medium
1493986,Chick-fil-A,38053,38053,47157,Millington,TN,Shelby,RURAL,4,Healthy Lifestyle Market,Chicken-focused restaurant,mid-market trade area,beverage-led food concentration,High,Young Demand High,Medium,Declining,High,Medium,Medium,Medium,Medium,Medium,High,Medium
2243177,Cicis Pizza,38671,38671,28033,Southaven,MS,DeSoto,RURAL,4,Healthy Lifestyle Market,Wings-focused restaurant,mid-market trade area,beverage-led food concentration,High,Balanced Age Demand,Medium,Stable,High,Low,Low,High,Medium,Medium,High,High
2552541,DAVINCHI'S RESTAURANT AND LOUNGE,38103,38103,47157,Memphis,TN,Shelby,SUBURBAN,5,Comfort Dining Market,Mexican cuisine restaurant,higher-income trade area,beverage-led food concentration,High,Senior Demand High,High,Stable,High,Low,Medium,High,Low,Medium,High,Low
2552826,Fannie Lou’s Gourmet Chicken &amp; Waffles,38103,38103,47157,Memphis,TN,Shelby,SUBURBAN,5,Comfort Dining Market,Wings-focused restaurant,higher-income trade area,beverage-led food concentration,High,Senior Demand High,High,Stable,High,Low,Medium,High,Low,Medium,High,Low
2195554,Island Paradise Takeout,38122,38122,47157,Memphis,TN,Shelby,SUBURBAN,4,Healthy Lifestyle Market,Fast-service restaurant,value-oriented trade area,health-oriented food concentration,High,Young Demand High,Low,Declining,High,Medium,Low,High,Low,High,Medium,Medium
1768416,Jose's Mexican Street Taco,38019,38019,47167,Covington,TN,Tipton,RURAL,4,Healthy Lifestyle Market,Mexican cuisine restaurant,mid-market trade area,beverage-led food concentration,Medium,Balanced Age Demand,Medium,Stable,Medium,Medium,Medium,Medium,Medium,Low,Medium,Medium
2553493,Kwik Check,38104,38104,47157,Memphis,TN,Shelby,SUBURBAN,5,Comfort Dining Market,Asian cuisine restaurant,mid-market trade area,beverage-led food concentration,High,Senior Demand High,Medium,Stable,High,Low,Low,High,Medium,High,High,Medium
2084278,Mayo's Burger and Wings,38002,38002,47157,Arlington,TN,Shelby,RURAL,13,Healthy Lifestyle Market,Wings-focused restaurant,higher-income trade area,health-oriented food concentration,High,Young Demand High,High,Growing,Medium,Low,Low,High,Medium,High,High,Medium
2231049,McDonald's,38654,38654,28033,Olive Branch,MS,DeSoto,RURAL,5,Comfort Dining Market,Beverage-led restaurant,higher-income trade area,beverage-led food concentration,High,Balanced Age Demand,High,Growing,High,Low,Low,High,Medium,Medium,High,Medium
1194455,Pizza Hut,38002,38002,47157,Arlington,TN,Shelby,RURAL,13,Healthy Lifestyle Market,Wings-focused restaurant,higher-income trade area,health-oriented food concentration,High,Young Demand High,High,Growing,Medium,Low,Low,High,Medium,High,High,Medium
1194737,Pizza Hut,38672,38672,28033,Southaven,MS,DeSoto,RURAL,13,Healthy Lifestyle Market,Wings-focused restaurant,higher-income trade area,health-oriented food concentration,High,Young Demand High,High,Growing,High,Medium,Low,Medium,Medium,High,High,Medium
2329710,Pizza Hut,38128,38128,47157,Memphis,TN,Shelby,RURAL,4,Healthy Lifestyle Market,Wings-focused restaurant,value-oriented trade area,wings and chicken-wing concentration,High,Young Demand High,Low,Stable,Medium,Low,Medium,High,High,Medium,Medium,High
1199029,Slim Chickens,38133,38133,47157,Memphis,TN,Shelby,RURAL,5,Comfort Dining Market,Fast-service restaurant,higher-income trade area,health-oriented food concentration,High,Balanced Age Demand,High,Stable,High,Low,Low,High,Medium,High,Medium,Medium
2146802,Starbucks,38133,38133,47157,Memphis,TN,Shelby,RURAL,5,Comfort Dining Market,Beverage-led restaurant,higher-income trade area,health-oriented food concentration,High,Balanced Age Demand,High,Stable,High,Low,Low,High,Medium,High,Medium,Medium
714453,Taco Bell,38138,38138,47157,Germantown,TN,Shelby,RURAL,14,Social Dining Market,Mexican cuisine restaurant,higher-income trade area,health-oriented food concentration,High,Young Demand High,High,Stable,High,Low,Medium,High,Low,High,High,Low
1204608,Taco Bell,38019,38019,47167,Covington,TN,Tipton,RURAL,4,Healthy Lifestyle Market,Mexican cuisine restaurant,mid-market trade area,beverage-led food concentration,Medium,Balanced Age Demand,Medium,Stable,Medium,Medium,Medium,Medium,Medium,Low,Medium,Medium
1210846,Wendy's,38119,38119,47157,Memphis,TN,Shelby,SUBURBAN,5,Comfort Dining Market,Fast-service restaurant,higher-income trade area,beverage-led food concentration,High,Senior Demand High,High,Stable,High,Medium,Low,High,Low,Medium,High,Low
2555609,Yafa Kabab,38138,38138,47157,Germantown,TN,Shelby,RURAL,14,Social Dining Market,Health-oriented restaurant,higher-income trade area,health-oriented food concentration,High,Young Demand High,High,Stable,High,Low,Medium,High,Low,High,High,Low
2264499,Zen Japanese Fine Cuisine,38138,38138,47157,Germantown,TN,Shelby,RURAL,14,Social Dining Market,Asian cuisine restaurant,higher-income trade area,health-oriented food concentration,High,Young Demand High,High,Stable,High,Low,Medium,High,Low,High,High,Low
2450385,SNOWA Cafe,38138,38138,47157,Germantown,TN,Shelby,RURAL,14,Social Dining Market,Asian cuisine restaurant,higher-income trade area,health-oriented food concentration,High,Young Demand High,High,Stable,High,Low,Medium,High,Low,High,High,Low
2555679,3 Guys Pizza Pies,38671,38671,28033,Southaven,MS,DeSoto,RURAL,4,Healthy Lifestyle Market,Wings-focused restaurant,mid-market trade area,beverage-led food concentration,High,Balanced Age Demand,Medium,Stable,High,Low,Low,High,Medium,Medium,High,High
1163288,Arby's,38053,38053,47157,Millington,TN,Shelby,RURAL,4,Healthy Lifestyle Market,Chicken-focused restaurant,mid-market trade area,beverage-led food concentration,High,Young Demand High,Medium,Declining,High,Medium,Medium,Medium,Medium,Medium,High,Medium
1167761,Butta Butter Cookies,38116,38116,47157,Memphis,TN,Shelby,RURAL,4,Healthy Lifestyle Market,General restaurant,value-oriented trade area,wings and chicken-wing concentration,High,Young Demand High,Low,Stable,High,Low,Low,High,High,Medium,Medium,High
1415794,Captain D's,38128,38128,47157,Memphis,TN,Shelby,RURAL,4,Healthy Lifestyle Market,Seafood-focused restaurant,value-oriented trade area,wings and chicken-wing concentration,High,Young Demand High,Low,Stable,Medium,Low,Medium,High,High,Medium,Medium,High
796790,Captain D's,38053,38053,47157,Millington,TN,Shelby,RURAL,4,Healthy Lifestyle Market,Seafood-focused restaurant,mid-market trade area,beverage-led food concentration,High,Young Demand High,Medium,Declining,High,Medium,Medium,Medium,Medium,Medium,High,Medium
2560728,Dos Amigos,38134,38134,47157,Memphis,TN,Shelby,RURAL,5,Comfort Dining Market,Mexican cuisine restaurant,mid-market trade area,health-oriented food concentration,High,Senior Demand High,Medium,Stable,High,Low,Low,High,Low,High,Medium,Medium
2556761,El Mezcal Mexican Restaurant,38133,38133,47157,Memphis,TN,Shelby,RURAL,5,Comfort Dining Market,Mexican cuisine restaurant,higher-income trade area,health-oriented food concentration,High,Balanced Age Demand,High,Stable,High,Low,Low,High,Medium,High,Medium,Medium
2005622,Fazoli's,38115,38115,47157,Memphis,TN,Shelby,SUBURBAN,4,Healthy Lifestyle Market,Fast-service restaurant,value-oriented trade area,wings and chicken-wing concentration,High,Senior Demand High,Low,Declining,High,Low,Medium,High,Medium,Medium,Low,High
700681,Freddy's Frozen Custard & Steakburgers,38018,38018,47157,Cordova,TN,Shelby,RURAL,5,Comfort Dining Market,Fast-service restaurant,higher-income trade area,health-oriented food concentration,High,Senior Demand High,High,Growing,High,Low,Low,High,Medium,High,Medium,Medium
2557069,Guadalajara Grill,38637,38637,28033,Horn Lake,MS,DeSoto,RURAL,4,Healthy Lifestyle Market,Mexican cuisine restaurant,mid-market trade area,wings and chicken-wing concentration,High,Balanced Age Demand,Medium,Stable,High,Medium,Low,High,Medium,High,Medium,High
2557529,La Guadalupana Foodtruck,38016,38016,47157,Cordova,TN,Shelby,RURAL,5,Comfort Dining Market,Mexican cuisine restaurant,higher-income trade area,health-oriented food concentration,High,Senior Demand High,High,Stable,High,Low,Low,High,Low,High,High,Medium
2557800,Las Margaritas Mexican Grill,72301,72301,05035,West Memphis,AR,Crittenden,RURAL,4,Healthy Lifestyle Market,Mexican cuisine restaurant,value-oriented trade area,fast-service concentration,High,Balanced Age Demand,Low,Stable,High,Low,Medium,Medium,High,Medium,Medium,High
2558105,Nosh-A-Rye Deli,38018,38018,47157,Cordova,TN,Shelby,RURAL,5,Comfort Dining Market,Fast-service restaurant,higher-income trade area,health-oriented food concentration,High,Senior Demand High,High,Growing,High,Low,Low,High,Medium,High,Medium,Medium
1190837,Old Man Greedy Hot Tamales,38134,38134,47157,Memphis,TN,Shelby,RURAL,5,Comfort Dining Market,Mexican cuisine restaurant,mid-market trade area,health-oriented food concentration,High,Senior Demand High,Medium,Stable,High,Low,Low,High,Low,High,Medium,Medium
810039,Petra Cafe,38138,38138,47157,Germantown,TN,Shelby,RURAL,14,Social Dining Market,Health-oriented restaurant,higher-income trade area,health-oriented food concentration,High,Young Demand High,High,Stable,High,Low,Medium,High,Low,High,High,Low
2558506,Railgarten,38104,38104,47157,Memphis,TN,Shelby,SUBURBAN,5,Comfort Dining Market,Beverage-led restaurant,mid-market trade area,beverage-led food concentration,High,Senior Demand High,Medium,Stable,High,Low,Low,High,Medium,High,High,Medium
2558716,SB Donuts,38053,38053,47157,Millington,TN,Shelby,RURAL,4,Healthy Lifestyle Market,General restaurant,mid-market trade area,beverage-led food concentration,High,Young Demand High,Medium,Declining,High,Medium,Medium,Medium,Medium,Medium,High,Medium
2178668,Starbucks,38053,38053,47157,Millington,TN,Shelby,RURAL,4,Healthy Lifestyle Market,Beverage-led restaurant,mid-market trade area,beverage-led food concentration,High,Young Demand High,Medium,Declining,High,Medium,Medium,Medium,Medium,Medium,High,Medium
755485,Tops Bar-B-Q  Bartlett,38134,38134,47157,Memphis,TN,Shelby,RURAL,5,Comfort Dining Market,Beverage-led restaurant,mid-market trade area,health-oriented food concentration,High,Senior Demand High,Medium,Stable,High,Low,Low,High,Low,High,Medium,Medium
699253,Wendy's,38118,38118,47157,Memphis,TN,Shelby,RURAL,4,Healthy Lifestyle Market,Fast-service restaurant,value-oriented trade area,wings and chicken-wing concentration,High,Young Demand High,Low,Stable,Medium,Low,Medium,High,High,Medium,Medium,High
2545342,Central BBQ Poplar,38672,38672,28033,Southaven,MS,DeSoto,RURAL,13,Healthy Lifestyle Market,Beverage-led restaurant,higher-income trade area,health-oriented food concentration,High,Young Demand High,High,Growing,High,Medium,Low,Medium,Medium,High,High,Medium
2559895,Baby Jacks BBQ,38133,38133,47157,Memphis,TN,Shelby,RURAL,5,Comfort Dining Market,Beverage-led restaurant,higher-income trade area,health-oriented food concentration,High,Balanced Age Demand,High,Stable,High,Low,Low,High,Medium,High,Medium,Medium
1219890,Captain D's,38127,38127,47157,Memphis,TN,Shelby,RURAL,6,Youth Convenience Market,Seafood-focused restaurant,value-oriented trade area,wings and chicken-wing concentration,High,Young Demand High,Low,Declining,Medium,Medium,Medium,Medium,High,Medium,Low,High
2560389,China Wok,38671,38671,28033,Southaven,MS,DeSoto,RURAL,4,Healthy Lifestyle Market,Asian cuisine restaurant,mid-market trade area,beverage-led food concentration,High,Balanced Age Demand,Medium,Stable,High,Low,Low,High,Medium,Medium,High,High
912862,IHOP,38053,38053,47157,Millington,TN,Shelby,RURAL,4,Healthy Lifestyle Market,Fast-service restaurant,mid-market trade area,beverage-led food concentration,High,Young Demand High,Medium,Declining,High,Medium,Medium,Medium,Medium,Medium,High,Medium
1236118,Krystal,38053,38053,47157,Millington,TN,Shelby,RURAL,4,Healthy Lifestyle Market,Asian cuisine restaurant,mid-market trade area,beverage-led food concentration,High,Young Demand High,Medium,Declining,High,Medium,Medium,Medium,Medium,Medium,High,Medium
2168931,Marco's Pizza,38134,38134,47157,Memphis,TN,Shelby,RURAL,5,Comfort Dining Market,Wings-focused restaurant,mid-market trade area,health-oriented food concentration,High,Senior Demand High,Medium,Stable,High,Low,Low,High,Low,High,Medium,Medium
2562250,Ono Poke,38111,38111,47157,Memphis,TN,Shelby,SUBURBAN,5,Comfort Dining Market,Asian cuisine restaurant,mid-market trade area,health-oriented food concentration,High,Senior Demand High,Medium,Declining,High,Low,Low,High,Low,High,High,Medium
2563000,Sonic Drive-In,72335,72335,05123,Forrest City,AR,St. Francis,RURAL,0,Social Dining Market,Chicken-focused restaurant,value-oriented trade area,fast-service concentration,High,Senior Demand High,Low,Declining,Medium,High,Medium,Medium,High,Medium,Medium,High
302891,Wendy's,38016,38016,47157,Cordova,TN,Shelby,RURAL,5,Comfort Dining Market,Fast-service restaurant,higher-income trade area,health-oriented food concentration,High,Senior Demand High,High,Stable,High,Low,Low,High,Low,High,High,Medium
2562663,RAYFORDS ALL IN ONE HOT,38109,38109,47157,Memphis,TN,Shelby,RURAL,6,Youth Convenience Market,Wings-focused restaurant,value-oriented trade area,wings and chicken-wing concentration,High,Balanced Age Demand,Low,Stable,Low,Low,Medium,Medium,High,Low,Medium,High
2542210,TACONGANAS LLC,38103,38103,47157,Memphis,TN,Shelby,SUBURBAN,5,Comfort Dining Market,General restaurant,higher-income trade area,beverage-led food concentration,High,Senior Demand High,High,Stable,High,Low,Medium,High,Low,Medium,High,Low
2459256,OMG TAQUERIA LLC,38128,38128,47157,Memphis,TN,Shelby,RURAL,4,Healthy Lifestyle Market,General restaurant,value-oriented trade area,wings and chicken-wing concentration,High,Young Demand High,Low,Stable,Medium,Low,Medium,High,High,Medium,Medium,High
1719993,TACONGANAS CORDOVA,38018,38018,47157,Cordova,TN,Shelby,RURAL,5,Comfort Dining Market,Mexican cuisine restaurant,higher-income trade area,health-oriented food concentration,High,Senior Demand High,High,Growing,High,Low,Low,High,Medium,High,Medium,Medium
2533395,Bangkok Alley,38139,38139,47157,Germantown,TN,Shelby,RURAL,14,Social Dining Market,Asian cuisine restaurant,higher-income trade area,beverage-led food concentration,High,Young Demand High,High,Growing,Medium,High,Low,Medium,Low,Medium,High,Medium
1715765,"Andalusia, Authentic Moroccan Cuisine",38117,38117,47157,Memphis,TN,Shelby,SUBURBAN,5,Comfort Dining Market,Health-oriented restaurant,higher-income trade area,beverage-led food concentration,High,Senior Demand High,High,Stable,High,Medium,Low,High,Low,High,High,Low
1214858,Arby's,38654,38654,28033,Olive Branch,MS,DeSoto,RURAL,5,Comfort Dining Market,Chicken-focused restaurant,higher-income trade area,beverage-led food concentration,High,Balanced Age Demand,High,Growing,High,Low,Low,High,Medium,Medium,High,Medium
2249935,Baskin-Robbins,38671,38671,28033,Southaven,MS,DeSoto,RURAL,4,Healthy Lifestyle Market,Fast-service restaurant,mid-market trade area,beverage-led food concentration,High,Balanced Age Demand,Medium,Stable,High,Low,Low,High,Medium,Medium,High,High
1221158,The Chicken Coop,38115,38115,47157,Memphis,TN,Shelby,SUBURBAN,4,Healthy Lifestyle Market,Wings-focused restaurant,value-oriented trade area,wings and chicken-wing concentration,High,Senior Demand High,Low,Declining,High,Low,Medium,High,Medium,Medium,Low,High
1630020,Delta Q,72335,72335,05123,Forrest City,AR,St. Francis,RURAL,0,Social Dining Market,Health-oriented restaurant,value-oriented trade area,fast-service concentration,High,Senior Demand High,Low,Declining,Medium,High,Medium,Medium,High,Medium,Medium,High
2258468,Domino's Pizza,38002,38002,47157,Arlington,TN,Shelby,RURAL,13,Healthy Lifestyle Market,Wings-focused restaurant,higher-income trade area,health-oriented food concentration,High,Young Demand High,High,Growing,Medium,Low,Low,High,Medium,High,High,Medium
2565346,Hernando Donuts,38632,38632,28033,Hernando,MS,DeSoto,RURAL,1,Social Dining Market,Beverage-led restaurant,higher-income trade area,beverage-led food concentration,High,Balanced Age Demand,High,Growing,Medium,Medium,Medium,Medium,Medium,Medium,High,High
1235921,Krispy Kreme,38116,38116,47157,Memphis,TN,Shelby,RURAL,4,Healthy Lifestyle Market,Beverage-led restaurant,value-oriented trade area,wings and chicken-wing concentration,High,Young Demand High,Low,Stable,High,Low,Low,High,High,Medium,Medium,High
2569837,Krystal,38134,38134,47157,Memphis,TN,Shelby,RURAL,5,Comfort Dining Market,Fast-service restaurant,mid-market trade area,health-oriented food concentration,High,Senior Demand High,Medium,Stable,High,Low,Low,High,Low,High,Medium,Medium
1236112,Krystal,38128,38128,47157,Memphis,TN,Shelby,RURAL,4,Healthy Lifestyle Market,Fast-service restaurant,value-oriented trade area,wings and chicken-wing concentration,High,Young Demand High,Low,Stable,Medium,Low,Medium,High,High,Medium,Medium,High
2507147,La Casa Del Chapin Mexican Restaurant,38118,38118,47157,Memphis,TN,Shelby,RURAL,4,Healthy Lifestyle Market,Mexican cuisine restaurant,value-oriented trade area,wings and chicken-wing concentration,High,Young Demand High,Low,Stable,Medium,Low,Medium,High,High,Medium,Medium,High
2565955,Margarita's,38019,38019,47167,Covington,TN,Tipton,RURAL,4,Healthy Lifestyle Market,Mexican cuisine restaurant,mid-market trade area,beverage-led food concentration,Medium,Balanced Age Demand,Medium,Stable,Medium,Medium,Medium,Medium,Medium,Low,Medium,Medium
2275747,McDonald's,38116,38116,47157,Memphis,TN,Shelby,RURAL,4,Healthy Lifestyle Market,Beverage-led restaurant,value-oriented trade area,wings and chicken-wing concentration,High,Young Demand High,Low,Stable,High,Low,Low,High,High,Medium,Medium,High
2006021,Red Pier Cajun Seafood & Bar,38119,38119,47157,Memphis,TN,Shelby,SUBURBAN,5,Comfort Dining Market,Seafood-focused restaurant,higher-income trade area,beverage-led food concentration,High,Senior Demand High,High,Stable,High,Medium,Low,High,Low,Medium,High,Low
2570950,Rocky's Italian Ristorante &amp; Pizzeria,38654,38654,28033,Olive Branch,MS,DeSoto,RURAL,5,Comfort Dining Market,General restaurant,higher-income trade area,beverage-led food concentration,High,Balanced Age Demand,High,Growing,High,Low,Low,High,Medium,Medium,High,Medium
2571012,Sake Vs Tekila,38053,38053,47157,Millington,TN,Shelby,RURAL,4,Healthy Lifestyle Market,Asian cuisine restaurant,mid-market trade area,beverage-led food concentration,High,Young Demand High,Medium,Declining,High,Medium,Medium,Medium,Medium,Medium,High,Medium
763978,Slim Chickens,38672,38672,28033,Southaven,MS,DeSoto,RURAL,13,Healthy Lifestyle Market,Wings-focused restaurant,higher-income trade area,health-oriented food concentration,High,Young Demand High,High,Growing,High,Medium,Low,Medium,Medium,High,High,Medium
1078897,Starbucks,38138,38138,47157,Germantown,TN,Shelby,RURAL,14,Social Dining Market,Beverage-led restaurant,higher-income trade area,health-oriented food concentration,High,Young Demand High,High,Stable,High,Low,Medium,High,Low,High,High,Low
1554918,Taco Bell,72335,72335,05123,Forrest City,AR,St. Francis,RURAL,0,Social Dining Market,Mexican cuisine restaurant,value-oriented trade area,fast-service concentration,High,Senior Demand High,Low,Declining,Medium,High,Medium,Medium,High,Medium,Medium,High
2437813,The Taste of Breakfast and Burgers,38108,38108,47157,Memphis,TN,Shelby,RURAL,6,Youth Convenience Market,Wings-focused restaurant,value-oriented trade area,wings and chicken-wing concentration,High,Young Demand High,Low,Stable,Low,Medium,High,Low,Medium,Medium,Medium,High
2528863,LITTLE JAMAICA,38133,38133,47157,Memphis,TN,Shelby,RURAL,5,Comfort Dining Market,General restaurant,higher-income trade area,health-oriented food concentration,High,Balanced Age Demand,High,Stable,High,Low,Low,High,Medium,High,Medium,Medium
1219881,Captain D's,38106,38106,47157,Memphis,TN,Shelby,RURAL,6,Youth Convenience Market,Seafood-focused restaurant,value-oriented trade area,wings and chicken-wing concentration,High,Young Demand High,Low,Declining,Medium,Medium,Medium,Low,High,Low,Low,High
699605,Chicken Salad Chick,38117,38117,47157,Memphis,TN,Shelby,SUBURBAN,5,Comfort Dining Market,Chicken-focused restaurant,higher-income trade area,beverage-led food concentration,High,Senior Demand High,High,Stable,High,Medium,Low,High,Low,High,High,Low
2572934,Dana's Pizza,38654,38654,28033,Olive Branch,MS,DeSoto,RURAL,5,Comfort Dining Market,General restaurant,higher-income trade area,beverage-led food concentration,High,Balanced Age Demand,High,Growing,High,Low,Low,High,Medium,Medium,High,Medium
1955380,Domino's Pizza,38111,38111,47157,Memphis,TN,Shelby,SUBURBAN,5,Comfort Dining Market,Wings-focused restaurant,mid-market trade area,health-oriented food concentration,High,Senior Demand High,Medium,Declining,High,Low,Low,High,Low,High,High,Medium
2573166,El Pollo Latina,38122,38122,47157,Memphis,TN,Shelby,SUBURBAN,4,Healthy Lifestyle Market,Mexican cuisine restaurant,value-oriented trade area,health-oriented food concentration,High,Young Demand High,Low,Declining,High,Medium,Low,High,Low,High,Medium,Medium
1750974,El Toro Loco,38112,38112,47157,Memphis,TN,Shelby,SUBURBAN,4,Healthy Lifestyle Market,Mexican cuisine restaurant,mid-market trade area,wings and chicken-wing concentration,Medium,Balanced Age Demand,Medium,Stable,High,Medium,Medium,High,Low,Medium,Medium,Medium
2569786,KFC,38016,38016,47157,Cordova,TN,Shelby,RURAL,5,Comfort Dining Market,Wings-focused restaurant,higher-income trade area,health-oriented food concentration,High,Senior Demand High,High,Stable,High,Low,Low,High,Low,High,High,Medium
2176359,Marco's Pizza,38017,38017,47157,Collierville,TN,Shelby,RURAL,13,Healthy Lifestyle Market,Wings-focused restaurant,higher-income trade area,health-oriented food concentration,High,Young Demand High,High,Growing,Medium,Low,Low,High,Medium,High,Medium,Low
1025091,McDonald's,38133,38133,47157,Memphis,TN,Shelby,RURAL,5,Comfort Dining Market,Beverage-led restaurant,higher-income trade area,health-oriented food concentration,High,Balanced Age Demand,High,Stable,High,Low,Low,High,Medium,High,Medium,Medium
13152,McDonald's,38118,38118,47157,Memphis,TN,Shelby,RURAL,4,Healthy Lifestyle Market,Beverage-led restaurant,value-oriented trade area,wings and chicken-wing concentration,High,Young Demand High,Low,Stable,Medium,Low,Medium,High,High,Medium,Medium,High
2570268,Milano's Pizza,38017,38017,47157,Collierville,TN,Shelby,RURAL,13,Healthy Lifestyle Market,Health-oriented restaurant,higher-income trade area,health-oriented food concentration,High,Young Demand High,High,Growing,Medium,Low,Low,High,Medium,High,Medium,Low
2400052,Newk's Eatery,38672,38672,28033,Southaven,MS,DeSoto,RURAL,13,Healthy Lifestyle Market,Health-oriented restaurant,higher-income trade area,health-oriented food concentration,High,Young Demand High,High,Growing,High,Medium,Low,Medium,Medium,High,High,Medium
2570780,Popeyes Louisiana Kitchen,38134,38134,47157,Memphis,TN,Shelby,RURAL,5,Comfort Dining Market,Wings-focused restaurant,mid-market trade area,health-oriented food concentration,High,Senior Demand High,Medium,Stable,High,Low,Low,High,Low,High,Medium,Medium
2209827,Sai Biryani point,38125,38125,47157,Memphis,TN,Shelby,RURAL,5,Comfort Dining Market,Asian cuisine restaurant,higher-income trade area,fast-service concentration,Medium,Balanced Age Demand,High,Growing,Medium,Low,Low,High,Medium,Medium,Medium,Medium
813214,Starbucks,38134,38134,47157,Memphis,TN,Shelby,RURAL,5,Comfort Dining Market,Beverage-led restaurant,mid-market trade area,health-oriented food concentration,High,Senior Demand High,Medium,Stable,High,Low,Low,High,Low,High,Medium,Medium
2575573,The Burger Shop,38632,38632,28033,Hernando,MS,DeSoto,RURAL,1,Social Dining Market,Fast-service restaurant,higher-income trade area,beverage-led food concentration,High,Balanced Age Demand,High,Growing,Medium,Medium,Medium,Medium,Medium,Medium,High,High
1427327,Wingstop,38654,38654,28033,Olive Branch,MS,DeSoto,RURAL,5,Comfort Dining Market,Wings-focused restaurant,higher-income trade area,beverage-led food concentration,High,Balanced Age Demand,High,Growing,High,Low,Low,High,Medium,Medium,High,Medium
1702041,TACONGANAS PERKINS,38118,38118,47157,Memphis,TN,Shelby,RURAL,4,Healthy Lifestyle Market,Mexican cuisine restaurant,value-oriented trade area,wings and chicken-wing concentration,High,Young Demand High,Low,Stable,Medium,Low,Medium,High,High,Medium,Medium,High
2550788,SOB Downtown,38103,38103,47157,Memphis,TN,Shelby,SUBURBAN,5,Comfort Dining Market,Beverage-led restaurant,higher-income trade area,beverage-led food concentration,High,Senior Demand High,High,Stable,High,Low,Medium,High,Low,Medium,High,Low
1265488,Ani Joe's food truck,38128,38128,47157,Memphis,TN,Shelby,RURAL,4,Healthy Lifestyle Market,Wings-focused restaurant,value-oriented trade area,wings and chicken-wing concentration,High,Young Demand High,Low,Stable,Medium,Low,Medium,High,High,Medium,Medium,High
2572320,Baskin-Robbins,38138,38138,47157,Germantown,TN,Shelby,RURAL,14,Social Dining Market,Fast-service restaurant,higher-income trade area,health-oriented food concentration,High,Young Demand High,High,Stable,High,Low,Medium,High,Low,High,High,Low
2572623,Casa Mexicana,38133,38133,47157,Memphis,TN,Shelby,RURAL,5,Comfort Dining Market,Mexican cuisine restaurant,higher-income trade area,health-oriented food concentration,High,Balanced Age Demand,High,Stable,High,Low,Low,High,Medium,High,Medium,Medium
2105726,Dragon Concourse,38671,38671,28033,Southaven,MS,DeSoto,RURAL,4,Healthy Lifestyle Market,Asian cuisine restaurant,mid-market trade area,beverage-led food concentration,High,Balanced Age Demand,Medium,Stable,High,Low,Low,High,Medium,Medium,High,High
2573152,El Mezcal,38018,38018,47157,Cordova,TN,Shelby,RURAL,5,Comfort Dining Market,Mexican cuisine restaurant,higher-income trade area,health-oriented food concentration,High,Senior Demand High,High,Growing,High,Low,Low,High,Medium,High,Medium,Medium
2577189,El Porton Mexican Bar & Grill,38017,38017,47157,Collierville,TN,Shelby,RURAL,13,Healthy Lifestyle Market,Mexican cuisine restaurant,higher-income trade area,health-oriented food concentration,High,Young Demand High,High,Growing,Medium,Low,Low,High,Medium,High,Medium,Low
2282378,Krystal,38115,38115,47157,Memphis,TN,Shelby,SUBURBAN,4,Healthy Lifestyle Market,Fast-service restaurant,value-oriented trade area,wings and chicken-wing concentration,High,Senior Demand High,Low,Declining,High,Low,Medium,High,Medium,Medium,Low,High
2252746,Little Caesars,38002,38002,47157,Arlington,TN,Shelby,RURAL,13,Healthy Lifestyle Market,Wings-focused restaurant,higher-income trade area,health-oriented food concentration,High,Young Demand High,High,Growing,Medium,Low,Low,High,Medium,High,High,Medium
763929,Marcos Pizza,38672,38672,28033,Southaven,MS,DeSoto,RURAL,13,Healthy Lifestyle Market,Wings-focused restaurant,higher-income trade area,health-oriented food concentration,High,Young Demand High,High,Growing,High,Medium,Low,Medium,Medium,High,High,Medium
2578201,Margaritas,38053,38053,47157,Millington,TN,Shelby,RURAL,4,Healthy Lifestyle Market,Mexican cuisine restaurant,mid-market trade area,beverage-led food concentration,High,Young Demand High,Medium,Declining,High,Medium,Medium,Medium,Medium,Medium,High,Medium
2290134,McAlister's Deli,38671,38671,28033,Southaven,MS,DeSoto,RURAL,4,Healthy Lifestyle Market,Health-oriented restaurant,mid-market trade area,beverage-led food concentration,High,Balanced Age Demand,Medium,Stable,High,Low,Low,High,Medium,Medium,High,High
303739,McDonald's,38109,38109,47157,Memphis,TN,Shelby,RURAL,6,Youth Convenience Market,Beverage-led restaurant,value-oriented trade area,wings and chicken-wing concentration,High,Balanced Age Demand,Low,Stable,Low,Low,Medium,Medium,High,Low,Medium,High
1277648,Pizza Hut,38637,38637,28033,Horn Lake,MS,DeSoto,RURAL,4,Healthy Lifestyle Market,Wings-focused restaurant,mid-market trade area,wings and chicken-wing concentration,High,Balanced Age Demand,Medium,Stable,High,Medium,Low,High,Medium,High,Medium,High
1448545,Taco Bell,38053,38053,47157,Millington,TN,Shelby,RURAL,4,Healthy Lifestyle Market,Mexican cuisine restaurant,mid-market trade area,beverage-led food concentration,High,Young Demand High,Medium,Declining,High,Medium,Medium,Medium,Medium,Medium,High,Medium
2575727,Toyko Grill,38128,38128,47157,Memphis,TN,Shelby,RURAL,4,Healthy Lifestyle Market,Asian cuisine restaurant,value-oriented trade area,wings and chicken-wing concentration,High,Young Demand High,Low,Stable,Medium,Low,Medium,High,High,Medium,Medium,High
2575728,Tokyo Grill,38122,38122,47157,Memphis,TN,Shelby,SUBURBAN,4,Healthy Lifestyle Market,Asian cuisine restaurant,value-oriented trade area,health-oriented food concentration,High,Young Demand High,Low,Declining,High,Medium,Low,High,Low,High,Medium,Medium
2575933,WILLIE MAE'S Southern Soul Cooking,38115,38115,47157,Memphis,TN,Shelby,SUBURBAN,4,Healthy Lifestyle Market,Fast-service restaurant,value-oriented trade area,wings and chicken-wing concentration,High,Senior Demand High,Low,Declining,High,Low,Medium,High,Medium,Medium,Low,High
1284094,Wingstop,38016,38016,47157,Cordova,TN,Shelby,RURAL,5,Comfort Dining Market,Wings-focused restaurant,higher-income trade area,health-oriented food concentration,High,Senior Demand High,High,Stable,High,Low,Low,High,Low,High,High,Medium
2540545,TACONGANAS SUMMER,38122,38122,47157,Memphis,TN,Shelby,SUBURBAN,4,Healthy Lifestyle Market,Mexican cuisine restaurant,value-oriented trade area,health-oriented food concentration,High,Young Demand High,Low,Declining,High,Medium,Low,High,Low,High,Medium,Medium
1506984,Domino's Pizza,38017,38017,47157,Collierville,TN,Shelby,RURAL,13,Healthy Lifestyle Market,Wings-focused restaurant,higher-income trade area,health-oriented food concentration,High,Young Demand High,High,Growing,Medium,Low,Low,High,Medium,High,Medium,Low
1095618,EL Idolo,38134,38134,47157,Memphis,TN,Shelby,RURAL,5,Comfort Dining Market,Mexican cuisine restaurant,mid-market trade area,health-oriented food concentration,High,Senior Demand High,Medium,Stable,High,Low,Low,High,Low,High,Medium,Medium
2577178,El Nopalito,38635,38635,28093,Holly Springs,MS,Marshall,RURAL,12,Healthy Lifestyle Market,Mexican cuisine restaurant,mid-market trade area,health-oriented food concentration,High,Senior Demand High,Medium,Stable,Low,High,Low,High,High,High,Medium,High
699852,Krystal,38111,38111,47157,Memphis,TN,Shelby,SUBURBAN,5,Comfort Dining Market,Fast-service restaurant,mid-market trade area,health-oriented food concentration,High,Senior Demand High,Medium,Declining,High,Low,Low,High,Low,High,High,Medium
12864,McDonald's,38119,38119,47157,Memphis,TN,Shelby,SUBURBAN,5,Comfort Dining Market,Beverage-led restaurant,higher-income trade area,beverage-led food concentration,High,Senior Demand High,High,Stable,High,Medium,Low,High,Low,Medium,High,Low
2578328,Mis Pueblos Mexican Restaurant,38654,38654,28033,Olive Branch,MS,DeSoto,RURAL,5,Comfort Dining Market,Mexican cuisine restaurant,higher-income trade area,beverage-led food concentration,High,Balanced Age Demand,High,Growing,High,Low,Low,High,Medium,Medium,High,Medium
1365000,Sakura Japanese Restaurant,38138,38138,47157,Germantown,TN,Shelby,RURAL,14,Social Dining Market,Asian cuisine restaurant,higher-income trade area,health-oriented food concentration,High,Young Demand High,High,Stable,High,Low,Medium,High,Low,High,High,Low
2534577,Habana Club Bar And Grill,38134,38134,47157,Memphis,TN,Shelby,RURAL,5,Comfort Dining Market,Beverage-led restaurant,mid-market trade area,health-oriented food concentration,High,Senior Demand High,Medium,Stable,High,Low,Low,High,Low,High,Medium,Medium
1642477,Hooters,38637,38637,28033,Horn Lake,MS,DeSoto,RURAL,4,Healthy Lifestyle Market,Wings-focused restaurant,mid-market trade area,wings and chicken-wing concentration,High,Balanced Age Demand,Medium,Stable,High,Medium,Low,High,Medium,High,Medium,High
1732144,JD Sports,38671,38671,28033,Southaven,MS,DeSoto,RURAL,4,Healthy Lifestyle Market,General restaurant,mid-market trade area,beverage-led food concentration,High,Balanced Age Demand,Medium,Stable,High,Low,Low,High,Medium,Medium,High,High
2539528,New Lin's Garden,38104,38104,47157,Memphis,TN,Shelby,SUBURBAN,5,Comfort Dining Market,Wings-focused restaurant,mid-market trade area,beverage-led food concentration,High,Senior Demand High,Medium,Stable,High,Low,Low,High,Medium,High,High,Medium
1126820,Nothing Bundt Cakes,38117,38117,47157,Memphis,TN,Shelby,SUBURBAN,5,Comfort Dining Market,General restaurant,higher-income trade area,beverage-led food concentration,High,Senior Demand High,High,Stable,High,Medium,Low,High,Low,High,High,Low
1702119,Taziki's Mediterranean Cafe,38138,38138,47157,Germantown,TN,Shelby,RURAL,14,Social Dining Market,Health-oriented restaurant,higher-income trade area,health-oriented food concentration,High,Young Demand High,High,Stable,High,Low,Medium,High,Low,High,High,Low
2234117,The Wing Guru,38115,38115,47157,Memphis,TN,Shelby,SUBURBAN,4,Healthy Lifestyle Market,Wings-focused restaurant,value-oriented trade area,wings and chicken-wing concentration,High,Senior Demand High,Low,Declining,High,Low,Medium,High,Medium,Medium,Low,High
1742161,Yum Yum's,38671,38671,28033,Southaven,MS,DeSoto,RURAL,4,Healthy Lifestyle Market,General restaurant,mid-market trade area,beverage-led food concentration,High,Balanced Age Demand,Medium,Stable,High,Low,Low,High,Medium,Medium,High,High
2561174,GW Gyro & Wings,38133,38133,47157,Memphis,TN,Shelby,RURAL,5,Comfort Dining Market,Wings-focused restaurant,higher-income trade area,health-oriented food concentration,High,Balanced Age Demand,High,Stable,High,Low,Low,High,Medium,High,Medium,Medium
2541250,Baskin-Robbins KOSHER,38018,38018,47157,Cordova,TN,Shelby,RURAL,5,Comfort Dining Market,Fast-service restaurant,higher-income trade area,health-oriented food concentration,High,Senior Demand High,High,Growing,High,Low,Low,High,Medium,High,Medium,Medium
2538116,Don Don's Hotwings,38128,38128,47157,Memphis,TN,Shelby,RURAL,4,Healthy Lifestyle Market,Wings-focused restaurant,value-oriented trade area,wings and chicken-wing concentration,High,Young Demand High,Low,Stable,Medium,Low,Medium,High,High,Medium,Medium,High
2538825,JUICED what you needed,38103,38103,47157,Memphis,TN,Shelby,SUBURBAN,5,Comfort Dining Market,Health-oriented restaurant,higher-income trade area,beverage-led food concentration,High,Senior Demand High,High,Stable,High,Low,Medium,High,Low,Medium,High,Low
2541049,West Coast Burrito,38637,38637,28033,Horn Lake,MS,DeSoto,RURAL,4,Healthy Lifestyle Market,Mexican cuisine restaurant,mid-market trade area,wings and chicken-wing concentration,High,Balanced Age Demand,Medium,Stable,High,Medium,Low,High,Medium,High,Medium,High
1669388,Firebirds Wood Fired Grill,38672,38672,28033,Southaven,MS,DeSoto,RURAL,13,Healthy Lifestyle Market,Seafood-focused restaurant,higher-income trade area,health-oriented food concentration,High,Young Demand High,High,Growing,High,Medium,Low,Medium,Medium,High,High,Medium
1099575,Happy Mexican,38016,38016,47157,Cordova,TN,Shelby,RURAL,5,Comfort Dining Market,Mexican cuisine restaurant,higher-income trade area,health-oriented food concentration,High,Senior Demand High,High,Stable,High,Low,Low,High,Low,High,High,Medium
1057184,Marion Donut,72364,72364,05035,Marion,AR,Crittenden,RURAL,13,Healthy Lifestyle Market,Beverage-led restaurant,higher-income trade area,health-oriented food concentration,Medium,Young Demand High,High,Stable,Medium,Medium,High,Medium,Medium,Medium,Medium,Medium
2549940,Milano's Pizza,38654,38654,28033,Olive Branch,MS,DeSoto,RURAL,5,Comfort Dining Market,Beverage-led restaurant,higher-income trade area,beverage-led food concentration,High,Balanced Age Demand,High,Growing,High,Low,Low,High,Medium,Medium,High,Medium
2550480,Raising Cane's Chicken Fingers,38671,38671,28033,Southaven,MS,DeSoto,RURAL,4,Healthy Lifestyle Market,Wings-focused restaurant,mid-market trade area,beverage-led food concentration,High,Balanced Age Demand,Medium,Stable,High,Low,Low,High,Medium,Medium,High,High
2376873,Taco Bell,38134,38134,47157,Memphis,TN,Shelby,RURAL,5,Comfort Dining Market,Mexican cuisine restaurant,mid-market trade area,health-oriented food concentration,High,Senior Demand High,Medium,Stable,High,Low,Low,High,Low,High,Medium,Medium
2566687,Red Robin,38017,38017,47157,Collierville,TN,Shelby,RURAL,13,Healthy Lifestyle Market,Chicken-focused restaurant,higher-income trade area,health-oriented food concentration,High,Young Demand High,High,Growing,Medium,Low,Low,High,Medium,High,Medium,Low
420149,Tops Bar-B-Q,38127,38127,47157,Memphis,TN,Shelby,RURAL,6,Youth Convenience Market,Beverage-led restaurant,value-oriented trade area,wings and chicken-wing concentration,High,Young Demand High,Low,Declining,Medium,Medium,Medium,Medium,High,Medium,Low,High
1674038,West Coast Burrito,38671,38671,28033,Southaven,MS,DeSoto,RURAL,4,Healthy Lifestyle Market,Mexican cuisine restaurant,mid-market trade area,beverage-led food concentration,High,Balanced Age Demand,Medium,Stable,High,Low,Low,High,Medium,Medium,High,High
2557693,Lost Pizza Co,38672,38672,28033,Southaven,MS,DeSoto,RURAL,13,Healthy Lifestyle Market,General restaurant,higher-income trade area,health-oriented food concentration,High,Young Demand High,High,Growing,High,Medium,Low,Medium,Medium,High,High,Medium
2557714,Lucky Chow,38127,38127,47157,Memphis,TN,Shelby,RURAL,6,Youth Convenience Market,Seafood-focused restaurant,value-oriented trade area,wings and chicken-wing concentration,High,Young Demand High,Low,Declining,Medium,Medium,Medium,Medium,High,Medium,Low,High
2558658,Saito Japanese Steak,38002,38002,47157,Arlington,TN,Shelby,RURAL,13,Healthy Lifestyle Market,Asian cuisine restaurant,higher-income trade area,health-oriented food concentration,High,Young Demand High,High,Growing,Medium,Low,Low,High,Medium,High,High,Medium
1027868,Le Delights,38018,38018,47157,Cordova,TN,Shelby,RURAL,5,Comfort Dining Market,Asian cuisine restaurant,higher-income trade area,health-oriented food concentration,High,Senior Demand High,High,Growing,High,Low,Low,High,Medium,High,Medium,Medium
2564529,Chipotle Mexican Grill,38002,38002,47157,Arlington,TN,Shelby,RURAL,13,Healthy Lifestyle Market,Mexican cuisine restaurant,higher-income trade area,health-oriented food concentration,High,Young Demand High,High,Growing,Medium,Low,Low,High,Medium,High,High,Medium
1796806,Coletta's,38133,38133,47157,Memphis,TN,Shelby,RURAL,5,Comfort Dining Market,General restaurant,higher-income trade area,health-oriented food concentration,High,Balanced Age Demand,High,Stable,High,Low,Low,High,Medium,High,Medium,Medium
2580475,Pardon My Cheesesteak,38016,38016,47157,Cordova,TN,Shelby,RURAL,5,Comfort Dining Market,Fast-service restaurant,higher-income trade area,health-oriented food concentration,High,Senior Demand High,High,Stable,High,Low,Low,High,Low,High,High,Medium
814814,Taco Bell,38637,38637,28033,Horn Lake,MS,DeSoto,RURAL,4,Healthy Lifestyle Market,Mexican cuisine restaurant,mid-market trade area,wings and chicken-wing concentration,High,Balanced Age Demand,Medium,Stable,High,Medium,Low,High,Medium,High,Medium,High
2542656,Seafood Junction Too,38611,38611,28093,Byhalia,MS,Marshall,RURAL,13,Healthy Lifestyle Market,Seafood-focused restaurant,mid-market trade area,health-oriented food concentration,High,Balanced Age Demand,Medium,Growing,Low,Medium,Medium,Medium,Medium,High,Medium,Medium
2573245,Firehouse Subs,38053,38053,47157,Millington,TN,Shelby,RURAL,4,Healthy Lifestyle Market,Fast-service restaurant,mid-market trade area,beverage-led food concentration,High,Young Demand High,Medium,Declining,High,Medium,Medium,Medium,Medium,Medium,High,Medium
2570137,Margaritas Mexican Restaurant,38060,38060,47047,Oakland,TN,Fayette,RURAL,5,Comfort Dining Market,Mexican cuisine restaurant,higher-income trade area,wings and chicken-wing concentration,High,Senior Demand High,High,Growing,High,Medium,Low,Medium,Low,Medium,Medium,High
1082810,Ms D's Wings Restaurant,38128,38128,47157,Memphis,TN,Shelby,RURAL,4,Healthy Lifestyle Market,Wings-focused restaurant,value-oriented trade area,wings and chicken-wing concentration,High,Young Demand High,Low,Stable,Medium,Low,Medium,High,High,Medium,Medium,High
1243020,One & Only BBQ,38018,38018,47157,Cordova,TN,Shelby,RURAL,5,Comfort Dining Market,Wings-focused restaurant,higher-income trade area,health-oriented food concentration,High,Senior Demand High,High,Growing,High,Low,Low,High,Medium,High,Medium,Medium
2571047,Santa Ana Mexican Bar &amp; Grill,38134,38134,47157,Memphis,TN,Shelby,RURAL,5,Comfort Dining Market,Mexican cuisine restaurant,mid-market trade area,health-oriented food concentration,High,Senior Demand High,Medium,Stable,High,Low,Low,High,Low,High,Medium,Medium
987401,Tops Bar-B-Q,38134,38134,47157,Memphis,TN,Shelby,RURAL,5,Comfort Dining Market,Beverage-led restaurant,mid-market trade area,health-oriented food concentration,High,Senior Demand High,Medium,Stable,High,Low,Low,High,Low,High,Medium,Medium
2536432,Sunrise,38105,38105,47157,Memphis,TN,Shelby,SUBURBAN,0,Social Dining Market,Beverage-led restaurant,value-oriented trade area,health-oriented food concentration,High,Senior Demand High,Low,Declining,High,High,Medium,Medium,High,High,High,High
2576175,Anytime Breakfast Sandwiches,38108,38108,47157,Memphis,TN,Shelby,RURAL,6,Youth Convenience Market,Fast-service restaurant,value-oriented trade area,wings and chicken-wing concentration,High,Young Demand High,Low,Stable,Low,Medium,High,Low,Medium,Medium,Medium,High
2574021,Little Petals,38117,38117,47157,Memphis,TN,Shelby,SUBURBAN,5,Comfort Dining Market,Asian cuisine restaurant,higher-income trade area,beverage-led food concentration,High,Senior Demand High,High,Stable,High,Medium,Low,High,Low,High,High,Low
2574158,Margarita's Mexican Restaurant,38017,38017,47157,Collierville,TN,Shelby,RURAL,13,Healthy Lifestyle Market,Mexican cuisine restaurant,higher-income trade area,health-oriented food concentration,High,Young Demand High,High,Growing,Medium,Low,Low,High,Medium,High,Medium,Low
2579217,Sonic,38019,38019,47167,Covington,TN,Tipton,RURAL,4,Healthy Lifestyle Market,Chicken-focused restaurant,mid-market trade area,beverage-led food concentration,Medium,Balanced Age Demand,Medium,Stable,Medium,Medium,Medium,Medium,Medium,Low,Medium,Medium
539598,The Wine Cellar,38103,38103,47157,Memphis,TN,Shelby,SUBURBAN,5,Comfort Dining Market,General restaurant,higher-income trade area,beverage-led food concentration,High,Senior Demand High,High,Stable,High,Low,Medium,High,Low,Medium,High,Low
2578813,Popeyes,38134,38134,47157,Memphis,TN,Shelby,RURAL,5,Comfort Dining Market,Wings-focused restaurant,mid-market trade area,health-oriented food concentration,High,Senior Demand High,Medium,Stable,High,Low,Low,High,Low,High,Medium,Medium
